2 1 3 0 2 3 1 3 1 2 0 0 0 3 3 0 0 1 2 3 3 3 2 2 1 1 2 1 2 1 2 3 3 0 0 0 0.5478479701 0
2 1 0 1 2 3 1 1 3 0 3 3 0 0 3 2 0 3 3 1 0 3 2 2 0 3 0 2 1 2 0 1 2 0 0 3 0.3193901603 0
2 0 2 3 1 0 1 3 3 2 1 0 1 2 0 0 2 2 3 0 2 2 3 0 2 2 1 1 3 0 1 0 0 0 0 3 0.388756727 0
2 0 2 2 3 2 2 1 3 2 0 3 3 0 3 2 1 1 2 0 2 1 0 0 1 3 3 2 1 0 1 1 1 0 0 0 0.3087365277 0
2 0 1 3 3 2 0 1 0 1 2 0 1 2 1 3 0 2 0 2 0 1 0 1 0 2 1 2 1 3 1 0 3 2 1 0 0.3572822687 0
3 3 1 3 1 2 2 3 3 0 1 2 3 2 3 1 0 1 3 3 2 1 0 1 2 3 1 3 1 0 0 1 2 0 0 0 0.3102148911 0
3 3 1 0 3 3 2 0 0 3 1 2 3 0 0 3 0 0 3 1 0 3 1 2 1 1 2 0 1 0 1 0 1 3 0 1 0.3665354679 0
2 1 2 1 3 1 1 1 0 0 3 1 2 3 1 3 0 2 3 1 1 0 3 3 0 3 0 0 1 1 3 3 2 2 1 1 0.3117179653 0
0 3 0 0 1 3 0 3 1 3 1 0 3 1 0 3 3 2 0 3 2 2 3 3 2 1 0 3 0 0 2 3 2 3 0 2 0.3273351788 0
1 1 1 3 1 1 0 3 0 0 2 0 1 1 1 1 0 3 3 0 3 0 2 3 0 3 3 3 1 2 0 0 0 0 2 0 0.3273970509 0
3 0 2 2 1 2 3 2 1 0 1 0 3 3 0 2 1 1 2 3 0 3 1 3 1 0 3 2 1 0 2 0 1 2 3 3 0.282163914 0
1 2 0 0 0 1 3 3 2 3 2 0 3 2 1 2 0 2 2 0 2 2 0 1 1 2 0 3 2 3 2 2 2 2 0 3 0.4472135955 0
0 2 1 3 1 1 0 0 2 3 2 3 0 2 1 1 2 3 1 1 2 1 0 0 3 1 0 1 2 2 3 2 3 2 1 1 0.3326052574 0
3 0 3 2 0 0 0 0 1 2 1 1 0 1 2 3 3 0 3 1 2 0 0 0 0 0 0 0 2 2 0 3 3 1 1 3 0.3069422669 0
1 2 1 1 3 1 1 3 2 2 2 3 2 0 0 1 3 2 0 0 2 1 1 0 0 2 1 0 1 2 0 3 1 3 1 2 0.2832488209 0
0 1 3 1 0 1 3 2 2 1 3 2 1 1 2 2 2 0 3 3 2 1 2 1 2 1 3 1 2 1 1 2 2 0 1 3 0.4574775524 0
0 2 0 1 2 2 1 0 3 2 2 3 2 2 1 3 2 2 3 1 2 1 3 1 0 0 2 3 1 1 2 0 1 2 1 3 0.2898979486 0
1 2 0 1 2 1 2 3 2 0 1 2 0 3 0 2 2 2 0 3 3 3 3 2 1 1 0 1 1 0 0 1 3 3 0 1 0.363892531 0
0 3 0 2 1 0 3 0 1 3 0 2 1 0 3 1 2 1 2 2 2 2 1 3 3 1 0 2 2 1 1 2 0 0 1 3 0.3921195512 0
3 2 0 2 0 1 0 0 3 0 1 3 0 2 0 2 3 2 3 1 3 1 1 2 2 3 0 1 1 0 1 1 2 1 1 2 0.2898979486 0
2 3 1 1 0 0 3 1 0 0 0 0 3 0 1 1 0 2 3 2 3 2 2 1 1 3 3 3 2 0 1 3 3 2 2 1 0.5927255389 0
3 0 0 3 1 1 3 1 0 2 2 2 3 3 0 0 2 3 1 0 0 0 2 2 3 1 2 3 2 2 0 2 0 3 0 0 0.3804245211 0
3 0 3 1 1 3 3 1 1 3 3 1 2 1 0 1 1 2 2 1 2 3 3 0 2 3 0 3 3 2 3 3 0 3 3 0 0.2947604453 0
3 0 3 1 0 2 0 2 0 2 1 2 1 1 2 1 2 3 2 2 2 1 2 2 2 1 0 0 3 2 3 3 0 0 2 0 0.2735033719 0
2 3 1 2 2 2 2 0 0 0 1 1 2 0 1 0 0 1 3 2 3 1 2 3 3 3 2 1 3 0 1 2 0 1 3 2 0.282163914 0
2 1 1 3 1 3 3 1 3 1 0 0 1 0 0 2 2 2 0 3 0 1 2 2 0 3 1 1 2 2 1 1 2 1 1 0 0.3010544585 0
3 2 3 0 1 2 3 2 2 1 3 1 3 1 0 3 0 2 0 0 1 0 1 2 0 3 1 2 3 2 3 2 1 3 2 0 0.2984058257 0
1 2 1 1 0 1 0 0 3 2 3 0 3 2 1 3 1 3 0 0 0 2 0 1 1 2 2 2 1 1 1 3 2 0 2 0 0.330997139 0
2 3 2 1 2 2 2 2 3 1 0 3 2 2 2 0 2 0 1 3 2 3 1 3 3 3 0 3 2 3 1 0 1 2 0 0 0.3005423822 0
3 0 3 2 3 0 0 1 0 0 1 0 1 1 1 1 0 0 1 1 1 0 2 0 0 3 2 1 0 2 1 2 0 2 0 0 0.375585761 0
0 3 0 3 2 1 0 3 0 0 0 1 1 2 1 2 1 0 3 3 2 3 2 1 1 0 0 1 1 3 1 1 1 3 1 2 0.2822611622 0
1 1 1 0 2 2 0 0 1 1 1 2 0 2 1 3 2 0 1 0 1 3 0 2 0 0 1 2 0 0 0 1 1 0 0 1 0.4257225336 0
3 3 0 1 0 2 1 1 3 3 1 1 0 2 1 2 0 2 3 3 1 1 1 1 3 2 1 0 3 3 0 3 0 1 1 3 0.2955369106 0
3 0 1 3 2 3 3 0 3 2 2 1 3 3 0 0 0 0 2 2 3 3 0 0 2 2 0 0 1 2 0 3 3 1 0 0 0.3496707166 0
1 0 1 1 0 2 0 0 2 2 1 0 3 1 2 0 1 2 3 3 0 3 0 3 2 3 0 0 2 2 2 2 3 1 3 3 0.4565940367 0
2 0 3 0 1 3 2 0 1 1 1 1 3 3 3 2 2 1 2 2 1 1 3 1 0 3 1 2 2 2 0 3 3 2 3 0 0.4037797985 0
2 3 2 2 0 0 3 1 2 1 2 0 2 3 3 0 2 3 0 1 2 0 0 3 1 2 0 3 3 3 1 3 1 3 1 0 0.3255563301 0
2 0 0 3 1 3 0 3 1 3 3 0 1 1 1 3 1 0 1 1 2 0 0 1 2 1 0 2 1 2 3 0 3 0 0 1 0.304113536 0
0 1 2 0 1 3 3 2 1 2 0 0 3 1 2 2 0 3 3 1 0 2 2 2 1 0 1 2 3 0 1 3 3 0 1 2 0.3572822687 0
3 2 1 0 0 1 2 2 3 0 1 2 1 3 1 3 0 3 0 2 1 2 0 1 0 2 1 0 1 2 1 0 1 2 3 1 0.3474320193 0
3 3 3 2 2 0 3 1 0 2 2 1 1 1 0 2 3 3 3 3 0 2 3 3 0 0 2 3 3 3 3 3 0 0 3 0 0.3060584883 0
2 1 0 1 3 2 0 1 1 0 2 3 1 0 1 2 1 2 1 1 2 2 3 3 2 3 0 0 1 2 1 1 0 1 3 0 0.3302867025 0
3 2 1 1 1 2 1 3 3 1 0 0 0 1 0 1 0 0 2 1 2 1 3 0 0 3 1 1 2 1 3 0 3 2 0 3 0.3255563301 0
3 0 1 2 1 0 1 0 1 1 0 0 3 3 1 1 3 0 3 2 0 2 3 3 0 1 0 1 3 3 2 3 0 0 3 0 0.4142135624 0
1 2 3 3 0 3 0 1 3 0 3 3 1 0 1 1 1 1 3 3 1 1 1 0 3 1 0 3 2 2 1 2 3 0 0 3 0.3890556606 0
2 3 2 2 0 0 0 3 3 2 2 1 2 3 1 2 0 1 2 0 1 1 2 0 2 2 2 0 1 2 2 0 0 0 2 2 0.3469108776 0
0 0 0 1 2 3 1 2 1 1 2 3 0 1 0 1 2 0 3 0 3 0 2 3 1 1 1 3 0 1 1 0 0 2 1 0 0.2971110716 0
2 0 1 0 0 0 3 0 1 2 1 2 0 0 2 0 0 1 1 0 1 2 1 2 2 0 0 3 3 2 3 0 3 2 0 3 0.3302867025 0
3 0 3 0 2 0 1 1 3 0 3 0 3 3 3 2 2 3 3 3 0 3 3 0 1 0 2 1 3 0 1 2 3 3 1 0 0.308950706 0
0 2 2 3 0 3 2 0 2 3 2 1 1 2 0 2 2 0 1 3 0 0 0 1 3 1 3 1 3 0 0 0 0 3 3 3 0.2898979486 0
2 1 2 2 2 3 2 2 0 0 1 3 0 0 0 1 1 2 2 3 3 0 1 0 2 1 3 3 2 2 3 1 0 0 1 0 0.3295815643 0
2 1 3 1 3 3 3 1 0 1 1 0 0 3 0 0 1 0 1 3 3 3 1 2 3 0 2 0 0 1 1 1 1 3 0 2 0.3597564272 0
3 3 1 3 0 1 2 1 0 1 1 1 1 2 3 2 1 1 1 2 1 3 0 3 2 3 0 1 1 3 0 1 3 1 2 0 0.3142042283 0
0 3 1 2 2 1 3 2 0 1 2 1 3 2 2 1 3 3 0 2 0 0 3 3 0 0 3 3 1 0 1 0 3 0 1 0 0.3345232984 0
3 0 1 1 3 2 2 2 0 0 1 1 2 2 2 0 0 2 0 2 0 1 2 0 1 1 1 1 2 3 0 1 2 1 0 0 0.4693139434 0
3 0 1 0 1 2 2 2 3 3 3 3 1 0 0 0 2 0 3 1 3 1 2 3 1 3 0 3 3 0 0 2 2 1 0 2 0.317756027 0
0 0 3 2 0 3 2 1 1 2 3 0 0 1 0 1 1 3 1 2 2 0 3 1 1 3 3 2 3 3 1 1 1 1 1 0 0.3005423822 0
2 3 1 2 0 2 0 1 1 2 1 2 2 1 3 1 0 0 2 0 0 3 2 1 0 2 3 1 0 0 2 2 2 1 3 2 0.3629008246 0
3 0 0 2 1 0 0 2 2 3 1 3 0 3 0 3 3 2 1 1 2 2 3 3 1 3 2 0 3 1 1 1 0 2 0 3 0.3302867025 0
3 1 3 2 2 1 1 1 2 0 0 2 2 2 1 0 3 3 3 0 2 2 1 3 1 1 2 0 2 1 2 3 2 1 3 1 0.3255563301 0
2 2 0 2 2 2 0 0 1 0 0 3 2 0 3 2 3 0 0 0 2 3 3 0 0 2 2 0 1 3 1 3 1 2 3 3 0.3210538243 0
2 0 1 3 0 3 3 2 0 3 0 0 1 2 1 0 0 1 3 2 1 0 3 0 2 1 2 0 0 2 2 2 0 3 1 3 0.363892531 0
3 0 0 0 1 3 1 3 0 1 0 0 0 0 3 2 3 1 1 1 1 2 3 0 3 1 1 3 0 0 0 0 0 3 0 2 0.3835303427 0
1 1 0 1 2 2 2 0 1 2 1 0 3 2 1 3 2 3 0 3 2 2 0 2 3 0 1 0 2 0 1 3 3 2 1 0 0.3364806498 0
3 1 2 2 0 3 2 1 3 1 2 3 1 2 0 1 1 0 1 2 0 0 3 0 2 2 2 2 1 3 3 0 2 2 2 2 0.3142042283 0
2 0 0 1 3 2 0 2 1 1 1 0 0 3 3 2 1 3 0 3 3 0 2 2 0 2 2 0 2 1 2 0 1 3 1 3 0.3942517493 0
3 1 3 1 2 0 3 2 0 3 0 0 2 1 0 2 1 1 0 2 3 1 1 0 2 3 2 2 0 3 0 1 2 0 0 0 0.2984058257 0
0 3 2 2 3 1 3 3 1 2 0 2 0 2 1 1 3 3 0 1 0 3 3 3 1 2 1 0 0 2 3 3 2 0 1 0 0.282163914 0
3 3 2 1 2 1 3 1 1 2 0 2 0 3 0 0 0 1 0 0 1 3 1 1 0 1 2 3 0 2 1 2 1 1 0 1 0.5071671483 0
2 3 1 2 1 2 3 3 0 2 3 3 2 3 3 3 2 1 0 2 3 2 3 3 3 1 3 3 1 1 2 0 2 2 1 0 0.3302867025 0
3 3 1 0 1 1 0 2 0 1 0 0 2 3 2 3 0 2 1 1 0 0 2 1 0 2 3 0 1 2 3 3 1 0 3 2 0.4472135955 0
0 0 3 3 0 0 2 2 0 2 0 3 0 0 2 1 3 0 2 1 1 0 2 3 2 0 1 3 1 2 1 0 3 0 1 2 0.3018893954 0
0 2 3 2 1 0 2 1 3 2 3 1 1 0 2 3 1 0 3 2 1 2 3 2 1 1 1 3 2 3 2 2 3 1 1 1 0.2898979486 0
0 3 0 1 3 2 3 0 0 1 3 2 2 2 0 2 2 2 2 0 3 3 2 2 2 2 1 3 2 3 3 2 2 3 2 3 0.4052420579 0
3 1 1 1 3 0 3 2 2 0 2 2 0 2 2 0 1 0 0 2 2 3 0 2 3 2 3 1 1 1 2 0 1 2 2 0 0.282163914 0
2 0 1 0 0 2 1 0 1 1 3 3 2 2 2 3 2 1 3 1 1 3 0 3 2 2 0 0 2 0 2 3 1 0 3 2 0.304113536 0
1 3 3 1 1 0 2 0 1 2 0 3 1 1 2 2 1 0 2 0 2 0 3 0 0 3 1 1 3 2 3 2 2 1 3 0 0.3142042283 0
2 3 1 0 3 0 1 3 0 0 1 1 2 1 2 3 3 0 0 2 3 1 2 0 3 0 3 3 0 1 1 3 3 2 0 2 0.4751838527 0
1 3 3 1 0 3 1 0 0 0 2 2 3 3 1 0 2 2 3 0 2 3 2 0 3 2 3 3 2 3 2 2 0 3 1 3 0.304113536 0
3 1 1 1 2 0 0 2 2 1 0 1 1 1 1 2 0 2 0 2 3 0 1 3 0 1 2 1 2 2 1 3 0 2 0 3 0.3183767839 0
1 1 3 3 3 2 2 0 0 2 0 1 3 3 3 3 3 3 0 1 0 3 0 1 1 3 0 2 2 3 0 2 1 3 0 1 0.5071671483 0
0 3 2 0 1 2 0 0 3 1 1 0 3 0 2 1 3 2 1 2 3 2 1 1 3 1 3 2 0 2 1 1 0 1 1 3 0.4472135955 0
2 2 2 2 2 2 1 2 1 3 0 3 1 3 2 3 2 1 2 1 1 3 0 1 3 2 0 1 1 3 1 0 2 1 3 3 0.3142042283 0
3 2 1 2 3 1 1 3 3 3 1 2 3 1 1 0 1 3 3 2 1 2 0 3 2 3 3 3 0 1 1 2 2 3 3 1 0.2804379536 0
3 1 0 1 3 1 1 3 0 3 2 3 3 0 0 3 2 0 1 0 1 3 1 0 3 3 0 0 0 0 0 1 0 3 3 2 0.3142042283 0
3 3 0 0 0 2 3 1 3 1 1 0 1 0 0 1 1 0 2 0 3 1 3 3 2 1 3 1 3 3 2 2 1 0 1 2 0.2984058257 0
2 0 3 3 2 0 3 3 2 3 1 1 1 3 1 0 0 2 3 1 1 2 0 2 3 1 1 2 3 3 1 1 1 0 3 0 0.2898979486 0
0 2 0 3 2 3 0 2 1 3 1 2 3 1 1 1 1 1 1 3 2 2 3 1 3 2 2 3 3 3 2 1 2 2 0 0 0.363892531 0
3 3 2 0 1 2 0 2 2 2 2 1 0 2 3 3 2 1 1 3 2 1 3 1 3 2 3 2 2 3 1 0 3 0 0 1 0.375585761 0
0 2 3 2 3 2 2 2 0 3 0 3 0 2 1 3 0 2 2 3 1 1 2 1 0 0 0 3 2 1 3 3 3 1 0 3 0.3302867025 0
0 1 0 1 1 1 0 1 0 2 3 0 2 2 2 2 3 0 0 1 0 2 2 1 3 0 0 0 2 2 3 3 0 3 2 0 0.3063950271 0
2 3 3 2 0 2 3 3 0 3 0 1 3 2 2 3 1 0 2 1 1 2 3 2 1 3 1 1 0 2 1 2 1 0 3 3 0.3302867025 0
3 0 1 1 2 1 1 2 0 1 3 0 0 1 2 3 0 3 2 3 3 3 3 1 2 0 0 0 1 3 3 1 3 1 2 2 0.2868593513 0
1 3 1 1 0 1 3 2 3 2 3 3 2 2 1 1 0 3 0 1 1 0 3 0 3 2 1 0 1 2 2 0 3 1 2 1 0.304113536 0
3 1 2 1 1 2 0 1 3 0 1 3 0 1 0 3 0 2 1 0 2 1 3 1 0 2 2 2 3 2 0 3 1 0 3 0 0.375585761 0
1 1 0 3 0 2 3 2 3 2 1 0 3 0 1 2 3 3 1 2 0 3 0 3 3 3 1 2 3 2 0 2 3 2 2 1 0.3835303427 0
3 3 3 2 1 1 2 1 1 3 0 1 3 1 3 2 2 1 0 0 1 2 2 2 1 0 1 2 3 1 1 1 0 2 1 1 0.4184720066 0
2 2 0 0 3 1 0 3 3 1 0 0 0 0 2 1 0 2 3 1 0 2 2 2 0 0 0 2 2 3 2 2 2 3 2 3 0.3255563301 0
1 1 0 1 2 3 3 3 0 1 1 3 1 0 2 3 3 1 3 2 0 2 0 0 3 1 1 0 1 3 1 0 2 0 2 2 0.2984058257 0
3 0 3 1 1 0 0 3 1 2 0 3 1 0 2 2 1 0 2 2 3 2 0 0 2 2 1 3 3 0 1 3 1 0 0 3 0.4142135624 0
2 0 0 3 3 1 3 2 2 2 1 2 2 0 1 0 2 1 0 3 1 0 3 1 1 1 0 1 1 0 0 1 0 3 1 3 0.2898979486 0
1 3 3 1 0 3 2 3 0 3 3 1 0 0 1 2 3 0 2 2 2 2 3 1 1 2 0 0 1 3 2 0 0 1 2 2 0.5071671483 0
3 1 2 2 3 0 1 3 2 1 1 2 0 1 2 1 2 3 2 1 3 3 1 2 0 2 2 1 2 2 0 3 0 3 0 0 0.4472135955 0
3 3 0 1 3 1 1 2 0 0 1 1 0 2 3 2 2 2 0 1 0 1 1 2 1 1 1 1 3 3 3 1 0 0 3 1 0.375585761 0
0 1 0 1 0 2 0 3 1 0 1 0 3 3 0 1 2 3 0 3 2 0 0 3 3 0 3 0 1 1 2 0 2 2 1 2 0.488281641 0
3 1 2 3 0 3 0 1 3 1 0 2 0 0 0 2 2 1 2 2 3 3 0 1 0 2 2 1 0 0 0 3 2 3 1 1 0.441769316 0
0 3 2 1 3 2 2 3 0 3 2 3 2 0 3 0 2 0 3 2 3 0 2 0 1 1 1 3 1 2 1 2 1 2 1 2 0.4806853357 0
3 0 3 3 0 1 1 1 1 1 2 0 2 2 3 3 0 2 3 3 2 0 1 1 2 0 2 2 3 0 3 3 1 2 3 1 0.3439144051 0
2 2 0 2 3 2 3 0 3 3 1 2 1 3 3 3 2 3 2 2 2 1 3 0 2 1 2 0 3 0 0 0 0 3 3 2 0.3102148911 0
3 1 2 1 1 3 1 3 3 3 1 2 0 2 2 0 3 3 0 0 3 2 1 3 0 2 1 1 2 1 2 1 3 1 0 2 0.5453467918 0
2 0 3 2 1 1 1 0 0 3 1 1 1 2 3 0 3 2 1 1 0 3 0 0 0 3 3 3 0 1 0 3 2 3 1 1 0.2846096302 0
0 2 3 3 2 2 3 1 3 1 1 1 2 1 2 0 1 2 0 3 2 3 2 2 3 0 3 1 3 2 2 1 3 0 1 3 0.2984058257 0
3 2 3 1 3 1 1 1 1 1 3 3 0 3 2 2 0 1 0 0 3 0 1 3 3 0 2 0 1 1 3 3 2 1 0 1 0.3255563301 0
2 2 1 3 3 1 1 0 3 1 0 2 2 2 3 3 2 1 1 2 0 2 3 0 1 2 0 2 1 2 1 0 3 2 1 3 0.3273351788 0
1 3 3 2 0 2 2 2 0 2 2 1 0 0 3 1 2 3 2 2 1 3 2 0 3 0 1 3 3 0 1 3 1 0 2 0 0.2898979486 0
2 3 0 2 1 0 1 1 3 2 1 1 1 0 1 0 1 0 3 0 2 0 3 2 0 2 2 1 1 1 2 0 2 1 2 1 0.4228979929 0
1 3 2 3 1 1 2 0 0 0 0 2 0 3 0 3 3 2 0 0 0 3 1 0 0 2 1 0 3 2 1 2 3 0 0 3 0.304978078 0
3 1 3 0 1 2 0 1 0 1 0 0 1 1 2 1 1 0 0 3 0 3 3 0 2 3 3 1 2 3 0 3 0 3 2 3 0.2804379536 0
3 1 2 1 3 1 3 3 1 0 2 0 3 3 2 2 1 3 0 1 3 3 2 2 3 1 3 0 1 2 1 0 3 2 2 3 0.3835303427 0
2 1 1 2 1 1 0 3 1 3 1 1 3 2 3 1 2 0 3 0 1 0 0 0 2 0 1 2 2 3 0 3 3 0 1 0 0.3244736208 0
2 1 2 2 0 2 2 1 3 0 1 0 3 1 0 3 3 0 2 0 2 0 1 0 0 0 2 3 2 1 1 0 0 2 2 3 0.3142042283 0
0 2 3 1 2 2 3 2 0 2 2 3 0 3 3 3 2 0 2 2 0 3 2 3 3 2 2 1 1 2 2 2 0 3 1 3 0.2910879078 0
3 0 0 1 0 2 0 0 3 2 3 0 3 3 2 0 1 0 3 3 0 3 2 1 2 0 2 3 0 3 3 0 3 3 0 0 0.2825766451 0
1 3 2 2 2 2 3 0 1 2 2 0 0 2 1 2 2 3 1 2 1 0 2 2 2 3 1 0 0 1 1 2 1 0 2 3 0.3908225933 0
2 3 0 3 2 2 3 1 0 3 3 2 0 1 1 2 0 0 1 2 0 0 1 1 2 1 0 0 3 3 1 1 2 2 1 2 0.3804245211 0
3 0 3 0 1 3 2 2 1 3 2 0 0 1 0 1 3 1 1 0 0 3 1 0 0 0 2 1 3 2 2 1 2 3 2 2 0.4142135624 0
1 0 2 3 3 3 1 3 1 1 0 1 2 2 0 0 0 0 3 3 1 2 2 0 1 3 3 3 1 3 2 1 1 3 0 3 0.3572822687 0
2 0 1 2 0 3 1 1 1 3 0 1 2 0 3 0 0 1 2 0 3 2 2 1 2 0 0 2 3 2 2 0 1 0 2 3 0.304113536 0
2 2 3 0 0 2 1 0 3 3 0 0 3 1 2 3 3 1 0 0 1 2 0 3 2 2 2 2 0 3 0 1 0 0 0 2 0.3572822687 0
2 0 1 1 2 2 0 2 0 2 3 3 1 2 1 0 3 1 3 0 2 2 3 3 3 2 3 1 3 1 0 1 1 2 1 0 0.4142135624 0
2 2 0 1 3 1 0 0 3 0 2 0 1 2 3 0 1 1 2 3 2 0 2 3 2 3 2 0 2 0 1 0 1 3 3 0 0.3364806498 0
1 3 1 0 1 0 3 1 2 3 2 1 2 0 1 1 0 2 2 1 3 1 3 1 1 2 3 2 3 1 2 1 2 3 2 2 0.3142042283 0
2 0 2 2 0 2 1 1 1 0 1 2 2 3 1 0 0 3 1 0 0 3 1 3 3 2 2 0 1 0 1 2 2 1 1 1 0.304113536 0
2 1 3 2 0 0 1 0 2 2 3 2 2 0 0 1 2 0 1 0 0 1 0 1 1 0 1 3 1 2 1 3 2 2 3 0 0.3474320193 0
1 2 3 2 2 2 1 0 2 0 1 2 3 3 0 2 2 0 1 3 1 3 2 0 2 3 1 1 0 3 0 3 1 1 3 2 0.2898979486 0
1 0 1 3 3 3 0 2 2 2 0 0 2 1 0 1 1 1 0 1 3 3 0 2 0 3 0 0 2 1 3 2 2 1 0 1 0.3142042283 0
1 2 2 2 0 0 3 2 1 2 1 1 1 3 3 3 1 3 0 2 2 1 0 2 2 2 1 2 3 1 0 2 1 3 0 2 0.4334666118 0
0 3 2 0 2 3 2 0 3 0 0 0 0 3 0 3 0 3 0 1 3 0 0 0 2 1 0 0 2 0 2 2 2 1 0 0 0.3648939865 0
0 3 3 1 0 0 3 2 3 1 2 3 2 3 2 2 0 1 0 1 1 0 3 0 3 1 2 3 3 1 1 2 1 2 1 1 0.3364806498 0
2 1 2 2 0 3 3 2 0 0 2 2 0 1 3 2 1 2 1 0 2 3 2 1 2 0 2 2 0 1 3 0 3 1 0 0 0.4142135624 0
3 2 3 0 0 1 1 1 3 3 0 3 2 2 2 1 0 3 3 0 1 3 3 3 1 0 1 1 1 0 3 1 2 3 3 3 0.388756727 0
0 1 0 0 2 1 1 1 3 0 2 0 3 3 1 1 1 3 0 0 2 3 2 3 1 0 2 1 2 1 0 1 0 2 3 3 0.2930491235 0
1 2 0 3 3 1 3 2 2 2 1 2 0 1 3 2 2 0 0 1 0 0 1 2 3 3 3 0 0 2 1 2 2 3 3 1 0.2938102447 0
3 3 1 2 2 1 3 0 0 3 0 1 1 2 0 3 1 2 1 2 3 3 3 0 2 2 2 2 2 1 3 0 3 0 1 3 0.3816000776 0
3 3 3 1 3 1 1 1 3 2 0 2 1 0 0 1 3 1 3 0 1 3 2 0 3 3 0 3 2 0 3 2 0 1 1 0 0.3005423822 0
1 3 0 1 1 0 3 3 2 3 3 1 2 1 1 2 2 0 2 3 2 2 1 2 1 2 1 2 2 1 1 0 1 2 1 2 0.2850346585 0
2 2 2 2 2 1 3 3 3 2 0 3 0 1 3 2 0 2 2 1 1 2 0 0 3 0 2 0 2 0 2 1 2 1 3 2 0.3835303427 0
1 3 1 1 3 1 0 3 3 3 3 3 1 0 3 3 3 2 2 2 3 1 0 3 3 0 1 2 1 0 3 3 0 0 3 0 0.2832488209 0
1 3 2 3 3 3 3 0 3 2 2 1 3 3 1 2 1 2 3 0 3 0 0 0 1 1 1 2 1 3 0 1 3 2 3 3 0.2930491235 0
2 1 2 0 2 2 0 2 3 1 1 2 2 2 1 2 0 1 0 1 1 0 2 3 0 1 3 1 3 0 2 3 1 2 3 3 0.441769316 0
1 3 2 2 1 0 2 3 0 3 0 1 2 1 3 2 1 3 0 3 0 3 3 2 0 0 1 2 2 1 0 2 1 3 2 1 0.2887244073 0
2 0 0 1 0 2 1 3 3 2 3 3 3 3 1 3 2 2 0 0 3 1 1 0 1 1 3 2 3 1 2 2 0 0 1 3 0.282163914 0
3 3 0 1 2 3 0 3 0 2 2 0 1 2 0 1 1 3 3 3 1 1 3 1 0 3 2 0 3 0 0 2 0 0 0 2 0.388756727 0
3 2 2 3 1 3 0 2 0 2 0 2 3 1 3 0 3 0 2 2 1 0 2 1 1 1 0 1 2 1 1 3 1 3 1 2 0.5927255389 0
1 3 1 2 1 0 0 1 0 1 2 3 2 2 1 3 3 1 3 2 0 1 2 1 1 1 3 2 3 3 2 2 1 1 2 0 0.3255563301 0
2 0 3 0 2 1 2 3 2 2 3 1 2 2 0 3 1 2 0 3 0 3 0 1 0 1 3 1 3 3 3 2 0 1 2 0 0.4472135955 0
3 3 1 1 3 0 1 0 1 3 0 2 1 3 3 0 2 0 2 2 0 2 0 3 0 0 1 3 2 2 3 3 0 3 2 0 0.3418020796 0
3 0 1 3 0 2 2 1 2 3 2 3 2 1 2 1 1 0 1 3 1 0 0 2 1 1 0 1 2 1 0 0 2 3 3 2 0.3005423822 0
1 2 3 3 0 1 3 2 1 0 0 1 0 3 2 1 0 0 2 3 2 0 1 3 3 3 1 3 2 3 2 1 3 2 1 3 0.3210538243 0
2 3 0 3 3 1 3 3 1 0 3 1 3 2 2 3 1 3 2 0 1 1 2 1 3 0 1 2 3 2 3 3 2 0 3 0 0.3665354679 0
2 1 1 2 1 2 0 3 2 3 2 0 3 1 3 1 1 1 0 2 0 1 0 1 2 3 3 3 1 1 1 3 1 0 1 1 0.3183767839 0
0 2 1 0 1 1 3 3 1 1 2 2 2 3 1 2 2 0 3 0 3 1 2 2 1 3 3 2 0 0 0 3 3 0 3 3 0.2938102447 0
1 2 3 2 2 0 3 3 0 2 1 3 1 0 3 3 0 2 2 3 2 0 0 1 1 1 2 3 2 1 0 3 2 3 2 0 0.3474320193 0
3 0 0 0 3 1 0 2 1 1 2 1 3 0 3 3 3 0 0 0 0 3 2 0 1 1 2 0 3 3 2 0 0 0 0 3 0.4983662766 0
2 0 2 3 3 0 1 3 1 2 2 1 2 0 2 1 2 3 3 1 1 1 2 0 0 3 2 1 2 1 2 0 2 2 1 2 0.3615460539 0
0 2 3 2 1 3 3 0 3 3 1 3 0 0 0 2 3 2 0 3 2 1 1 2 3 1 3 2 3 0 0 0 1 0 1 3 0.2861577002 0
3 3 3 1 3 3 3 2 1 3 1 3 2 1 3 2 3 3 1 2 0 2 2 2 0 2 0 2 0 3 0 0 0 3 3 3 0.375585761 0
2 0 1 3 1 0 3 0 0 2 2 3 1 1 0 0 1 0 0 2 2 0 3 0 1 3 0 3 1 1 2 2 1 0 1 2 0.2898979486 0
2 0 2 3 1 1 3 0 3 0 3 3 1 2 1 3 2 1 0 1 1 1 1 0 3 1 1 0 1 2 2 3 1 3 0 0 0.2930491235 0
3 0 2 0 3 0 0 2 1 0 2 3 2 2 1 3 1 0 2 1 1 3 3 0 2 1 1 2 0 2 2 2 2 0 1 1 0.4334666118 0
1 1 2 3 3 2 3 2 0 2 3 2 3 2 2 3 3 2 1 3 3 0 0 3 2 2 1 0 2 2 2 0 3 2 0 1 0.3302867025 0
2 1 3 3 3 2 3 0 3 0 1 0 2 1 0 1 2 3 1 2 0 3 2 2 3 1 2 2 3 3 0 3 3 0 1 0 0.282163914 0
1 1 1 1 0 0 3 2 0 1 0 1 2 1 1 0 0 1 3 0 2 2 0 3 1 3 2 1 0 1 3 2 1 3 1 0 0.4286189735 0
3 3 3 3 0 0 3 0 3 3 0 1 1 0 2 1 3 0 1 2 0 2 1 1 3 2 2 2 1 1 2 1 0 0 1 3 0.3256545776 0
2 3 2 2 2 1 3 0 0 3 0 1 1 2 1 3 1 1 0 0 3 3 0 0 0 3 1 0 2 2 3 3 2 2 3 3 0.3879780451 0
1 1 3 3 2 3 1 1 3 0 2 1 2 0 2 2 3 2 0 2 3 1 0 0 3 3 0 2 1 0 2 2 2 1 1 3 0.2804379536 0
2 2 1 3 0 0 1 2 3 1 0 0 0 2 1 3 0 2 1 0 2 0 0 2 3 2 0 2 0 1 0 2 0 0 1 3 0.3142042283 0
2 3 3 1 0 0 3 1 3 2 1 0 1 1 3 2 3 3 1 1 3 0 3 0 0 3 0 3 1 1 0 2 2 0 3 0 0.3397347183 0
3 2 1 2 0 0 1 2 3 0 3 2 2 2 3 2 3 3 0 3 2 2 0 0 0 0 1 3 1 0 2 3 0 2 2 3 0.4184720066 0
0 1 0 3 1 2 3 1 3 1 1 1 3 2 0 0 1 0 2 2 1 2 0 0 0 0 1 3 1 1 0 3 1 1 0 3 0.2868593513 0
0 1 3 0 1 3 3 1 2 1 2 0 1 0 0 1 0 1 2 2 2 2 2 2 3 3 3 2 0 2 3 0 3 1 1 2 0.3005423822 0
0 1 2 2 2 1 1 2 0 2 0 1 2 0 1 3 0 1 3 1 0 0 3 2 2 2 3 1 0 0 1 1 1 3 1 0 0.3255563301 0
2 1 3 2 2 3 0 1 3 0 1 0 1 2 1 2 0 0 0 3 3 1 0 3 1 3 3 3 2 3 2 0 1 1 0 2 0.3986465794 0
2 0 0 3 3 1 2 2 0 0 0 2 3 2 3 0 3 1 0 1 2 1 1 1 1 3 2 2 0 2 2 3 1 3 1 0 0.5927255389 0
0 3 0 1 2 2 0 3 2 2 3 3 0 1 3 1 3 3 1 1 2 1 1 3 1 1 1 0 1 0 3 1 3 2 2 2 0.3572822687 0
3 3 3 3 0 0 1 1 3 3 0 3 2 3 2 2 3 1 0 0 1 1 3 0 3 2 2 2 0 0 0 1 1 2 0 1 0.5927255389 0
2 3 1 1 1 0 0 0 0 0 3 0 3 1 3 3 3 1 3 2 1 2 0 1 3 0 1 1 0 2 3 0 1 2 0 1 0.4091647842 0
1 2 1 1 0 2 3 1 2 1 1 2 1 3 2 2 1 2 1 3 2 0 2 2 1 1 1 3 3 3 2 2 1 0 1 3 0.3220972066 0
0 2 0 0 0 2 0 1 1 1 1 3 1 0 2 3 0 2 0 3 0 2 0 0 2 1 3 3 1 2 1 2 2 0 1 0 0.4932215826 0
2 0 0 0 1 2 2 1 0 3 1 0 2 0 1 1 1 1 3 3 2 3 1 3 2 2 0 1 0 2 2 3 2 0 1 1 0.375585761 0
3 0 2 2 1 2 2 0 3 0 0 1 0 3 2 2 3 0 1 0 2 3 0 3 3 3 2 2 2 3 1 3 0 2 3 0 0.4603824247 0
3 3 0 3 0 0 2 2 0 0 3 3 1 3 0 2 2 3 0 3 0 3 3 2 2 3 1 1 1 0 3 3 3 3 3 1 0.4334666118 0
2 2 0 0 2 2 2 0 3 3 2 2 1 3 1 1 2 3 2 3 1 3 1 1 1 3 1 2 0 2 3 2 1 1 3 0 0.363892531 0
3 1 3 3 2 0 0 0 0 1 3 3 3 2 1 3 3 0 3 1 0 0 0 1 2 1 3 1 0 3 0 2 2 1 3 0 0.363892531 0
0 2 1 0 2 3 0 2 0 1 0 0 3 1 3 1 0 2 3 1 3 1 1 3 1 2 0 2 3 2 2 3 3 3 2 2 0.375585761 0
0 2 3 2 2 2 0 0 1 2 0 0 2 1 0 3 1 2 0 2 2 3 2 1 0 1 0 0 0 1 3 3 2 2 0 2 0.3210538243 0
2 0 1 3 3 2 2 0 1 2 0 0 3 0 0 3 3 3 2 1 1 3 1 1 3 3 0 0 2 1 1 3 1 3 3 2 0.3005423822 0
3 1 3 3 0 2 2 2 1 2 0 0 0 1 2 1 3 0 3 1 3 2 3 0 0 1 0 1 2 1 0 2 3 1 3 3 0.4037797985 0
1 0 3 2 0 3 1 0 2 0 0 3 0 0 0 0 3 0 0 0 0 1 1 3 3 1 3 3 3 0 0 1 3 1 1 2 0.3429113871 0
3 3 1 2 1 0 0 0 2 0 0 3 3 2 2 1 0 0 1 0 3 3 0 2 1 3 0 1 2 3 3 1 0 0 0 3 0.3457554802 0
0 3 2 0 3 3 3 0 0 2 2 2 2 1 1 1 1 3 3 0 1 2 0 0 0 1 3 1 3 2 2 2 3 3 3 0 0.279388968 0
0 0 1 1 2 2 1 2 3 3 3 2 3 1 1 0 2 2 3 3 1 1 3 0 1 3 3 3 0 2 1 2 2 2 0 2 0.3418020796 0
2 1 3 2 3 2 3 0 3 0 0 1 1 1 3 0 1 0 2 3 1 3 2 2 1 0 1 0 3 2 1 2 1 3 2 3 0.3183767839 0
1 0 2 0 0 2 3 2 1 1 3 1 1 1 3 0 0 0 2 3 0 3 0 2 3 3 2 3 1 3 1 1 2 2 1 3 0.3716235242 0
1 1 3 3 2 3 1 2 2 0 0 1 1 2 1 1 0 3 3 3 3 3 3 1 0 1 2 1 1 1 3 3 0 1 0 1 0.4472135955 0
2 3 0 3 0 3 2 1 0 1 3 3 2 2 3 3 0 2 3 3 2 2 3 3 0 2 1 1 3 1 0 2 0 1 2 3 0.4239685927 0
1 1 1 0 3 2 0 0 1 0 2 3 2 0 1 0 1 3 1 0 3 2 3 0 2 0 3 1 1 3 1 3 1 3 3 0 0.6492741221 0
1 2 0 0 3 0 3 3 3 1 3 2 2 2 3 3 0 3 0 3 3 1 1 1 1 2 0 2 0 2 0 2 0 1 0 2 0.3067328429 0
1 3 0 3 3 0 3 2 3 0 2 2 1 1 1 3 2 2 0 3 0 2 1 1 1 3 1 0 1 1 3 3 2 0 0 1 0.3804245211 0
1 2 2 1 2 0 0 2 2 3 0 0 0 1 1 2 0 2 1 3 0 2 0 0 1 3 0 3 3 2 3 0 3 3 1 1 0.3613164298 0
0 1 2 2 3 3 3 0 2 0 1 0 3 3 1 0 1 1 2 2 1 3 1 2 3 2 0 3 0 2 3 1 1 0 3 2 0.3804245211 0
0 2 2 1 1 2 1 3 2 0 2 3 3 1 0 1 1 1 1 3 1 3 3 3 1 0 0 0 1 0 0 2 2 1 1 0 0.3117179653 0
1 3 1 1 2 2 3 0 3 3 0 3 1 1 1 1 2 1 0 0 2 0 0 0 3 1 3 3 0 0 0 0 0 3 3 2 0.3461486826 0
3 0 2 1 3 0 1 2 0 0 0 0 1 3 0 3 0 3 1 0 3 2 1 1 3 2 0 3 3 1 3 0 0 2 0 3 0.4472135955 0
1 3 2 0 3 0 3 2 1 3 3 0 1 3 3 1 1 2 1 2 2 3 2 3 3 2 1 1 2 2 2 0 2 1 1 1 0.4438190372 0
2 2 3 3 2 3 3 1 1 1 2 3 3 3 3 1 3 3 0 3 1 0 3 3 0 1 3 3 1 0 0 2 1 0 3 1 0.3372389691 0
0 2 1 3 3 2 2 0 2 1 1 0 2 3 1 0 0 1 0 0 3 1 0 3 3 2 0 3 2 0 2 0 0 0 0 1 0.3142042283 0
3 3 2 0 0 0 3 1 3 3 1 3 0 2 3 1 0 3 1 2 3 3 3 2 2 2 0 2 3 1 0 2 2 1 3 2 0.5453467918 0
0 3 0 2 1 0 3 2 3 2 0 2 3 0 2 2 2 0 2 1 0 3 3 1 3 2 1 1 0 1 2 1 2 3 2 2 0.3142042283 0
2 3 3 1 3 3 0 2 2 3 3 1 0 1 1 1 1 1 3 2 2 2 1 2 1 3 0 1 3 2 3 1 1 2 3 3 0.4806853357 0
1 2 3 2 2 1 2 0 3 0 3 3 2 3 2 2 2 2 2 2 3 1 1 3 1 2 1 2 1 0 3 2 3 0 0 3 0.4472135955 0
1 2 1 0 3 1 3 3 3 0 2 3 0 0 3 2 0 0 2 0 2 2 3 3 2 3 0 1 0 2 2 3 2 3 0 1 0.5071671483 0
3 2 0 1 3 0 3 0 2 0 0 3 2 0 3 1 2 1 3 2 1 1 1 2 0 2 2 0 3 0 2 2 0 3 3 0 0.3010544585 0
3 0 2 1 0 2 0 3 2 1 2 2 0 3 0 2 2 3 1 1 3 1 0 3 0 0 0 0 2 1 3 0 0 3 2 1 0.282163914 0
1 1 3 2 2 2 2 3 1 3 2 1 2 3 1 3 2 2 2 3 1 1 3 0 1 2 2 3 0 3 3 1 0 1 0 1 0.3055166403 0
1 2 1 1 1 1 2 1 0 1 2 2 1 2 3 3 0 1 0 1 3 0 3 0 3 3 1 3 3 3 3 3 0 2 0 1 0.3142042283 0
2 3 2 1 0 1 2 1 1 3 1 2 1 0 2 3 0 2 2 2 0 2 1 2 2 1 3 1 3 0 2 1 2 1 1 2 0.5189707093 0
2 0 0 3 0 1 0 3 1 2 2 1 0 1 1 3 1 1 1 3 1 2 1 1 0 2 1 0 2 0 3 2 3 0 0 3 0.2898979486 0
1 0 0 2 3 2 0 1 3 2 2 3 1 0 3 3 3 1 1 0 1 0 1 1 2 0 3 0 1 2 3 1 2 2 3 3 0.3210538243 0
3 0 2 3 2 3 3 0 3 1 0 2 0 2 2 1 3 2 2 2 1 0 1 2 2 1 1 0 2 1 2 2 0 0 3 0 0.4472135955 0
1 1 3 3 0 0 3 3 3 2 0 2 0 1 1 3 0 0 1 2 1 3 1 3 2 2 2 2 2 1 2 0 0 1 0 3 0.3835303427 0
1 0 0 0 0 1 0 0 2 0 1 3 2 2 1 1 0 3 3 0 2 3 1 1 0 0 0 3 3 0 0 0 3 2 2 0 0.2980984335 0
2 1 3 2 0 3 0 0 3 0 3 1 2 0 1 1 3 1 2 0 2 1 2 1 1 2 3 3 2 1 3 3 3 0 0 1 0.2925820765 0
3 2 3 1 1 2 0 0 2 0 0 2 3 0 3 1 0 3 0 1 0 0 0 1 0 2 2 3 1 0 3 3 0 1 1 1 0.3102148911 0
1 0 2 1 0 3 0 2 1 1 1 0 3 2 3 1 0 0 3 3 2 1 0 3 0 3 3 0 1 1 0 0 1 2 1 1 0.5336088039 0
1 3 0 0 1 2 3 2 3 2 1 0 3 1 2 3 2 1 1 2 2 2 0 1 1 1 2 0 2 3 2 1 0 2 2 0 0.388756727 0
3 3 2 0 0 1 2 0 1 2 0 1 2 0 3 3 0 0 0 2 1 1 2 2 0 3 0 3 0 1 1 0 1 0 3 3 0.3302867025 0
1 1 0 2 2 3 0 2 3 2 0 0 0 3 3 0 0 0 1 1 1 0 1 0 3 3 3 1 3 3 1 2 1 1 2 0 0.3842770335 0
2 3 3 1 1 1 0 2 3 3 3 3 0 1 2 0 1 2 2 0 3 1 1 2 2 2 3 2 0 2 1 0 0 1 2 3 0.3510801119 0
0 3 3 1 3 2 0 0 3 3 2 1 3 1 1 3 3 1 0 2 2 2 0 1 2 0 3 0 0 0 1 1 0 1 0 0 0.5453467918 0
1 3 1 2 0 2 1 0 3 2 3 2 3 1 2 1 0 2 0 2 3 2 1 2 2 1 2 2 0 2 1 2 0 3 2 3 0.2710031472 0
1 1 0 3 2 2 2 3 0 2 0 2 0 2 3 1 1 1 0 1 1 2 3 0 3 3 2 1 2 0 1 3 2 2 0 2 0.3005423822 0
0 1 1 1 0 2 0 0 1 2 3 3 0 2 2 3 1 1 3 2 3 1 3 1 3 0 1 2 2 0 3 2 0 1 0 3 0.5071671483 0
3 2 0 3 3 3 1 3 1 0 1 0 3 3 3 0 1 0 2 1 1 2 1 0 3 0 3 0 2 0 0 2 1 1 2 0 0.3321580531 0
0 0 2 2 1 1 1 1 2 2 3 0 1 1 0 3 3 0 0 0 2 3 0 1 1 1 3 0 3 0 0 3 2 0 2 2 0.3336129098 0
1 1 3 2 0 0 0 2 2 1 1 0 2 0 3 0 2 3 3 3 2 3 0 1 0 0 0 0 2 3 2 0 0 1 3 1 0.3117179653 0
3 1 2 2 0 1 3 2 1 1 0 1 1 1 3 3 1 3 0 2 0 3 2 1 2 3 3 3 3 2 1 1 1 2 0 1 0.6116127696 0
2 0 2 3 0 2 1 3 3 0 0 2 1 2 3 3 0 2 1 2 0 1 0 3 3 2 1 0 2 2 3 3 1 1 0 3 0.4472135955 0
3 2 1 0 1 2 1 1 3 1 2 1 0 3 3 2 0 3 1 2 3 1 3 2 2 1 3 2 0 2 2 0 3 0 0 3 0.3210538243 0
1 3 0 2 3 2 0 0 1 0 1 2 0 2 1 2 0 1 1 1 2 1 2 2 1 3 2 0 0 1 1 2 2 0 2 3 0.3000332808 0
2 0 0 2 1 2 2 3 2 2 1 1 0 2 2 1 1 3 1 2 2 2 3 1 3 2 0 2 3 0 1 0 0 2 0 3 0.3835303427 0
2 3 2 1 1 0 1 0 3 2 3 2 0 3 3 2 3 0 0 1 3 0 2 3 1 2 0 1 3 0 2 1 1 0 3 2 0.282163914 0
0 0 0 2 0 2 0 0 1 1 3 1 1 0 1 0 1 1 2 1 1 0 2 1 3 0 1 0 1 0 1 2 2 0 1 0 0.3173744686 0
3 3 2 1 2 3 2 1 0 0 0 1 0 2 3 3 3 3 2 3 0 0 1 2 0 2 1 1 1 2 3 1 3 1 2 1 0.363892531 0
1 3 2 2 2 1 0 3 2 2 2 1 0 0 3 2 2 0 1 3 3 1 2 2 1 2 2 2 2 3 3 3 3 3 0 3 0.3142910863 0
3 0 2 3 3 2 0 3 1 2 0 2 0 0 3 1 1 2 3 3 2 1 2 3 0 0 0 1 3 3 3 3 3 3 0 2 0.4472135955 0
3 2 3 2 1 3 0 1 2 3 1 3 2 0 3 0 2 3 1 1 0 0 0 0 0 1 0 0 1 0 1 3 1 1 3 1 0.2984058257 0
0 2 1 2 3 2 0 3 0 0 2 3 1 3 1 0 1 1 3 3 1 0 1 0 1 3 3 0 2 2 1 1 2 2 1 3 0.2887244073 0
3 1 2 0 2 0 0 0 0 2 1 3 2 3 2 2 2 1 1 2 1 2 1 2 3 2 2 1 0 1 2 3 1 1 3 0 0.388756727 0
3 2 1 1 2 3 1 0 3 2 0 3 1 0 3 2 2 0 3 2 3 1 1 0 3 3 1 0 3 0 3 3 0 1 3 1 0.4565940367 0
1 0 2 2 0 0 2 0 0 3 0 1 0 0 0 1 1 3 3 0 0 3 2 2 3 1 2 1 2 0 2 3 0 3 0 1 0.2787472652 0
2 1 0 1 3 2 0 3 0 2 0 0 0 2 2 3 3 3 0 1 0 3 1 2 3 2 0 1 2 0 1 1 2 0 2 1 0.5453467918 0
1 1 2 3 0 3 3 3 2 0 3 3 0 2 3 1 3 3 2 1 3 3 1 2 3 1 2 2 2 3 3 1 0 0 2 3 0.3439144051 0
0 3 1 2 0 2 3 1 2 0 1 1 2 3 2 1 2 2 0 0 0 2 2 2 1 2 1 3 3 2 1 0 3 2 0 1 0.282163914 0
3 2 1 1 1 0 2 0 3 3 2 1 2 2 1 2 1 1 1 1 2 2 2 2 1 3 1 3 2 3 0 1 0 0 1 1 0.3694965927 0
0 0 1 1 2 3 3 3 2 0 0 2 2 3 3 3 3 0 1 3 2 1 3 3 0 3 3 0 2 0 3 3 0 0 2 2 0.3392530566 0
3 1 1 2 1 0 1 2 3 1 3 1 2 0 0 3 0 1 2 3 2 0 2 1 1 3 2 1 1 2 2 3 0 1 1 3 0.4565940367 0
0 3 3 0 2 3 2 0 1 3 3 2 1 2 0 2 1 3 3 3 3 2 1 0 3 0 1 1 0 1 1 0 2 3 3 3 0.4667782661 0
2 1 1 2 2 2 3 0 1 0 1 1 1 2 0 2 1 3 0 0 3 1 0 2 2 3 3 0 0 0 2 3 1 1 0 0 0.363892531 0
1 3 1 3 0 3 3 0 0 1 3 0 0 3 3 3 0 1 0 3 2 2 2 3 2 0 1 2 0 2 3 3 1 0 2 0 0.3496707166 0
3 1 0 1 3 0 3 3 3 3 1 3 3 1 1 2 1 0 2 1 2 0 3 2 0 0 1 1 0 2 2 1 0 0 1 3 0.3255563301 0
3 0 2 3 2 3 0 0 0 0 0 3 0 2 1 2 3 3 3 2 3 1 2 0 3 1 0 0 3 2 3 0 0 3 0 1 0.2918317294 0
2 2 0 1 3 2 1 3 1 1 0 1 2 0 0 1 3 1 0 3 2 3 2 3 1 1 2 0 0 3 0 1 1 3 0 1 0.6492741221 0
0 1 2 3 0 3 3 1 3 1 2 3 1 0 2 3 3 3 0 1 1 3 1 3 3 2 1 2 3 1 0 3 1 3 1 0 0.304113536 0
3 2 3 0 1 1 1 1 3 1 1 3 0 3 3 0 0 3 0 3 1 3 0 2 2 2 1 1 3 1 3 3 2 0 3 3 0.3183767839 0
1 0 0 3 2 0 0 1 0 2 1 0 1 1 1 0 2 2 3 1 2 1 0 2 2 2 1 2 2 0 2 1 1 3 1 1 0.2804379536 0
0 0 0 1 3 0 2 1 3 2 1 0 2 3 1 3 3 1 2 1 1 2 2 3 2 3 0 2 0 1 3 3 3 3 3 0 0.3364806498 0
3 2 3 3 1 3 2 2 1 3 1 0 1 2 1 2 0 3 1 2 3 0 0 1 2 3 3 1 2 3 3 1 1 1 3 0 0.2984058257 0
2 0 0 0 2 2 2 3 2 2 2 2 3 0 2 1 1 2 3 0 1 0 2 3 1 0 1 1 2 0 0 1 0 0 3 3 0.3102148911 0
0 0 3 2 3 2 1 2 1 0 3 3 1 2 1 0 2 1 1 1 0 1 2 0 1 0 1 0 1 3 1 3 1 3 0 2 0.3597564272 0
3 2 0 2 3 1 2 2 0 2 2 2 0 3 3 1 3 3 0 2 0 0 3 3 1 2 0 3 1 2 2 1 0 2 1 3 0.4076499498 0
2 3 2 3 0 0 1 1 0 2 3 1 3 1 0 1 1 1 2 3 1 0 3 0 3 3 2 2 3 3 3 1 0 1 1 2 0.79210615 0
3 0 3 1 0 0 1 1 1 2 1 3 1 0 3 0 3 0 3 0 2 3 3 0 0 0 0 1 1 1 2 3 1 2 0 3 0.335198996 0
2 3 0 1 1 0 3 0 2 3 1 3 2 0 2 2 1 0 0 1 2 2 1 3 2 0 2 2 2 2 0 2 2 0 2 0 0.3572822687 0
2 3 2 0 3 2 0 3 0 1 3 3 0 2 0 3 2 2 0 2 2 0 2 1 0 0 3 2 2 0 0 2 2 3 0 0 0.3107860582 0
2 0 3 1 3 2 0 3 1 0 1 3 3 3 1 2 2 1 3 0 3 0 1 0 1 0 0 0 0 2 1 0 1 3 1 0 0.2898979486 0
0 3 3 2 0 3 1 3 2 0 0 2 0 3 0 2 2 3 0 3 1 3 1 0 0 2 0 0 3 1 2 2 2 2 2 2 0.3474320193 0
3 2 3 1 3 0 3 1 0 3 3 1 1 2 0 3 2 2 0 2 0 1 2 0 3 3 1 2 3 2 3 2 3 3 3 2 0.3572822687 0
2 0 1 3 1 3 0 1 3 2 1 0 1 1 0 1 0 1 1 3 2 3 3 1 1 1 1 1 3 1 3 1 0 1 1 0 0.4142135624 0
2 1 2 2 1 1 2 2 2 2 3 0 3 2 3 0 3 2 2 0 1 1 3 0 1 3 3 2 0 2 3 1 3 0 2 3 0.4627853301 0
3 0 1 0 2 1 3 2 0 1 1 2 1 2 2 3 3 0 0 1 3 0 3 2 3 1 0 0 2 1 3 1 1 2 0 3 0.3525098313 0
1 3 2 0 1 3 3 0 0 1 1 1 1 0 0 3 1 1 0 1 2 3 0 2 2 0 3 0 3 2 1 3 2 0 1 1 0.2910879078 0
1 3 3 0 0 1 0 0 2 0 1 3 0 0 0 0 2 2 1 2 2 0 2 1 0 1 1 1 1 3 0 0 0 0 1 2 0.4565940367 0
3 0 1 3 0 2 2 3 3 2 1 3 1 0 2 1 0 2 3 2 2 3 2 1 2 1 1 3 1 3 2 3 1 0 0 0 0.2898979486 0
2 2 0 2 2 1 3 2 2 2 2 0 3 1 2 2 1 1 1 1 0 2 0 1 2 1 3 1 1 0 3 1 3 0 0 1 0.3142042283 0
2 2 1 2 0 2 1 0 2 3 1 0 3 1 2 2 1 0 3 3 3 1 1 3 0 1 2 1 0 0 0 2 1 0 2 3 0.363892531 0
2 1 0 1 0 3 3 0 3 3 2 0 1 3 1 0 3 2 3 1 3 1 2 2 2 2 3 0 3 0 3 3 2 1 1 2 0.4505116661 0
3 0 1 0 0 3 1 0 3 0 0 2 1 2 2 0 1 1 3 2 3 1 3 2 3 1 2 0 0 0 3 1 2 1 2 1 0.3835303427 0
0 0 0 0 2 0 1 0 1 1 0 0 3 3 2 0 0 0 2 1 1 0 0 0 1 3 2 3 1 2 3 1 1 2 2 2 0.3418020796 0
3 3 3 1 0 3 3 0 3 3 3 2 1 2 3 3 0 3 3 3 1 1 0 0 3 2 0 1 3 3 2 2 0 2 3 3 0.3659970535 0
2 2 3 2 1 3 1 2 0 1 2 0 0 0 1 2 3 3 1 0 3 1 0 0 1 3 0 1 0 0 1 3 0 0 3 2 0.3474320193 0
0 1 3 2 3 0 2 2 1 1 2 3 3 1 3 0 0 0 3 2 1 3 0 2 1 2 0 0 0 0 2 0 2 2 3 2 0.4627853301 0
1 0 0 2 3 0 3 1 3 1 3 3 1 0 0 1 2 0 1 1 3 3 1 0 0 1 0 1 1 0 0 2 2 0 2 1 0.2700682729 0
2 1 1 1 2 1 2 2 1 3 2 1 3 1 1 3 0 3 2 1 3 0 3 0 1 0 3 1 3 1 1 0 3 0 0 0 0.388756727 0
3 2 1 1 2 3 1 2 2 0 1 1 2 2 3 1 3 1 0 2 1 0 0 0 1 1 0 2 3 2 1 1 3 2 3 2 0.3629008246 0
3 1 0 1 2 0 0 2 1 0 3 1 3 0 2 2 0 0 2 0 3 0 3 2 2 0 3 3 3 3 1 3 0 2 2 1 0.4142135624 0
0 0 2 2 3 2 3 0 0 2 1 2 0 0 2 2 2 1 3 3 0 0 2 3 0 0 2 2 3 0 0 0 1 1 1 2 0.3431021507 0
1 3 3 3 1 1 0 3 1 2 3 3 3 2 0 3 2 3 2 1 2 1 3 3 0 2 0 1 0 2 0 3 3 2 2 0 0.4472135955 0
0 0 0 3 1 1 3 0 3 1 3 2 2 0 1 3 2 2 1 3 2 0 2 0 0 0 3 3 3 2 2 2 0 3 2 1 0.375585761 0
0 3 3 3 1 1 1 3 0 1 3 2 1 1 0 3 1 3 0 1 1 0 0 3 3 3 0 1 3 3 2 0 2 2 3 0 0.5336088039 0
2 1 1 2 3 3 2 2 2 1 0 1 3 2 3 0 2 1 1 1 3 1 0 2 3 3 0 3 3 3 0 1 2 3 3 0 0.304113536 0
3 3 2 0 0 0 0 3 0 1 0 2 3 2 0 3 1 2 0 2 2 3 1 2 2 1 2 1 3 0 2 3 3 3 3 1 0.3352662227 0
1 1 2 3 1 2 3 1 1 2 0 2 1 0 2 1 2 1 2 3 2 3 0 2 0 2 3 3 3 3 1 0 2 3 3 3 0.4693139434 0
3 0 3 1 1 3 1 0 2 0 3 0 1 0 0 3 2 2 1 3 3 2 3 0 2 3 2 2 3 3 1 0 3 1 2 2 0.6492741221 0
0 0 2 0 0 0 3 1 0 2 0 3 0 3 0 2 0 1 0 0 0 3 3 1 3 1 3 0 2 0 2 2 1 2 0 0 0.3835303427 0
0 3 2 0 0 3 1 2 1 2 3 3 1 0 1 0 0 1 3 3 0 1 1 2 3 2 1 3 1 0 2 1 0 0 3 3 0.3255563301 0
2 2 1 0 0 0 0 3 0 0 1 0 1 3 2 1 2 0 3 1 1 1 3 0 3 0 3 2 1 1 3 1 1 1 0 2 0.3748981467 0
1 1 1 1 0 2 3 2 3 0 3 3 1 2 0 1 2 3 1 1 3 3 1 2 3 2 3 1 3 3 1 3 1 3 1 1 0.5336088039 0
2 1 2 1 1 2 2 3 0 0 3 1 2 0 0 3 3 0 0 0 0 0 0 2 0 0 0 2 2 0 3 3 1 1 1 2 0.3950774274 0
3 1 0 2 1 2 2 1 3 0 1 3 3 3 2 3 0 2 0 2 3 3 2 1 0 3 3 2 1 3 2 3 3 2 2 1 0.4037797985 0
0 1 2 2 0 1 2 0 1 3 2 0 1 3 1 0 0 3 3 3 2 1 3 0 0 1 3 1 3 2 3 3 0 0 2 2 0.4472135955 0
1 2 1 3 3 0 0 2 0 0 3 3 1 0 0 0 3 0 1 1 1 1 2 2 0 3 0 0 1 3 2 3 2 3 1 2 0.3439144051 0
2 3 1 1 2 1 3 3 2 0 1 0 2 0 1 1 0 0 2 0 0 0 2 0 0 0 3 2 0 3 1 0 0 1 1 0 0.4076499498 0
3 1 0 1 3 3 0 0 2 2 0 1 2 1 2 1 3 2 2 1 2 2 2 1 0 1 2 2 3 3 0 0 2 1 1 2 0.4365680863 0
2 0 1 3 1 1 1 3 2 0 3 2 1 1 2 1 3 0 0 0 3 0 3 1 0 3 0 1 2 3 0 0 3 1 3 2 0.30137244 0
1 3 3 2 3 1 2 2 0 3 2 0 1 0 2 0 2 3 1 1 1 2 2 1 3 1 2 0 3 0 3 0 3 2 3 3 0.3474320193 0
0 0 0 2 0 0 3 3 1 2 3 2 3 3 3 2 0 3 1 0 1 3 3 3 2 2 2 1 1 0 0 1 3 0 1 1 0.3972693932 0
0 2 1 1 3 3 3 1 3 2 3 3 0 2 0 0 0 0 2 2 0 1 3 1 0 3 3 3 3 1 3 1 3 2 0 1 0.4142135624 0
2 1 0 1 1 1 3 2 2 1 1 1 2 1 2 0 1 0 3 1 2 1 0 0 1 3 1 1 0 2 0 0 3 0 3 2 0.5071671483 0
3 2 2 1 3 2 0 3 0 1 1 1 3 3 2 2 3 3 1 3 2 0 1 0 1 1 2 1 1 0 3 0 0 2 3 3 0.3067328429 0
3 3 1 0 3 3 0 1 2 1 2 0 3 0 2 0 1 2 0 0 2 2 2 3 1 1 1 3 3 2 2 0 0 1 3 3 0.4565940367 0
3 1 1 3 1 1 0 2 3 1 2 0 0 0 0 2 3 1 1 0 1 0 0 1 0 1 0 1 1 1 0 1 1 1 3 1 0.4472135955 0
0 0 2 3 0 0 3 3 3 1 2 3 2 0 2 1 3 0 2 0 2 1 0 1 0 1 1 0 3 0 0 0 1 0 0 0 0.2887244073 0
3 3 1 3 2 0 1 2 1 2 1 2 1 1 0 3 1 2 0 2 2 2 1 2 3 0 2 2 0 0 0 1 1 3 0 0 0.4239685927 0
1 1 2 2 0 1 0 0 2 3 2 3 1 0 1 2 1 1 0 0 3 3 2 3 2 3 2 1 0 1 0 1 1 3 1 1 0.388756727 0
0 2 1 0 1 1 3 0 3 1 0 2 0 2 1 1 3 0 3 3 3 3 3 0 2 3 3 2 1 2 2 1 3 0 3 2 0.3210538243 0
1 2 0 0 0 2 0 0 1 0 2 2 1 0 1 3 3 1 1 1 3 2 2 1 3 0 1 1 0 2 0 2 1 0 3 1 0.3142042283 0
0 2 3 3 0 2 0 3 2 1 0 0 3 0 2 0 0 1 1 1 3 3 0 1 3 2 2 2 0 2 1 3 1 1 3 0 0.3302867025 0
0 3 1 0 2 2 2 0 0 0 3 2 1 2 3 1 1 0 2 0 3 3 3 3 0 1 1 0 3 0 3 0 2 0 2 1 0.3142042283 0
3 1 2 0 2 1 2 2 1 1 2 0 0 1 3 3 0 0 1 1 1 1 2 1 1 1 3 0 3 1 3 1 2 0 2 3 0.4323036421 0
3 0 0 3 3 2 0 0 3 1 2 0 0 1 2 1 2 1 0 0 2 0 2 2 0 0 0 0 0 3 2 0 3 2 1 3 0.4693139434 0
0 2 2 0 2 3 0 3 1 1 0 3 1 2 0 0 1 3 1 1 3 3 2 2 2 3 3 1 2 2 0 0 1 2 0 3 0.304113536 0
2 3 0 3 0 2 2 1 2 1 1 2 1 3 0 0 0 3 2 3 1 1 0 2 2 2 0 0 0 3 2 1 1 2 0 1 0.3142042283 0
3 1 3 3 2 2 1 2 0 0 0 2 1 2 1 3 3 0 2 1 2 0 1 1 1 1 2 3 1 2 2 3 2 2 2 0 0.4472135955 0
3 1 3 2 3 0 2 1 3 3 2 2 0 2 2 1 3 3 3 1 0 0 3 1 2 0 3 0 0 3 3 2 3 1 3 3 0.3005423822 0
1 3 1 2 2 3 0 2 0 3 2 0 1 3 3 1 1 1 1 3 1 1 2 2 2 3 2 0 0 2 3 2 0 1 0 0 0.3193901603 0
0 1 3 0 2 3 3 1 3 0 3 2 0 2 3 2 3 3 1 0 2 0 2 1 1 2 2 0 2 0 1 2 0 0 0 3 0.3397347183 0
3 0 0 2 1 3 1 2 0 0 0 0 3 3 0 1 1 1 1 0 3 1 0 0 0 3 0 0 0 1 2 0 3 2 2 0 0.3193901603 0
1 3 2 0 2 2 0 2 3 3 2 3 2 3 2 2 3 0 3 1 2 0 2 2 0 2 3 0 2 2 3 0 1 0 0 1 0.4142135624 0
1 1 0 0 3 2 3 3 2 3 2 1 3 3 0 1 2 3 2 2 2 1 2 2 2 3 1 3 1 3 0 0 1 3 0 3 0.4932215826 0
1 2 3 2 3 3 3 0 2 1 3 1 1 3 0 3 3 0 3 3 0 3 3 3 2 3 1 1 0 2 0 0 1 1 0 3 0.2779609297 0
2 0 1 1 2 0 1 2 1 3 0 1 1 2 2 0 3 2 1 1 1 0 0 2 0 2 0 2 2 2 1 2 3 0 3 1 0.485324478 0
0 0 2 0 1 1 1 1 3 3 3 2 3 3 0 1 3 0 3 3 2 2 3 3 0 2 3 0 0 2 3 2 2 0 0 1 0.2872959339 0
2 0 1 1 0 0 1 0 1 0 1 0 1 3 3 1 3 3 2 2 3 3 0 1 2 0 1 2 1 2 0 0 2 1 3 2 0.3262318082 0
2 0 0 3 3 1 1 2 0 3 3 1 3 3 2 0 1 2 1 3 2 1 0 3 2 1 3 1 1 0 3 2 3 0 3 0 0.3418020796 0
1 3 1 3 0 3 3 0 3 3 1 0 0 2 1 3 1 3 3 2 0 2 2 1 3 0 1 1 2 2 1 3 1 2 1 0 0.2817532212 0
2 0 2 1 2 1 2 2 2 1 3 0 3 3 2 1 3 1 2 3 1 1 1 1 0 1 3 0 2 2 2 0 1 0 0 2 0.4076499498 0
2 1 0 1 2 3 0 1 1 0 2 1 2 0 2 2 3 0 1 0 2 0 0 2 0 2 2 0 0 2 3 1 1 3 1 1 0.6492741221 0
1 0 3 3 3 0 3 1 2 1 2 1 1 3 3 3 2 0 1 1 0 3 3 0 1 1 1 2 0 3 3 1 0 0 0 2 0.2984058257 0
2 3 2 0 0 1 0 2 0 3 2 0 0 2 1 0 1 3 3 1 2 0 1 1 0 0 3 1 0 3 3 1 2 3 1 0 0.3474320193 0
2 1 1 2 1 3 2 3 3 2 3 0 3 3 3 0 0 1 0 0 0 0 1 3 2 0 2 3 2 3 1 0 1 2 2 0 0.3418020796 0
1 3 1 1 0 0 2 3 0 1 2 3 0 0 3 1 3 0 3 1 3 2 0 2 1 0 1 2 0 3 0 1 3 1 3 1 0.3200220867 0
3 0 2 0 3 1 0 1 0 2 0 3 2 2 0 2 1 1 3 3 3 0 2 3 2 1 1 0 1 3 0 0 3 0 3 3 0.2938102447 0
0 3 0 0 2 3 2 2 1 0 0 2 1 0 2 3 3 1 3 3 0 2 1 3 3 0 1 1 3 3 0 3 1 3 2 0 0.354867572 0
3 2 1 3 1 3 3 3 3 3 3 1 3 2 2 3 0 2 1 2 0 1 0 0 3 2 1 1 3 1 3 3 0 1 0 1 0.4334666118 0
1 1 0 0 3 1 1 0 1 1 1 1 1 3 0 2 1 2 3 1 3 3 0 3 0 3 3 0 0 3 0 1 3 0 2 2 0.3597564272 0
2 1 3 0 1 0 1 0 2 1 2 1 3 1 2 3 0 3 0 3 2 2 1 1 3 2 1 1 2 2 2 2 1 1 1 1 0.4802755228 0
3 0 2 2 0 2 3 1 2 0 3 0 3 2 3 3 0 2 0 2 1 3 1 1 3 2 2 0 1 1 2 1 0 3 1 2 0.4932215826 0
3 0 0 0 0 3 1 0 3 0 0 1 3 0 2 1 0 1 3 0 0 0 0 1 1 2 0 2 2 0 1 3 0 0 1 0 0.3727036241 0
2 3 2 1 0 2 3 0 0 3 1 0 2 2 0 3 1 2 2 3 0 3 3 0 0 0 2 1 3 2 2 1 3 1 0 0 0.304113536 0
0 3 2 0 2 1 0 1 0 3 0 2 1 0 1 0 0 0 1 2 1 1 1 1 1 3 3 1 0 1 0 3 0 0 3 0 0.3908225933 0
0 3 3 1 1 1 3 2 1 3 3 0 3 3 2 0 2 0 3 1 3 1 3 2 0 2 1 3 3 2 2 2 3 1 2 0 0.2984058257 0
0 2 0 1 3 1 1 3 3 1 3 3 0 3 2 0 2 2 0 1 1 3 3 0 1 2 2 2 0 0 2 2 0 2 1 2 0.304113536 0
2 3 2 0 3 1 2 2 3 0 3 2 2 3 3 3 2 3 3 3 3 0 3 0 1 2 0 3 0 1 2 1 0 2 1 3 0.2857269627 0
0 1 2 1 0 0 0 2 3 1 0 0 3 3 1 1 3 3 1 2 3 3 0 1 0 2 3 3 0 0 1 2 2 1 1 2 0.4693139434 0
3 0 2 0 1 3 3 0 2 2 1 0 1 3 2 1 0 0 3 1 3 0 3 0 1 3 1 0 3 2 1 3 3 0 2 2 0.3102148911 0
3 2 3 1 1 3 0 3 1 0 1 3 3 0 0 1 1 0 3 2 1 0 3 1 1 2 1 0 2 3 3 0 3 3 2 1 0.363892531 0
3 1 1 1 3 3 0 3 0 1 0 0 1 1 2 1 0 2 2 3 0 0 1 0 0 3 1 0 3 3 0 2 2 0 3 3 0.401454317 0
2 1 0 3 3 3 0 0 0 3 1 0 3 3 3 2 0 3 2 1 2 1 1 1 1 0 3 1 3 0 0 3 3 0 2 1 0.2799771787 0
2 2 3 1 1 0 3 1 2 2 0 0 1 3 2 3 3 3 0 3 0 2 2 1 0 0 1 1 3 2 3 1 0 0 2 1 0.3364806498 0
1 2 0 0 2 2 3 1 3 1 1 2 1 1 3 2 2 1 2 0 3 1 3 3 2 3 0 0 0 1 1 2 1 2 0 1 0.3762779394 0
0 1 1 3 1 2 0 0 2 3 1 0 1 1 0 1 0 2 3 2 2 3 3 3 1 0 0 2 1 2 0 2 1 1 3 0 0.3142042283 0
3 3 1 3 1 1 0 3 2 1 1 1 3 0 0 0 2 2 1 3 1 1 0 3 2 1 1 2 0 1 1 0 2 0 2 1 0.2984058257 0
1 1 2 0 1 2 2 0 3 3 2 2 3 0 3 3 2 3 2 0 0 0 1 0 0 0 3 1 1 3 3 3 3 2 2 2 0.304113536 0
1 1 1 1 2 3 1 2 0 0 1 3 2 3 2 3 2 0 2 1 1 3 1 2 0 3 2 2 2 1 1 3 3 0 2 0 0.3474320193 0
0 0 3 0 0 1 0 1 1 2 3 3 3 3 1 1 2 0 2 2 3 1 1 0 3 1 1 3 1 3 2 1 1 2 3 3 0.3302867025 0
3 3 2 0 2 0 0 1 3 0 0 2 1 3 1 3 2 0 1 2 0 3 2 1 1 2 1 1 2 0 2 1 3 2 3 0 0.3727036241 0
1 2 1 0 1 2 3 0 3 1 2 3 3 1 3 2 1 3 1 1 0 2 3 2 3 2 1 2 2 2 1 1 0 3 3 2 0.4142135624 0
1 0 1 0 1 3 3 3 2 1 2 0 0 0 3 0 1 2 0 3 0 2 0 0 3 1 0 0 1 0 0 0 2 2 1 3 0.3183767839 0
1 1 3 1 2 2 2 1 3 0 0 1 0 1 0 3 0 1 1 2 2 0 0 3 0 0 2 0 0 2 0 3 0 0 3 0 0.3005423822 0
1 1 1 2 1 0 3 3 0 1 2 3 2 1 1 0 1 2 1 3 3 0 1 1 3 1 0 1 2 0 0 3 2 3 2 1 0.5453467918 0
0 3 2 0 2 1 3 2 0 2 0 1 0 3 2 0 1 0 3 1 1 1 1 1 3 3 3 0 0 1 2 1 1 3 2 1 0.363892531 0
1 2 1 2 1 0 0 2 2 0 2 1 0 2 1 1 2 1 0 1 1 0 0 2 0 2 3 1 0 3 3 3 0 3 0 1 0.3519612949 0
3 1 0 3 2 1 2 2 1 0 1 1 3 2 3 2 2 3 0 2 2 3 3 3 3 3 0 3 1 2 2 3 3 1 0 0 0.4142135624 0
0 2 0 1 0 3 2 1 3 2 1 0 3 2 1 2 3 3 2 2 2 0 2 1 0 2 0 0 0 3 3 0 0 2 1 3 0.3397347183 0
0 0 0 3 2 0 1 0 0 0 1 3 1 2 0 0 2 1 3 3 3 1 1 3 0 0 2 0 1 1 0 2 3 0 0 0 0.2898979486 0
1 0 3 0 0 1 3 2 3 2 2 3 1 1 0 0 0 3 1 0 3 1 0 1 0 2 2 3 3 3 3 3 3 0 1 2 0.2898979486 0
3 0 2 0 1 3 2 1 3 2 2 0 0 2 0 3 2 1 2 1 0 0 2 2 1 2 0 3 1 0 2 0 2 0 3 3 0.5071671483 0
3 3 3 0 2 1 0 3 0 3 2 0 2 3 3 2 1 1 2 2 0 1 1 3 2 0 1 0 1 2 2 2 1 1 3 2 0.3597564272 0
3 1 2 3 0 3 2 3 1 3 3 0 1 0 0 3 3 0 0 2 0 0 3 1 3 3 0 2 1 0 3 3 3 1 1 0 0.3727036241 0
2 0 3 3 2 3 1 2 1 3 1 2 0 3 2 0 3 3 3 3 0 1 1 1 1 2 0 2 1 2 1 0 0 3 2 3 0.2984058257 0
3 2 2 2 1 3 3 1 0 0 1 1 0 0 0 3 2 3 1 1 0 0 1 3 2 2 2 1 0 0 1 0 2 1 3 1 0.4627853301 0
1 1 2 1 1 1 3 2 2 3 1 1 0 3 2 2 0 1 2 2 3 0 0 3 0 1 2 3 2 3 3 0 0 1 2 2 0.2960640257 0
1 3 2 1 2 3 2 0 0 3 3 2 3 0 1 1 2 3 1 3 1 3 1 0 1 2 3 1 1 3 2 0 0 3 2 1 0.267115754 0
2 0 2 2 1 3 3 1 3 0 1 2 3 2 0 0 1 3 1 3 1 0 1 1 3 3 1 3 2 3 2 2 1 2 0 1 0.304113536 0
0 0 3 1 3 3 2 0 0 3 2 0 0 1 1 1 0 1 0 3 1 2 2 2 1 3 2 0 2 3 3 3 3 1 3 0 0.2828327539 0
3 1 2 2 3 0 2 0 3 0 2 1 2 3 2 3 3 3 2 2 1 3 2 3 1 2 3 0 2 3 0 1 1 2 3 3 0.3005423822 0
0 3 0 1 2 3 2 1 0 2 1 2 0 0 3 2 3 1 0 0 1 1 1 2 0 1 0 1 0 1 2 0 2 1 1 0 0.3193901603 0
2 2 3 2 2 2 1 0 3 0 1 0 1 3 3 2 2 2 1 0 0 1 3 3 0 3 1 1 1 1 0 1 1 1 0 3 0.3835303427 0
1 2 1 2 1 3 1 0 2 1 1 2 3 0 2 3 0 1 1 2 0 2 0 0 1 2 0 3 2 1 0 0 2 3 3 1 0.279388968 0
3 3 1 1 1 0 2 3 2 2 2 0 0 3 3 2 3 0 3 2 3 2 1 1 1 1 0 0 0 2 2 0 1 3 2 1 0.4142135624 0
2 2 1 2 1 0 3 1 2 3 1 2 3 2 1 2 0 2 0 0 2 1 3 3 0 1 2 3 1 0 0 0 2 3 1 0 0.2648048949 0
2 2 0 0 3 1 2 0 1 3 0 3 3 0 1 2 2 3 2 3 3 2 2 2 2 1 1 2 1 3 0 3 0 0 1 1 0.3572822687 0
3 2 3 3 0 0 0 2 0 3 2 1 0 3 1 0 1 0 0 1 3 0 0 0 3 2 2 1 2 0 0 3 1 1 2 2 0.279388968 0
1 1 2 0 3 3 1 0 2 0 3 0 1 1 0 2 3 2 2 3 1 2 3 2 1 2 2 3 3 1 3 1 0 0 2 3 0.2984058257 0
3 2 1 3 2 3 2 2 1 3 0 3 3 2 1 1 0 3 1 2 3 2 1 1 2 2 1 2 0 3 0 3 1 0 2 0 0.363892531 0
1 2 3 0 1 3 3 1 1 0 3 0 0 0 0 2 3 3 0 0 0 1 0 1 0 0 3 2 0 1 1 0 0 1 2 1 0.2887244073 0
1 2 2 0 0 3 1 2 3 0 1 2 3 0 2 1 1 3 0 1 2 1 2 1 2 0 1 3 1 1 0 1 3 0 0 0 0.3340670182 0
1 2 0 0 2 1 3 0 1 2 1 3 3 2 2 3 1 3 0 3 3 1 2 1 0 0 0 1 0 2 2 0 0 2 0 3 0.282163914 0
1 0 1 2 0 3 3 3 0 0 3 0 0 3 3 2 3 1 3 2 0 0 1 2 0 0 3 3 1 2 0 3 0 1 1 3 0.4257225336 0
1 1 2 0 1 1 2 2 3 0 0 0 2 0 1 3 1 3 2 0 3 3 0 2 0 3 1 3 2 3 1 1 1 2 0 0 0.2938102447 0
3 3 1 1 1 3 1 1 1 2 1 0 1 2 2 1 1 2 2 0 2 2 0 3 3 3 3 2 2 3 0 2 0 1 1 3 0.3107860582 0
2 0 1 2 1 1 0 1 1 2 2 0 0 2 1 3 3 2 2 2 3 3 2 0 1 3 2 0 1 3 0 2 0 1 0 0 0.282163914 0
0 3 1 0 0 3 2 0 3 0 1 1 3 2 3 1 0 3 2 3 2 2 0 1 1 3 2 0 3 3 3 1 0 2 0 0 0.3572822687 0
3 1 1 0 0 2 2 1 0 1 3 2 1 2 3 3 3 1 0 2 2 3 2 0 1 2 1 2 2 0 1 3 0 1 3 1 0.2898979486 0
3 3 0 2 0 2 3 0 3 1 3 2 0 1 3 3 2 2 3 3 0 2 3 0 2 2 0 2 3 1 1 2 0 2 2 2 0.3823332177 0
3 0 0 2 0 2 2 1 0 0 3 3 0 3 2 2 1 1 2 3 2 2 1 1 2 1 0 0 1 2 3 0 2 1 2 2 0.441769316 0
2 1 2 2 1 1 3 3 1 3 2 1 3 1 3 0 0 0 1 3 3 3 1 0 2 1 3 2 1 0 0 1 2 1 3 1 0.3142042283 0
3 2 1 3 3 1 1 1 2 3 1 3 3 3 1 0 1 1 1 1 2 2 2 1 0 2 2 3 0 2 2 1 1 1 1 3 0.4603824247 0
2 3 2 1 1 2 3 3 2 0 1 0 3 1 2 1 1 2 1 3 1 2 1 3 3 3 2 3 3 1 2 0 1 2 3 1 0.363892531 0
3 2 1 0 1 1 1 3 3 2 1 2 0 2 1 3 1 3 1 1 2 2 2 1 0 1 2 0 3 0 0 3 0 0 0 3 0.3439144051 0
1 0 1 1 1 1 3 1 1 2 3 1 3 3 2 0 0 1 2 1 3 3 2 1 3 3 0 2 2 1 1 0 0 3 0 3 0.30137244 0
3 2 0 2 0 2 0 3 3 0 1 2 0 3 0 0 1 1 1 3 0 1 3 1 0 1 3 3 0 0 1 1 2 0 2 2 0.3262318082 0
3 3 0 3 1 3 3 1 0 0 3 3 0 1 2 1 3 0 3 1 2 2 3 1 0 0 0 0 1 1 0 1 1 0 0 0 0.3418020796 0
1 1 0 1 1 2 1 0 3 1 1 1 0 3 2 1 2 3 1 3 0 0 1 1 3 1 0 1 2 2 1 0 0 2 1 3 0.2898979486 0
0 0 1 1 3 3 0 0 3 2 1 1 3 0 2 3 0 2 2 0 2 3 3 0 2 1 0 1 3 3 2 3 2 2 0 2 0.4472135955 0
3 3 3 3 3 3 1 1 0 3 0 3 2 3 1 2 1 1 3 0 1 2 0 2 2 1 2 0 0 3 0 1 2 0 1 3 0.3397347183 0
1 0 3 0 2 0 0 0 0 1 1 0 3 0 1 3 1 1 0 0 0 1 3 1 3 2 3 1 0 1 1 2 1 2 1 3 0.3024094072 0
1 2 3 3 3 0 1 0 3 0 1 1 2 0 3 0 2 2 3 1 3 3 3 1 3 0 2 0 0 3 3 1 2 1 2 3 0.5268548582 0
2 0 2 2 3 0 2 0 0 2 2 3 3 2 2 3 3 1 0 3 1 3 2 2 1 3 1 3 1 3 0 2 1 0 3 2 0.3238107005 0
2 0 3 0 0 0 1 1 2 0 1 2 1 1 1 0 0 1 2 2 0 0 0 0 2 1 0 3 1 3 1 2 2 3 2 3 0.3519612949 0
3 2 2 0 0 2 1 2 0 2 0 2 3 1 1 0 3 2 3 2 2 1 1 1 2 2 1 0 0 1 1 1 3 1 0 0 0.3392530566 0
1 0 0 2 1 0 0 3 2 0 1 1 0 2 2 2 1 3 1 1 0 1 2 2 3 2 0 3 1 2 3 0 0 3 2 3 0.388756727 0
3 3 2 1 3 1 2 0 1 1 2 1 0 3 3 3 0 1 1 2 0 3 0 0 0 1 1 3 0 3 2 3 1 3 3 0 0.2918317294 0
3 0 0 2 3 3 2 1 2 0 2 2 2 1 0 1 1 2 1 2 1 1 3 2 3 3 3 3 2 1 3 3 3 3 3 0 0.3133855929 0
0 0 3 2 2 1 1 0 1 0 0 2 0 1 3 2 0 0 2 0 0 2 0 2 0 0 1 1 1 1 3 2 2 0 2 2 0.2984058257 0
0 3 0 0 3 3 2 3 0 3 3 0 0 3 3 2 0 0 1 0 3 1 1 2 3 0 2 2 2 1 3 3 2 0 0 0 0.388756727 0
0 1 2 1 3 3 2 1 0 1 0 0 2 2 3 3 1 3 2 2 1 2 1 2 2 3 2 2 3 3 3 1 1 2 2 1 0.2804379536 0
1 0 0 2 1 3 1 2 2 3 3 1 0 3 0 1 0 0 3 1 0 0 0 2 3 2 3 0 3 0 0 2 1 0 0 3 0.6492741221 0
1 0 1 1 2 3 0 0 2 1 3 3 0 3 2 2 3 2 1 2 3 0 2 2 3 2 1 3 3 0 3 3 1 1 1 0 0.3255563301 0
1 2 3 3 2 3 1 3 0 0 1 1 0 0 1 2 3 3 0 3 3 0 1 0 3 2 3 0 0 3 0 2 3 3 0 3 0.4239685927 0
3 1 0 3 0 0 0 3 3 2 3 3 2 2 3 3 1 1 1 1 0 0 2 3 0 3 3 3 2 1 1 0 3 2 3 0 0.485324478 0
3 0 3 2 2 2 2 0 1 3 1 1 0 0 1 1 0 1 3 3 2 1 0 1 2 1 0 0 1 1 0 3 3 0 0 3 0.2921175608 0
1 1 2 1 2 0 1 1 1 3 2 2 0 0 1 1 2 3 1 1 2 0 2 0 3 1 1 3 3 1 1 0 3 3 2 3 0.2971110716 0
0 3 0 2 3 3 0 2 3 1 3 3 0 3 1 2 1 3 0 3 1 3 2 3 2 2 1 1 1 3 1 3 0 0 2 2 0.388756727 0
1 2 0 2 0 3 1 2 1 2 3 2 2 0 0 3 3 0 3 3 1 2 2 0 0 2 3 2 3 0 2 1 3 2 3 0 0.3835303427 0
3 2 2 1 2 2 3 3 0 1 0 3 1 3 1 0 0 2 3 2 0 3 2 2 1 0 0 0 3 3 0 3 0 1 2 2 0.2898979486 0
2 2 3 0 0 0 0 3 0 3 2 0 3 0 2 1 2 1 1 1 3 2 1 2 2 0 2 2 3 0 0 1 1 1 3 1 0.3859659456 0
1 2 1 1 1 0 3 0 2 0 3 1 0 1 0 3 0 3 1 2 0 0 2 1 2 1 2 3 1 0 0 0 0 1 0 0 0.3418020796 0
2 2 1 3 1 3 1 1 1 2 3 2 2 3 0 0 2 0 0 3 3 3 0 0 0 3 1 0 3 0 3 2 3 1 2 1 0.3136974129 0
2 1 1 3 3 0 0 3 2 2 3 3 0 0 1 3 2 2 3 1 3 1 2 0 1 2 3 1 2 2 2 1 0 2 3 2 0.375585761 0
2 0 3 2 2 0 1 2 2 0 0 1 3 1 3 0 1 2 2 3 1 2 2 0 3 0 2 1 3 3 2 1 2 2 1 0 0.2984058257 0
2 2 2 2 3 2 2 3 2 2 1 0 2 2 1 0 0 0 0 0 0 2 2 1 0 3 2 3 0 2 1 1 2 2 1 3 0.3005423822 0
3 2 1 1 0 3 2 1 3 3 3 3 2 1 0 2 1 3 2 1 3 3 1 2 2 3 3 0 2 3 0 2 2 1 0 0 0.3364806498 0
1 3 2 1 1 2 1 2 1 0 2 1 0 0 1 0 3 0 1 0 1 3 3 1 2 0 2 0 0 0 0 1 1 0 1 3 0.354867572 0
0 3 0 2 3 2 0 0 1 2 3 0 0 2 3 2 2 0 3 3 1 1 1 2 3 0 0 2 3 0 3 1 0 3 3 2 0.4076499498 0
3 0 3 2 1 3 0 0 2 1 2 3 2 1 1 2 3 2 1 1 2 0 1 1 2 1 1 3 3 1 0 3 3 2 1 0 0.3488096012 0
3 0 0 0 2 0 1 2 3 1 1 0 0 2 3 0 3 0 2 1 3 2 1 2 1 2 1 2 1 3 0 3 0 1 1 2 0.3364806498 0
3 2 1 1 2 0 1 3 0 0 3 3 1 3 0 3 1 2 1 1 3 1 3 1 1 3 3 3 2 2 3 3 2 2 3 2 0.5927255389 0
3 0 0 3 0 0 1 1 2 0 1 3 1 1 0 0 1 0 0 3 0 3 2 0 1 2 0 3 0 1 1 0 1 0 3 0 0.4693139434 0
1 3 2 0 0 2 1 1 2 0 0 0 0 2 0 1 0 3 0 1 2 1 0 0 1 0 1 0 0 2 0 2 1 1 1 3 0.2898979486 0
2 1 3 1 0 3 1 0 3 3 0 0 2 1 3 1 1 0 1 1 2 0 0 2 3 3 3 1 1 0 3 2 3 1 3 3 0.3142042283 0
1 3 1 2 2 0 3 0 3 1 0 0 2 2 1 3 0 1 3 1 0 3 0 0 2 2 3 3 2 0 3 3 0 1 1 1 0.4142135624 0
2 2 0 0 1 2 3 1 2 1 1 3 0 1 0 0 3 0 1 2 0 3 0 3 3 1 1 3 3 1 1 0 1 1 3 3 0.3183767839 0
2 3 2 0 2 1 3 1 0 0 3 1 2 0 0 0 1 0 0 2 1 3 0 3 2 3 3 2 2 2 2 0 0 3 1 0 0.3572822687 0
0 1 1 1 1 0 0 1 1 0 3 2 1 3 2 0 0 3 3 0 1 1 1 2 3 1 1 1 1 3 2 2 0 1 1 0 0.4493617321 0
1 0 1 0 3 0 3 0 3 3 2 2 2 3 0 2 2 2 3 0 0 3 3 1 2 0 0 3 1 1 0 3 2 0 2 3 0.375585761 0
1 0 0 1 2 0 1 0 0 2 0 3 0 1 3 3 1 3 3 2 2 2 0 2 2 2 1 2 0 2 0 3 2 1 0 3 0.4184720066 0
1 1 0 0 3 1 3 2 0 3 0 0 2 2 1 1 0 3 0 3 0 3 2 0 2 3 3 0 0 3 1 1 1 1 1 2 0.4257225336 0
3 3 3 1 2 3 3 0 3 2 0 3 0 1 3 2 2 3 2 1 3 0 0 1 0 0 1 1 0 3 3 3 1 0 1 3 0.3418020796 0
0 1 0 2 3 3 2 0 3 3 1 1 1 3 3 2 2 3 3 2 1 1 0 2 0 2 2 1 1 3 0 3 3 3 1 3 0.4627853301 0
0 3 2 2 1 3 3 2 3 3 2 1 2 2 3 0 3 3 2 0 1 2 2 0 3 3 3 0 1 1 2 2 0 2 2 3 0.4627853301 0
1 2 2 1 0 1 3 2 3 0 0 2 0 1 0 0 2 3 2 1 1 1 0 3 2 1 3 3 0 0 3 3 1 0 2 0 0.2984058257 0
1 0 0 1 3 1 3 2 1 2 2 1 3 1 3 2 1 0 1 2 0 3 0 2 3 0 1 1 0 1 0 2 2 0 0 3 0.4142135624 0
1 0 2 1 0 2 0 3 3 1 1 2 2 0 3 2 0 2 0 0 3 0 0 1 0 3 2 2 0 1 2 1 0 3 1 0 0.6492741221 0
2 1 0 1 0 2 0 1 0 3 1 0 3 0 0 2 0 2 1 2 2 1 1 0 0 0 2 2 2 1 1 2 2 3 2 3 0.4932215826 0
2 2 0 0 0 2 3 2 2 2 1 0 0 0 2 2 0 2 2 2 2 3 2 0 1 3 0 1 1 2 0 2 3 1 1 0 0.5761894145 0
0 1 0 1 2 1 1 2 0 2 2 0 0 1 0 0 3 2 0 0 3 0 1 2 3 3 2 2 1 0 2 1 0 0 2 0 0.4097489124 0
1 2 3 3 3 3 1 3 0 2 0 2 0 3 1 2 0 0 0 1 2 0 3 3 2 2 3 3 2 2 1 0 0 1 3 3 0.2850346585 0
1 3 0 1 3 3 2 3 2 0 2 2 3 3 3 2 2 3 2 3 3 3 3 0 1 0 1 3 2 0 0 2 3 1 2 0 0.3102148911 0
2 0 0 3 2 3 1 0 3 3 2 2 1 3 3 3 1 3 1 1 3 3 3 0 3 1 2 0 3 2 0 1 2 1 3 3 0.3835303427 0
2 3 0 3 2 1 2 1 0 0 1 0 3 1 0 1 2 2 3 3 0 1 3 2 0 3 3 0 2 2 1 2 1 3 0 0 0.3655178698 0
1 3 0 3 1 3 1 1 2 3 2 2 0 0 2 3 2 1 3 1 1 3 0 0 0 1 0 2 1 1 2 0 0 1 0 2 0.4257225336 0
2 1 0 1 2 2 1 3 0 3 1 0 3 0 3 0 0 3 2 0 0 0 0 1 3 0 3 3 2 3 2 3 3 3 2 0 0.3648939865 0
3 1 1 2 1 2 2 0 3 2 3 3 3 1 1 0 1 2 1 0 1 3 3 1 3 2 3 1 3 3 3 0 3 3 1 3 0.2930491235 0
2 1 3 1 2 2 1 0 1 0 3 0 1 2 2 1 0 1 3 1 1 1 0 1 0 1 2 2 2 1 2 0 2 2 2 0 0.317756027 0
2 3 1 0 2 2 1 2 2 1 3 2 2 0 2 0 3 3 1 1 0 1 2 3 2 0 2 3 0 2 2 3 0 3 2 2 0.363892531 0
0 3 1 0 2 0 0 3 0 3 2 3 1 0 2 0 0 1 1 2 1 1 3 2 3 2 0 1 3 2 3 2 3 0 2 3 0.3418020796 0
1 2 2 1 1 3 2 2 2 1 2 3 2 0 3 2 0 0 2 3 2 2 1 0 3 0 2 3 0 0 3 0 1 0 1 1 0.658343468 0
3 2 3 3 0 3 0 2 0 2 1 0 2 1 2 0 0 1 3 1 3 1 2 0 3 1 0 0 3 0 3 2 0 3 0 2 0.2868593513 0
0 1 2 3 2 0 3 3 3 1 2 0 2 1 3 3 0 3 1 3 2 1 3 2 0 2 1 0 2 0 1 1 2 3 3 1 0.2898979486 0
3 3 2 3 0 1 3 0 2 1 2 1 2 3 2 3 0 0 1 2 3 0 0 0 1 2 2 0 0 2 1 2 0 0 3 3 0.3698994287 0
3 1 0 2 1 2 0 1 0 0 2 1 1 3 3 0 1 3 1 2 3 1 0 1 1 3 3 2 0 1 2 1 1 0 2 3 0.363892531 0
1 1 2 2 0 0 1 0 3 0 1 3 2 0 3 3 2 1 2 0 1 1 3 0 3 3 3 3 0 1 2 3 0 2 0 1 0.2651378637 0
1 0 1 3 3 2 3 3 2 1 2 1 3 0 3 3 0 1 0 0 3 2 1 1 1 2 3 0 2 1 3 2 2 2 0 1 0.4142135624 0
0 2 3 2 3 3 3 3 2 0 3 2 3 1 1 0 0 2 3 2 1 2 2 3 2 3 3 2 0 2 1 1 1 1 0 2 0.2958353457 0
2 1 3 2 1 3 1 3 2 3 2 1 0 0 0 1 0 3 2 0 1 0 0 3 3 1 1 1 0 0 1 1 1 3 1 2 0.2984058257 0
3 1 3 0 0 3 0 3 2 1 1 2 1 0 3 0 1 1 1 1 2 3 2 0 1 0 0 2 1 1 3 0 3 2 0 1 0.4091647842 0
3 3 0 1 2 0 1 1 3 1 0 2 2 2 1 0 0 2 2 1 2 0 0 3 2 0 3 1 3 2 3 1 2 0 2 1 0.79210615 0
2 1 1 0 0 2 1 3 2 0 0 1 2 1 1 0 1 2 0 3 1 0 1 2 2 2 3 1 2 2 3 0 3 1 2 3 0.3302867025 0
3 3 1 1 0 1 2 0 2 2 3 2 3 3 2 1 3 2 0 3 1 3 3 2 0 3 3 3 1 3 2 1 2 0 2 0 0.4142135624 0
3 1 2 2 0 0 3 0 2 2 1 3 3 0 2 3 3 2 2 0 2 1 0 1 1 0 0 1 1 1 3 3 1 1 1 0 0.3572822687 0
3 3 3 2 0 2 2 0 2 3 2 0 3 3 1 0 3 2 1 0 3 2 2 3 0 3 0 3 3 3 3 3 1 3 1 3 0.3698994287 0
2 1 0 3 1 1 1 2 1 2 2 1 1 0 0 2 0 2 0 1 3 3 1 1 3 0 0 0 1 0 2 2 0 1 1 3 0.304113536 0
2 3 3 1 1 0 2 3 3 2 2 0 1 3 1 2 2 1 0 1 3 0 0 1 0 3 2 2 2 3 0 2 1 1 0 1 0.3572822687 0
2 2 1 2 1 3 0 1 0 3 1 3 1 0 1 0 2 1 0 1 1 2 0 1 1 2 2 1 0 0 1 2 1 2 2 2 0.3572822687 0
2 0 3 0 0 2 2 0 2 3 2 0 3 1 3 1 2 1 0 3 2 2 1 0 0 0 1 1 0 2 2 3 1 0 3 1 0.4142135624 0
3 1 1 2 1 0 0 0 0 2 2 1 1 3 3 3 3 2 0 2 0 3 1 2 3 1 1 0 1 3 0 2 0 0 3 3 0.4565940367 0
3 2 1 3 2 2 0 0 0 3 3 2 3 3 1 1 0 2 1 0 2 1 3 3 1 2 3 1 2 2 3 1 2 3 3 0 0.4184720066 0
1 0 3 3 0 1 1 0 1 0 0 2 1 0 2 1 0 0 2 3 2 0 0 0 1 1 3 1 0 2 2 0 2 3 0 1 0.4472135955 0
1 1 0 1 0 3 2 3 1 2 1 0 2 3 2 3 0 0 2 3 1 3 0 2 0 3 1 1 1 2 2 2 1 1 2 1 0.2806875398 0
0 1 2 1 3 3 2 0 3 0 0 3 3 0 2 1 0 0 0 0 3 2 0 1 0 0 1 0 1 0 0 0 3 3 2 3 0.3364806498 0
1 0 2 2 2 1 1 1 1 2 3 1 1 2 2 2 0 3 1 3 0 2 2 3 3 2 2 1 1 2 1 3 0 2 1 2 0.328983447 0
1 1 2 1 1 2 0 1 1 0 3 2 3 0 2 1 1 1 3 1 0 3 2 3 3 3 1 1 3 2 2 3 0 0 1 2 0.4365680863 0
2 3 3 3 0 0 1 2 3 2 2 3 2 2 0 0 3 2 0 2 3 2 2 3 2 3 0 2 0 2 0 3 3 2 0 0 0.388756727 0
3 2 0 1 2 1 2 1 2 1 1 1 2 1 3 1 1 0 3 2 2 0 2 1 2 2 0 3 1 3 2 1 1 3 1 1 0.2924043498 0
0 0 0 2 1 1 2 0 1 0 0 2 3 2 1 0 0 0 2 2 1 2 2 1 1 1 1 1 1 3 2 0 3 3 1 3 0.2984058257 0
2 3 0 2 1 0 3 1 0 1 1 2 1 3 1 0 2 3 0 2 3 3 0 3 0 1 1 0 3 2 1 0 1 3 2 0 0.2832488209 0
2 3 3 3 2 2 1 1 0 1 1 3 1 2 1 3 0 0 1 1 1 3 1 3 0 3 0 0 2 1 0 1 0 1 1 2 0.3255563301 0
2 3 1 3 1 2 0 3 3 0 2 2 0 0 2 1 0 2 2 3 2 0 0 1 1 3 3 3 2 2 3 3 1 3 2 3 0.282163914 0
2 2 2 0 2 1 0 1 2 3 2 0 3 2 3 1 2 1 3 2 2 3 2 1 3 3 0 1 2 3 1 1 3 3 0 0 0.2984058257 0
1 0 1 3 2 1 3 3 3 3 3 2 0 3 0 3 1 3 2 3 3 1 1 1 2 0 0 3 3 1 2 0 3 2 1 3 0.363892531 0
3 1 3 3 3 0 2 0 3 3 3 1 0 3 3 3 3 0 2 0 0 3 0 3 2 2 3 2 1 1 3 1 3 0 1 1 0.3142042283 0
2 3 3 0 2 1 3 3 1 3 2 1 1 1 2 3 0 0 3 2 3 0 3 0 1 3 3 0 2 3 2 0 0 1 3 0 0.3273351788 0
2 3 2 0 2 3 3 1 1 1 0 1 0 1 2 0 3 0 0 3 0 2 3 1 1 1 2 3 2 2 0 0 1 0 3 2 0.304113536 0
0 3 1 1 3 1 2 3 0 2 1 3 0 2 0 0 1 3 3 2 1 0 1 3 3 3 1 3 3 2 3 3 1 0 1 3 0.3142042283 0
2 0 2 2 2 3 3 3 3 3 3 0 2 3 0 3 3 1 0 2 3 1 3 1 0 2 0 3 1 2 0 3 1 0 3 3 0.3496707166 0
3 0 1 0 2 3 3 1 0 1 2 2 2 2 3 1 1 3 3 0 1 0 2 2 2 1 3 2 3 0 1 1 1 2 2 3 0.5362851655 0
3 3 0 0 1 3 3 2 2 1 2 1 1 3 3 0 1 3 2 1 2 1 2 3 1 3 1 0 3 0 3 0 1 3 0 3 0.3418020796 0
1 1 2 0 2 0 3 1 1 2 1 3 3 1 3 0 0 3 1 2 0 3 1 3 0 0 3 2 2 0 2 2 3 3 3 0 0.401454317 0
1 0 0 1 0 2 0 1 0 2 1 3 1 1 3 2 2 2 0 2 0 2 2 3 2 3 3 3 2 3 1 2 3 3 1 3 0.363892531 0
3 3 2 2 1 2 0 3 0 1 3 3 1 3 3 0 0 2 2 3 0 1 3 1 1 1 1 1 3 3 0 3 3 2 1 2 0.2898979486 0
3 0 2 0 2 3 2 2 1 3 0 2 1 1 3 0 2 0 2 2 3 0 0 1 3 3 2 3 1 0 0 3 0 3 3 3 0.2976033507 0
3 2 2 0 0 0 1 1 1 2 2 1 1 2 1 0 2 2 1 0 3 1 2 2 3 3 0 1 3 3 2 0 1 1 3 1 0.4871437184 0
0 1 0 1 2 0 1 2 3 3 0 1 1 3 0 3 0 2 0 2 2 3 2 0 1 2 3 0 0 0 0 1 1 0 0 3 0.3597564272 0
0 1 2 0 1 0 0 2 2 0 3 1 2 0 1 1 1 2 0 2 2 3 2 1 3 0 3 2 0 3 3 2 1 0 0 1 0.3018893954 0
3 2 2 1 3 1 0 2 1 3 2 2 3 1 1 1 1 2 1 3 1 0 0 3 0 2 3 0 2 1 0 2 0 0 0 2 0.3603494589 0
3 3 2 0 2 3 0 1 1 2 3 1 2 2 0 2 1 1 0 0 2 0 1 3 1 3 0 1 0 3 3 1 0 2 2 2 0.3210538243 0
2 2 3 2 3 0 1 3 2 0 1 3 0 3 1 1 2 1 3 0 0 2 2 2 3 1 3 0 1 0 3 0 1 2 1 1 0.3364806498 0
1 0 0 2 1 2 0 3 0 2 2 0 2 2 1 1 2 3 0 1 1 3 0 1 3 3 0 2 2 1 1 0 3 3 1 2 0.3804245211 0
3 1 1 3 2 0 0 0 2 0 0 2 3 3 1 0 0 2 3 1 2 0 3 1 1 1 1 2 3 1 3 3 1 0 1 2 0.2898979486 0
0 1 1 0 1 2 2 3 2 0 1 0 1 3 1 0 1 1 0 2 3 2 2 3 3 2 1 0 0 0 3 0 2 2 2 3 0.3418020796 0
0 0 0 1 1 0 1 3 2 1 2 1 0 1 2 2 1 3 2 2 2 2 3 2 3 2 1 3 0 2 0 0 1 0 1 0 0.3018893954 0
0 0 2 1 1 0 2 0 3 1 3 0 0 2 3 0 2 2 1 2 1 1 2 1 0 1 1 0 0 0 2 3 1 1 1 1 0.2898979486 0
3 3 3 0 3 3 1 1 1 3 2 2 0 0 3 1 1 3 2 3 2 3 1 3 2 2 2 1 2 1 1 2 3 2 1 3 0.363892531 0
2 1 2 2 0 1 1 0 0 2 1 3 0 1 3 1 2 3 2 2 1 1 0 2 0 2 3 3 0 0 0 1 3 1 3 0 0.4932215826 0
2 0 2 0 0 3 2 0 3 0 2 0 3 2 0 3 3 2 1 0 3 2 3 1 1 0 2 1 1 0 2 1 0 0 2 1 0.2887244073 0
0 0 0 2 1 2 0 2 3 0 1 3 3 0 2 2 2 3 0 0 0 2 2 1 0 2 1 3 3 3 0 2 2 3 2 2 0.5336088039 0
3 1 1 1 2 1 1 0 1 1 3 0 3 0 1 3 3 2 2 1 2 2 3 1 1 0 1 3 0 2 2 2 0 0 0 2 0.4334666118 0
0 2 3 3 3 3 2 2 3 3 2 0 0 2 3 2 1 2 0 3 2 2 3 3 0 0 2 3 1 1 3 1 2 0 3 0 0.2925820765 0
2 0 3 2 3 3 2 1 0 1 0 0 3 3 1 2 3 3 2 2 2 1 3 3 3 2 3 2 1 0 0 0 2 3 1 0 0.3018893954 0
2 2 2 2 1 2 3 3 0 0 0 3 3 3 3 1 3 0 3 2 3 2 0 0 0 0 1 3 1 3 0 3 3 3 3 0 0.4097489124 0
3 2 1 1 0 3 1 2 3 1 2 2 3 0 0 1 0 2 3 3 3 0 1 0 2 3 0 3 0 0 1 0 2 2 0 3 0.3157755779 0
1 3 0 2 1 1 3 0 2 2 0 0 2 0 1 3 1 0 3 2 3 0 1 2 0 1 1 1 1 0 3 1 1 2 3 2 0.3142042283 0
3 3 2 3 2 3 2 0 1 2 2 0 3 0 3 3 3 0 0 0 1 0 1 1 1 1 1 0 3 2 3 2 1 3 2 1 0.3055166403 0
3 2 2 1 3 1 0 0 3 3 1 3 1 1 0 0 0 2 1 3 2 1 3 1 2 0 3 2 0 1 0 1 2 3 2 0 0.388756727 0
0 3 3 2 1 3 1 2 2 1 1 0 0 1 1 0 0 1 1 0 1 0 3 2 0 2 2 1 0 2 2 3 2 3 0 3 0.3620613984 0
3 0 1 2 3 3 3 2 2 0 0 2 1 0 1 0 0 3 1 0 2 2 1 0 1 3 1 1 0 3 0 0 3 3 3 3 0.3496707166 0
3 0 2 2 2 2 3 1 0 3 0 0 0 1 2 1 2 2 2 3 0 0 1 0 3 1 2 0 3 2 2 3 0 0 2 1 0.4101114678 0
1 0 3 2 2 2 3 3 0 3 1 1 2 2 0 0 0 2 0 2 1 0 0 3 2 1 3 3 0 2 0 0 2 1 2 2 0.3804245211 0
0 0 2 1 3 1 2 3 2 3 3 0 3 3 3 3 0 3 1 1 3 2 0 1 3 3 3 0 0 0 3 2 0 2 0 0 0.3000332808 0
3 0 1 3 2 0 1 0 0 3 1 0 3 3 2 3 1 1 3 1 1 1 1 3 2 0 1 1 3 1 0 0 0 2 3 1 0.3255563301 0
2 0 2 1 3 3 2 1 3 0 1 3 0 0 3 3 1 2 3 1 0 2 1 1 2 1 0 1 1 0 3 0 1 2 1 0 0.3142042283 0
3 2 3 3 3 2 3 1 0 0 1 2 0 3 1 3 2 1 1 2 1 1 2 3 2 0 2 1 0 1 1 1 1 0 2 3 0.3572822687 0
1 1 2 1 2 3 3 2 2 2 1 1 1 3 0 0 1 3 3 0 2 2 2 3 2 1 2 1 2 0 0 1 0 1 2 3 0.3964268956 0
3 0 3 2 1 0 0 3 3 2 1 2 1 3 2 1 3 2 1 0 2 3 1 1 3 2 0 3 0 2 3 2 3 2 0 1 0.5453467918 0
2 1 0 3 2 3 0 0 1 3 0 2 2 2 3 1 2 1 3 2 0 3 3 0 2 2 3 2 0 2 2 0 1 3 0 3 0.375585761 0
2 3 0 0 0 2 0 0 1 1 0 1 2 1 1 0 2 1 1 1 3 2 2 1 3 3 3 2 0 3 3 2 3 3 1 1 0.282163914 0
2 3 1 0 2 1 0 2 0 3 1 2 1 3 2 3 1 3 3 0 3 0 0 1 0 1 1 0 0 1 3 2 0 2 3 0 0.375585761 0
0 2 3 2 2 0 3 0 2 0 2 0 1 2 0 3 0 0 0 3 2 2 3 1 1 1 3 2 1 3 1 0 0 1 1 0 0.375585761 0
0 0 1 1 0 2 0 1 2 3 1 1 0 1 3 2 1 0 3 2 0 0 0 2 1 1 2 3 2 0 3 0 2 2 2 0 0.3183767839 0
3 3 2 1 0 2 2 3 0 0 1 0 2 0 2 0 0 2 2 3 0 2 2 1 3 2 2 2 1 1 0 3 1 3 1 2 0.2898979486 0
2 3 1 2 0 0 2 2 1 0 3 3 1 2 0 1 3 2 0 3 1 3 1 2 1 0 1 2 2 1 2 1 3 3 3 1 0.4142135624 0
1 1 3 3 0 3 3 2 3 3 0 0 0 0 2 0 2 1 1 0 2 3 1 3 3 2 1 2 1 2 0 2 3 1 0 2 0.282163914 0
1 3 0 0 2 3 3 0 0 2 3 3 1 2 1 3 2 2 3 2 1 1 3 1 1 0 3 3 1 0 3 0 0 3 0 2 0.2958353457 0
2 1 3 2 2 2 0 0 2 2 2 3 0 2 2 0 3 2 2 3 1 1 1 2 3 3 3 2 3 3 0 0 2 1 3 3 0.3183767839 0
0 2 0 2 0 3 3 0 3 1 0 0 0 1 3 1 2 1 0 0 1 1 0 0 0 0 3 1 1 2 0 2 1 3 0 3 0.4286189735 0
1 3 0 0 3 2 2 3 1 1 0 2 2 3 0 0 3 1 2 0 3 2 3 1 1 0 0 0 1 1 1 2 3 0 2 2 0.3183767839 0
2 0 3 2 0 2 3 2 3 1 0 1 1 0 1 1 1 1 2 0 1 1 2 0 2 3 0 1 1 0 0 0 2 1 1 0 0.3102148911 0
0 1 3 0 1 2 0 1 0 0 1 1 1 0 2 3 1 2 0 2 1 2 2 0 1 1 0 0 2 1 0 3 1 1 2 3 0.2925820765 0
3 1 2 3 2 0 1 1 0 3 3 1 0 0 2 1 3 2 3 1 0 0 0 3 3 2 1 1 0 1 0 1 2 0 1 0 0.3597564272 0
1 1 0 0 2 2 1 0 3 0 0 2 1 0 0 0 2 3 0 0 2 2 0 3 3 2 1 1 2 2 1 2 0 3 1 0 0.3474320193 0
2 0 2 0 1 2 1 0 2 2 3 1 1 1 3 1 3 0 0 1 0 2 3 1 3 3 1 2 1 0 1 0 1 3 3 1 0.6492741221 0
1 0 0 2 3 3 2 1 2 2 2 1 1 3 3 1 2 1 0 0 0 0 2 1 2 1 0 2 2 1 1 0 1 1 1 0 0.3972693932 0
0 2 1 1 3 1 0 3 3 2 2 2 3 2 3 3 3 2 3 2 2 2 3 2 3 1 0 3 2 1 2 2 1 1 2 0 0.3035834115 0
3 1 1 1 1 0 0 2 2 1 2 1 1 1 0 1 0 1 3 2 3 2 2 2 2 0 2 1 1 2 3 1 0 1 1 3 0.5071671483 0
3 2 0 0 3 2 0 0 1 0 3 1 2 3 3 0 2 0 2 1 2 0 1 1 0 0 3 0 1 1 1 0 2 1 1 2 0.3018893954 0
1 1 1 3 3 3 3 1 1 0 2 3 1 1 2 3 1 1 3 2 1 2 1 1 0 2 2 2 1 2 0 2 2 2 2 1 0.5562878098 0
3 3 3 3 3 1 1 3 2 2 2 0 1 1 0 3 0 2 1 2 1 0 2 2 0 1 3 3 3 0 2 2 1 1 2 0 0.4472135955 0
0 1 1 1 1 2 0 2 0 3 0 1 1 2 1 0 3 1 0 1 3 1 2 2 1 2 1 2 2 2 1 0 0 1 0 3 0.2850346585 0
0 1 0 0 1 0 2 1 3 0 2 2 3 1 1 1 1 1 3 1 1 1 3 3 1 2 2 3 2 2 3 1 3 1 0 1 0.3142042283 0
3 3 0 0 0 3 3 2 2 1 0 0 1 1 1 0 1 0 3 3 2 1 1 2 1 3 2 3 3 3 0 0 0 2 2 3 0.3555150496 0
2 3 0 2 2 2 3 3 3 2 2 0 0 3 2 2 3 1 3 1 0 2 3 2 2 3 1 2 1 1 3 2 1 1 3 0 0.3102148911 0
1 2 1 2 2 2 1 1 2 3 2 2 2 3 3 3 3 3 0 3 2 3 0 0 0 1 1 2 0 3 1 1 3 1 1 2 0.3142042283 0
0 1 3 0 0 2 3 0 1 2 2 0 0 3 1 0 0 3 3 3 1 3 0 0 3 2 2 2 0 0 3 3 3 1 2 0 0.3572822687 0
0 0 1 3 2 1 2 0 1 3 2 3 1 3 2 2 1 0 1 3 0 0 1 2 0 0 3 3 1 2 0 3 1 2 1 2 0.4142135624 0
3 1 2 3 0 3 0 3 2 2 1 3 2 3 2 0 1 2 2 3 0 0 3 0 2 0 1 3 2 0 3 0 1 3 3 3 0.3255563301 0
3 2 3 1 2 0 2 3 1 2 2 1 3 1 0 0 0 2 0 1 3 1 0 2 1 2 0 1 2 1 0 2 0 3 2 1 0.3921195512 0
2 0 1 3 3 3 2 3 1 3 2 3 2 3 1 1 1 3 3 2 1 2 2 0 1 1 3 2 0 0 0 0 0 1 0 2 0.282163914 0
1 0 3 1 2 3 2 3 1 1 3 2 1 2 2 1 3 2 0 2 0 3 3 0 3 3 2 2 3 1 2 1 3 0 1 3 0.3157755779 0
3 3 0 1 0 2 2 0 2 1 1 0 0 3 0 1 0 3 3 1 0 3 1 3 1 1 0 1 1 3 0 2 1 0 2 1 0.304113536 0
3 1 3 2 0 3 1 1 0 2 1 1 0 2 2 0 3 2 2 2 2 3 3 3 0 3 1 0 2 1 2 1 2 1 0 2 0.3314388929 0
0 0 3 2 0 0 3 1 2 3 3 3 0 2 0 3 1 2 3 0 1 0 1 3 1 0 2 0 0 2 3 1 3 1 3 3 0.375585761 0
1 1 3 1 2 2 3 0 3 3 1 2 0 1 1 2 0 1 3 3 2 2 3 1 1 0 0 3 1 1 0 2 1 3 3 1 0.282163914 0
3 3 2 2 1 1 1 3 0 3 1 3 2 1 3 3 1 0 2 0 0 3 1 0 1 3 2 0 1 1 2 1 3 3 2 1 0.5531708459 0
0 0 1 0 2 3 2 1 0 3 2 2 0 3 2 1 3 3 0 0 0 3 1 1 1 3 1 1 2 2 3 3 0 1 3 2 0.3102148911 0
0 1 3 2 3 1 3 0 3 0 1 2 3 0 1 2 3 3 1 0 3 2 1 1 1 1 1 3 3 0 1 1 3 0 1 0 0.2930491235 0
3 2 1 0 2 3 3 0 0 0 3 2 0 1 0 2 1 0 3 1 2 3 0 1 0 2 0 0 3 0 0 0 0 1 0 1 0.3474320193 0
1 1 0 1 1 0 0 0 0 3 3 1 2 0 1 0 0 1 2 1 2 0 0 2 1 3 1 3 3 0 0 1 0 3 3 2 0.5927255389 0
2 3 0 1 3 2 0 3 1 1 0 0 1 3 1 2 2 2 3 3 2 2 2 0 1 1 2 1 0 3 0 2 0 1 2 0 0.3727036241 0
3 0 0 2 3 0 2 2 2 1 2 1 2 0 2 1 3 3 0 1 3 0 1 2 1 0 0 2 1 3 0 2 3 3 2 0 0.5761894145 0
0 2 1 1 0 2 3 1 1 2 3 2 0 1 3 3 2 1 1 2 3 1 1 0 1 1 0 1 3 0 2 1 3 3 1 1 0.4142135624 0
2 3 2 3 0 1 3 0 3 2 2 3 1 3 1 2 1 0 1 0 0 0 1 0 1 2 0 1 1 0 2 3 1 2 0 3 0.279388968 0
3 3 0 1 0 1 2 1 0 0 3 0 2 0 2 0 2 2 2 2 2 2 0 1 2 2 2 0 2 0 0 0 3 1 3 0 0.3364806498 0
2 3 0 0 0 1 3 3 2 3 0 3 2 1 3 3 2 2 0 1 3 3 0 1 3 1 0 1 1 1 2 2 0 3 2 2 0.4932215826 0
1 3 1 0 0 0 3 1 1 2 2 2 3 3 1 0 0 3 3 2 0 3 3 1 2 3 3 1 3 2 1 2 0 1 2 0 0.3005423822 0
0 0 3 0 0 0 1 0 0 2 1 2 3 3 1 2 3 0 0 2 2 3 3 2 0 0 3 3 1 0 1 0 3 2 3 3 0.3488096012 0
2 3 2 3 3 3 2 3 0 3 0 3 3 2 1 3 0 2 3 0 2 0 0 1 0 2 3 0 2 3 3 3 1 1 1 0 0.375585761 0
2 3 1 0 0 0 2 2 0 1 3 0 0 2 0 2 1 2 0 2 3 2 3 1 1 3 0 1 2 2 0 0 3 2 1 2 1 0
2 2 2 2 2 1 1 0 1 3 1 1 1 2 2 2 0 3 1 0 2 3 1 0 1 1 3 1 0 1 1 3 0 2 1 2 0.2898979486 0
3 2 3 0 1 0 0 1 0 3 0 1 0 3 2 3 2 1 0 1 1 2 2 1 3 1 1 2 0 3 3 0 1 3 0 2 0.375585761 0
2 1 1 2 1 2 3 3 2 1 1 2 3 2 1 2 1 3 3 2 2 0 3 1 0 3 2 1 3 2 3 3 1 2 2 3 0.4932215826 0
3 1 1 1 2 3 3 0 1 0 3 3 3 3 0 2 2 0 3 2 1 3 1 0 1 2 1 0 1 0 3 1 2 0 2 2 0.4334666118 0
0 1 2 0 2 0 0 1 0 0 2 1 0 1 3 0 0 0 1 3 3 2 2 0 3 2 2 0 2 2 3 0 0 2 2 2 0.388756727 0
1 3 1 0 0 3 2 2 1 1 1 1 1 0 2 1 0 0 1 2 0 1 1 1 3 1 1 3 0 0 2 0 3 0 2 1 0.4565940367 0
3 1 0 2 3 0 0 3 1 1 2 3 3 2 1 2 1 3 3 1 3 2 1 0 0 3 2 2 1 3 0 1 1 0 3 1 0.3364806498 0
3 1 3 3 1 1 1 3 3 3 0 0 2 1 1 1 3 1 0 1 0 1 3 0 1 0 0 0 0 1 2 3 3 0 2 2 0.4472135955 0
1 3 0 2 0 3 0 1 3 0 2 3 3 1 3 0 3 3 2 2 2 0 2 0 0 2 3 3 0 0 3 2 2 3 0 3 0.4397550291 0
3 3 2 1 2 2 1 3 1 2 1 0 2 2 1 2 2 2 0 1 0 1 3 1 0 3 2 3 1 3 2 3 0 3 3 3 0.2879030161 0
0 1 3 2 0 3 0 1 2 1 0 1 1 3 0 0 2 3 3 0 0 3 0 1 2 2 1 3 0 0 1 3 0 3 1 3 0.3302867025 0
1 3 3 2 0 3 0 3 0 3 3 1 1 1 1 1 2 2 3 2 2 3 1 0 3 0 1 0 1 1 3 0 0 1 3 3 0.2861577002 0
2 0 1 2 0 3 2 3 3 1 3 3 1 1 3 3 2 0 1 1 0 2 1 1 0 2 3 3 2 0 2 3 2 2 0 1 0.375585761 0
2 1 3 3 2 1 0 0 3 1 3 0 1 2 1 2 3 0 2 0 2 3 0 1 0 3 2 0 3 1 3 1 2 2 0 3 0.3005423822 0
2 0 3 1 2 0 2 3 1 1 3 0 1 3 3 1 0 1 3 2 3 0 1 0 2 3 1 1 1 1 2 2 0 2 3 3 0.4037797985 0
0 3 1 2 2 1 1 0 1 2 0 3 2 2 3 3 2 2 0 0 1 2 1 1 0 3 1 3 3 2 1 1 0 1 1 0 0.3255563301 0
3 2 1 1 2 0 1 0 3 1 0 3 2 2 0 1 1 0 3 1 0 3 2 2 1 1 2 2 0 1 0 2 3 2 1 1 0.3530614099 0
0 3 2 0 2 2 0 2 0 0 2 2 3 0 3 3 1 2 1 0 1 2 0 0 3 2 1 3 1 0 1 2 1 1 2 2 0.3210538243 0
2 1 2 0 0 1 2 3 2 2 2 3 0 1 2 1 0 2 0 0 1 0 1 1 3 2 3 0 2 0 0 2 2 3 0 3 0.3727036241 0
2 2 1 1 3 1 1 3 3 3 2 2 0 2 2 1 0 3 1 1 2 2 1 1 2 0 0 2 1 2 1 2 2 2 2 2 0.5336088039 0
2 0 3 2 2 3 3 0 2 2 3 0 1 0 0 1 0 3 0 0 1 1 3 0 1 3 2 1 2 1 3 1 0 2 3 3 0.3210538243 0
0 3 3 2 1 0 2 1 2 2 2 2 0 2 3 3 2 0 3 1 2 0 0 1 2 2 1 3 1 0 0 0 2 2 2 0 0.4667782661 0
2 2 3 1 0 3 1 0 3 1 1 1 2 1 1 2 1 3 3 2 2 2 2 2 3 3 0 1 2 0 0 1 0 0 3 3 0.282163914 0
2 3 2 2 2 0 3 3 2 1 3 3 1 0 1 3 3 2 2 3 2 1 2 3 3 1 1 2 0 0 0 1 3 2 1 1 0.4472135955 0
1 0 0 0 2 2 3 2 2 2 2 1 3 3 1 3 1 0 3 1 1 3 2 1 0 1 2 0 1 0 0 3 1 1 0 3 0.4472135955 0
2 0 1 1 2 3 1 3 0 3 0 0 1 3 0 3 2 0 2 2 3 1 3 3 3 1 2 0 3 1 3 2 3 2 3 3 0.4037797985 0
3 0 2 2 0 3 0 3 2 2 2 0 2 3 0 0 2 3 2 1 3 2 2 2 0 1 0 0 0 1 2 3 3 2 2 1 0.4667782661 0
2 3 2 0 1 0 3 3 1 0 1 3 3 3 1 3 2 1 1 3 0 2 1 3 3 2 2 2 1 0 0 0 3 3 3 0 0.445104056 0
0 0 0 0 2 1 1 0 2 0 1 3 0 2 3 0 3 0 1 1 1 3 0 3 3 3 1 0 0 3 2 2 0 3 1 0 0.2857269627 0
2 3 2 2 0 2 0 3 1 0 3 1 3 2 0 2 1 3 3 0 1 1 3 1 0 0 1 3 1 0 2 3 1 0 3 3 0.3572822687 0
1 1 3 2 0 3 2 0 3 0 0 3 0 2 3 0 0 3 1 3 2 3 2 2 3 0 2 3 1 3 3 0 0 2 0 3 0.3074928865 0
0 0 3 3 0 0 3 3 3 3 2 1 0 0 0 1 0 3 1 2 1 2 0 2 0 3 1 2 3 3 2 0 3 0 3 3 0.2817901702 0
0 3 1 1 3 2 0 3 3 2 3 1 2 2 0 0 0 3 0 1 0 3 1 2 3 2 1 3 2 3 2 0 3 3 3 3 0.3255563301 0
1 2 0 3 1 0 2 2 0 0 3 2 2 1 0 2 2 1 0 0 0 1 0 1 3 0 0 3 0 3 1 0 0 3 1 3 0.6116127696 0
2 2 0 1 2 0 2 1 1 3 0 2 1 0 1 2 0 1 0 0 0 3 1 3 1 2 3 0 0 0 1 3 1 0 2 0 0.4142135624 0
3 3 0 2 1 3 1 0 1 2 2 0 0 2 2 0 1 1 3 0 2 3 1 3 3 3 2 1 2 0 3 0 3 3 1 2 0.375585761 0
1 3 2 0 2 0 3 2 2 3 3 3 0 1 1 2 3 2 0 1 3 3 0 0 3 1 0 1 1 3 0 0 1 2 2 3 0.3418020796 0
1 3 1 1 2 2 1 0 3 2 0 2 2 3 2 0 3 0 1 2 0 3 2 3 2 3 0 0 3 1 0 0 3 1 3 3 0.375585761 0
2 1 1 0 2 3 3 0 2 2 3 3 3 1 0 1 1 1 3 0 1 0 1 2 0 3 2 0 3 0 1 2 3 2 0 1 0.2850346585 0
1 2 3 3 0 0 2 1 1 1 0 2 2 3 3 1 0 0 2 2 0 0 1 1 3 3 3 0 2 1 3 3 2 0 0 3 0.3102148911 0
3 2 1 2 1 1 3 0 3 0 1 2 2 3 1 2 3 2 1 2 3 3 2 1 3 3 0 0 1 2 2 0 1 1 3 1 0.3364806498 0
0 3 0 2 2 3 0 1 2 0 1 2 1 3 2 0 2 2 3 2 2 0 0 3 0 0 3 0 1 1 2 0 2 0 2 3 0.441769316 0
2 0 0 2 3 3 0 2 0 1 1 3 1 2 1 3 0 0 0 1 0 1 0 0 2 3 3 0 3 2 0 3 0 1 1 1 0.4334666118 0
2 1 2 0 0 3 3 1 0 0 1 0 3 1 2 2 0 0 2 0 1 2 3 0 0 1 0 1 2 0 2 2 0 2 3 2 0.3210538243 0
2 1 1 1 1 0 1 0 0 3 2 3 3 3 2 2 0 2 0 2 0 3 1 0 3 1 3 1 2 1 0 2 1 0 2 0 0.3572822687 0
3 2 1 3 0 0 1 2 3 3 2 2 0 1 0 3 0 3 2 2 1 3 3 3 2 2 0 2 2 0 1 1 2 0 1 2 0.3397347183 0
1 1 0 3 1 1 2 2 1 0 3 3 3 0 0 3 3 0 1 0 1 3 2 3 1 1 3 0 2 2 2 1 1 0 3 3 0.4142135624 0
1 0 0 1 3 2 2 3 1 3 0 0 1 2 2 1 2 3 3 1 3 0 0 3 1 2 0 0 2 2 3 3 2 1 0 2 0.3238107005 0
1 3 2 3 3 3 1 3 0 0 0 0 3 3 3 2 3 2 1 0 0 2 1 0 2 0 0 2 3 3 1 2 3 3 3 1 0.3302867025 0
2 2 0 1 1 3 3 1 0 1 3 3 0 3 1 0 1 0 2 3 1 0 0 1 0 0 2 3 1 0 1 0 1 2 2 2 0.3210538243 0
3 0 0 1 2 0 3 1 2 1 1 2 3 2 0 2 0 2 2 0 0 2 1 1 2 0 1 0 2 2 2 2 1 0 1 0 0.5582520261 0
3 0 1 2 0 0 3 2 3 0 3 0 0 3 1 2 3 1 1 1 0 2 1 3 1 3 0 1 1 3 1 2 0 1 0 1 0.375585761 0
3 0 3 1 2 1 3 3 0 1 2 3 1 3 3 1 2 2 3 0 2 1 2 0 2 3 3 0 1 2 2 1 3 1 1 1 0.3572822687 0
1 0 0 0 0 3 1 3 2 2 1 0 2 3 1 1 2 0 2 3 3 2 3 3 0 3 3 2 0 2 3 0 1 3 3 0 0.3255563301 0
3 3 0 1 0 0 1 3 3 2 0 0 1 1 1 0 1 1 0 0 3 1 2 2 0 1 0 1 3 3 1 3 2 0 3 0 0.388756727 0
1 3 2 2 1 3 3 1 1 3 2 2 1 2 3 0 3 0 1 2 3 2 0 1 3 1 1 1 1 0 0 1 2 0 1 1 0.3469108776 0
2 0 2 3 1 2 1 0 3 0 2 0 1 3 3 0 3 3 3 3 3 1 1 1 1 2 3 2 0 3 2 0 2 1 3 2 0.4142135624 0
2 1 3 2 2 3 0 1 3 3 1 0 1 2 0 1 1 2 3 1 1 1 2 2 2 1 3 1 2 2 0 1 3 3 0 2 0.3142042283 0
2 3 0 0 2 2 2 2 1 0 2 3 2 2 1 0 3 2 3 1 1 2 2 3 1 3 3 2 2 2 1 0 1 1 3 0 0.3665354679 0
3 3 0 1 1 2 0 1 2 3 0 3 2 3 3 1 0 0 1 1 0 0 0 3 2 2 0 3 2 2 0 1 1 2 0 1 0.3255563301 0
2 0 0 3 1 2 0 3 1 1 3 1 0 3 0 1 0 3 1 2 2 1 1 2 1 2 3 0 1 3 2 0 1 3 1 3 0.2898979486 0
2 2 2 3 0 0 3 1 3 2 3 1 1 2 1 1 2 0 2 0 2 3 2 2 1 0 2 1 0 1 0 2 1 3 2 1 0.2930491235 0
2 2 3 3 2 1 0 1 2 1 0 3 1 0 0 2 3 3 3 2 2 2 3 1 1 2 2 1 3 0 1 0 1 3 3 0 0.485324478 0
0 3 0 0 0 3 1 3 0 3 0 1 1 3 1 0 0 3 2 0 1 2 3 1 3 3 0 3 2 0 2 0 1 3 1 2 0.6116127696 0
3 3 2 1 3 2 3 0 1 0 2 2 1 0 1 1 0 2 0 2 2 3 0 1 1 2 1 0 2 3 2 0 2 0 0 3 0.3572822687 0
1 2 1 2 0 3 0 2 2 1 1 1 1 3 2 1 1 0 3 2 1 3 3 0 1 1 1 1 1 3 3 3 0 0 1 0 0.3597564272 0
3 1 2 3 2 2 1 1 3 2 1 0 2 0 3 3 1 3 0 3 2 0 1 1 1 2 3 3 0 1 2 2 3 0 1 2 0.304978078 0
3 0 2 2 0 3 3 3 3 0 3 2 2 2 1 2 3 2 2 1 2 2 1 0 1 2 0 1 0 0 1 1 2 1 3 2 0.5453467918 0
3 0 3 1 1 2 1 1 1 1 0 3 0 3 1 1 0 1 2 2 2 1 2 3 2 1 2 0 3 0 2 0 1 1 1 0 0.3081782158 0
0 0 0 2 2 3 0 1 1 1 3 0 1 1 0 2 3 0 2 2 3 1 1 0 3 0 3 2 3 1 0 0 1 2 1 1 0.485324478 0
0 3 0 2 0 0 0 2 3 2 3 1 1 3 2 2 3 1 0 1 0 1 2 3 0 1 2 1 0 2 1 3 2 2 1 1 0.3142042283 0
2 3 0 3 2 0 3 2 1 2 2 2 0 0 2 1 3 3 3 1 1 1 1 2 0 3 3 1 0 0 1 1 1 1 1 2 0.3220972066 0
2 1 0 0 0 0 3 0 3 3 1 3 1 0 2 3 2 1 1 1 2 2 3 3 0 2 1 0 2 0 0 3 3 1 3 1 0.2976033507 0
1 0 1 1 3 3 3 2 0 3 0 0 3 1 0 0 2 2 0 1 2 2 3 1 0 0 3 0 3 2 0 1 0 3 1 2 0.2898979486 0
1 1 3 0 3 3 2 1 2 1 1 0 2 2 1 3 2 2 2 0 3 0 0 3 0 2 1 2 2 2 1 3 3 3 3 0 0.3302867025 0
3 2 1 1 1 1 0 2 1 1 2 0 1 2 0 1 0 3 2 1 2 3 1 2 2 1 2 3 2 3 3 3 1 2 3 3 0.2984058257 0
3 1 2 0 1 0 3 2 2 0 0 0 0 3 1 3 1 1 2 0 3 1 3 0 0 0 2 0 0 1 1 2 2 2 2 1 0.3496707166 0
2 3 2 0 2 0 2 0 3 1 1 1 3 0 3 2 2 0 2 2 2 3 1 2 2 0 2 1 3 1 0 0 1 2 1 2 0.3572822687 0
0 1 1 0 0 0 0 3 0 1 2 1 0 0 0 3 0 1 0 1 2 2 0 0 0 0 1 0 0 3 1 1 1 1 0 2 0.3613164298 0
0 1 2 1 2 1 2 1 3 3 0 3 2 1 0 0 2 0 1 1 1 2 0 2 2 2 2 3 3 2 0 2 1 1 1 0 0.7055732713 0
1 2 2 2 1 3 0 1 3 3 3 3 1 1 0 2 2 0 2 0 2 3 0 3 0 2 1 1 3 0 0 2 1 0 3 0 0.3572822687 0
2 2 2 3 2 2 1 2 1 3 2 1 1 2 3 1 0 0 2 3 0 2 1 3 2 2 2 1 2 1 0 3 2 2 3 0 0.2891707476 0
2 0 1 2 3 0 0 0 3 2 0 1 2 2 2 3 0 0 2 0 1 0 0 3 3 2 3 1 0 3 2 0 3 3 1 2 0.3418020796 0
3 0 3 3 2 3 2 3 0 0 3 0 0 0 1 3 2 1 1 1 3 0 3 0 2 1 0 1 2 2 2 2 3 3 0 3 0.3539604037 0
1 0 2 3 0 3 0 3 0 3 0 2 1 3 3 0 2 3 1 3 1 1 2 2 3 1 0 1 0 2 3 3 3 1 2 0 0.282163914 0
0 3 0 1 0 3 3 2 1 1 2 3 0 3 0 0 0 3 1 1 2 2 2 3 2 2 1 3 0 2 2 0 2 0 3 2 0.3255563301 0
2 3 0 3 0 0 3 3 2 2 1 1 1 0 2 3 3 0 3 1 1 3 2 1 2 1 0 3 3 2 0 1 0 1 3 0 0.4751838527 0
2 1 1 3 3 0 0 2 3 1 0 3 2 2 1 2 2 0 3 0 2 0 2 0 0 3 2 3 2 2 2 3 0 1 3 0 0.3005423822 0
2 0 3 2 3 3 3 1 0 0 3 3 0 1 2 2 0 2 0 0 3 0 1 2 0 2 3 3 0 2 1 2 3 3 1 3 0.3183767839 0
1 0 2 0 3 1 0 0 1 3 0 2 0 0 2 1 0 1 3 3 3 1 3 2 0 1 2 1 2 3 2 2 1 1 2 3 0.4142135624 0
2 1 3 2 3 3 1 1 3 0 0 0 3 1 1 2 3 3 1 0 0 1 0 2 1 0 1 2 0 1 1 0 3 3 1 0 0.4472135955 0
1 2 0 2 1 2 0 0 0 1 3 1 3 1 2 3 2 1 2 1 3 3 0 3 1 2 3 0 3 1 3 1 2 2 0 2 0.4142135624 0
0 1 1 0 0 1 2 3 1 3 2 3 2 0 1 1 0 0 0 2 1 0 3 3 1 3 2 1 2 3 2 3 3 1 2 0 0.4142135624 0
1 0 1 0 3 1 0 2 0 2 2 0 2 0 2 3 3 1 0 0 3 0 1 0 1 1 3 2 1 2 1 0 1 2 0 2 0.3018893954 0
0 2 0 0 0 1 2 0 3 0 2 0 3 3 3 0 3 3 2 3 3 0 0 1 2 0 3 2 0 2 3 3 2 0 0 1 0.388756727 0
0 2 2 0 2 0 0 1 0 0 0 3 1 0 0 0 2 3 0 2 1 3 1 1 0 1 1 3 0 0 2 0 2 2 1 0 0.3572822687 0
2 2 0 1 0 2 2 3 0 2 1 1 3 1 3 3 0 0 0 2 1 0 1 0 0 2 1 0 1 0 1 3 1 0 2 0 0.5336088039 0
3 3 1 2 0 1 0 3 1 2 3 0 3 3 2 3 3 0 1 0 3 0 2 1 2 3 1 0 1 3 3 3 3 1 1 2 0.375585761 0
2 3 1 1 0 3 1 1 2 2 2 1 0 3 3 2 1 3 1 2 2 3 0 1 0 3 1 3 2 1 0 1 2 3 1 2 0.3238107005 0
1 1 2 0 0 3 0 3 3 1 1 2 0 3 1 2 0 1 3 1 1 3 1 1 2 2 3 2 3 3 3 0 1 1 0 1 0.3835303427 0
2 0 3 2 3 3 1 3 2 3 1 3 0 0 0 3 3 2 2 0 2 3 0 1 1 0 1 0 1 1 3 2 1 3 2 0 0.4142135624 0
0 0 1 0 3 3 0 0 1 0 2 1 2 2 0 2 1 0 1 3 1 3 0 1 1 2 2 0 1 3 2 3 1 0 2 3 0.3142042283 0
3 0 0 1 3 3 3 1 0 1 0 3 1 1 1 3 3 2 1 2 3 3 0 1 3 2 0 1 2 1 0 2 1 3 1 1 0.4184720066 0
3 1 2 1 1 2 1 2 2 1 2 1 2 1 0 0 1 2 2 2 3 2 3 2 3 3 1 2 1 2 3 0 1 3 3 3 0.3421074211 0
3 2 0 2 2 2 0 2 0 1 2 1 2 0 2 1 3 2 3 0 2 2 0 2 1 1 3 1 1 3 3 0 0 1 1 2 0.4142135624 0
3 3 1 2 0 0 1 2 0 2 0 3 3 0 0 3 0 1 3 3 1 2 1 1 1 2 2 0 0 0 0 1 2 3 3 2 0.3142042283 0
3 0 0 3 2 3 0 1 1 1 2 0 3 1 1 3 3 1 0 0 1 2 1 0 1 1 2 3 2 3 3 0 0 1 2 1 0.4257225336 0
2 2 0 2 2 1 3 0 1 0 3 0 2 1 0 0 0 3 3 3 3 2 2 1 1 3 0 2 2 3 0 2 2 3 2 0 0.3737950927 0
1 2 3 3 0 0 1 1 3 3 2 3 0 0 3 3 3 3 2 1 2 0 3 1 0 3 0 1 1 0 2 2 1 1 1 1 0.3661455846 0
0 0 2 3 1 2 3 3 3 2 0 0 0 0 2 2 0 0 3 2 1 0 0 0 1 2 1 3 3 2 2 1 3 1 1 1 0.3418020796 0
3 1 3 0 1 1 0 2 3 3 3 0 0 1 1 0 2 0 3 1 1 0 3 0 2 2 1 3 2 0 1 1 2 2 1 3 0.3364806498 0
0 1 1 1 1 3 3 2 3 2 1 2 1 0 2 0 0 0 0 3 0 2 0 0 0 3 3 1 2 1 1 2 0 2 0 3 0.3474320193 0
0 2 0 1 3 1 0 1 3 2 3 2 3 0 2 1 2 0 0 2 3 2 0 1 1 3 0 1 3 1 1 2 0 3 1 3 0.4142135624 0
3 1 1 2 2 3 0 2 3 2 3 3 2 0 2 2 1 3 0 0 3 3 1 3 0 0 0 0 3 2 1 2 3 2 0 0 0.282163914 0
0 1 0 0 0 0 3 0 2 2 1 1 0 3 1 3 1 2 3 3 2 2 0 0 1 3 1 3 3 2 2 0 2 3 2 1 0.3572822687 0
0 0 3 2 2 0 3 0 0 2 1 3 0 0 3 2 3 3 3 1 0 0 2 3 2 2 2 1 2 2 2 2 3 2 0 2 0.276083229 0
3 2 2 0 2 0 2 2 1 1 1 3 3 0 1 2 2 2 1 2 0 3 1 0 1 1 0 0 3 0 0 2 1 1 2 3 0.2887244073 0
3 2 1 3 2 3 0 2 1 2 3 3 0 3 2 2 2 2 1 1 3 1 2 2 2 1 3 0 3 3 2 1 2 3 0 2 0.3262318082 0
1 3 2 1 2 1 0 1 2 0 0 2 3 0 3 3 3 3 2 2 0 1 0 0 3 0 3 1 2 0 1 2 2 3 2 3 0.309647329 0
3 3 0 0 0 2 2 3 1 0 3 1 2 3 3 0 3 0 1 2 1 2 3 1 3 0 0 3 3 1 1 2 3 2 2 0 0.3102148911 0
2 1 1 0 2 2 0 2 3 1 0 2 1 0 0 3 2 3 0 2 1 2 0 2 0 3 3 1 1 2 1 3 1 2 2 1 0.324885698 0
1 3 2 1 0 0 2 1 0 3 1 1 3 3 3 1 3 3 2 3 0 2 1 3 2 1 1 3 2 0 0 2 1 2 3 1 0.3005423822 0
3 0 0 3 0 1 3 2 3 3 2 3 3 0 0 0 0 3 0 1 1 3 0 1 3 1 2 3 1 2 2 2 0 0 0 3 0.5166298428 0
3 3 2 2 2 1 1 0 3 1 3 0 3 0 0 3 2 2 2 1 1 2 3 1 0 1 1 1 1 0 1 0 1 3 1 0 0.2908054948 0
2 3 1 0 2 1 0 3 0 3 1 0 2 0 3 2 1 2 3 2 2 0 1 0 2 0 0 0 3 3 0 2 2 1 3 2 0.3238107005 0
1 2 2 3 0 1 0 3 3 1 2 1 2 3 2 2 1 2 0 3 3 2 3 1 0 2 1 3 0 2 2 0 1 0 0 2 0.2898979486 0
2 1 2 1 3 3 1 3 0 3 0 0 2 0 0 0 0 3 1 0 0 0 3 2 2 1 0 3 0 1 0 3 2 2 2 2 0.388756727 0
0 3 0 2 1 2 2 3 1 3 2 3 2 2 2 0 3 0 3 3 2 2 2 1 2 0 0 1 2 1 0 1 2 1 3 3 0.375585761 0
1 1 1 0 2 1 3 3 2 1 0 2 2 3 2 3 2 3 3 1 3 3 0 2 3 0 3 0 2 3 3 1 1 2 1 3 0.3572822687 0
0 3 1 2 3 1 0 0 3 1 1 0 0 2 1 1 0 3 3 3 3 0 0 3 1 0 0 2 2 2 1 3 3 2 0 3 0.2930491235 0
1 0 0 1 2 1 2 0 1 2 2 1 1 2 2 3 3 3 3 0 3 3 3 2 1 0 0 3 3 0 2 0 3 3 3 2 0.3634361572 0
2 3 3 3 2 3 0 0 0 2 3 0 2 1 0 1 1 1 3 1 2 2 2 0 0 2 0 1 2 1 0 2 0 3 3 3 0.3613164298 0
3 0 1 3 2 2 1 1 1 1 2 2 1 0 2 2 3 2 1 1 0 3 0 2 1 2 3 0 2 3 0 2 2 3 2 0 0.3255563301 0
3 0 2 0 0 1 2 0 3 1 3 2 1 0 0 0 3 2 2 1 3 3 3 1 0 2 0 3 1 1 2 0 0 3 3 3 1 0
2 2 0 3 0 3 1 1 3 2 1 3 1 1 1 2 1 3 1 3 3 0 3 3 0 1 3 0 2 2 1 2 0 3 3 0 0.4142135624 0
3 1 2 0 2 3 3 3 1 3 0 2 1 0 3 2 1 3 1 2 3 0 3 2 1 2 1 2 2 2 1 2 0 3 1 3 0.3510801119 0
1 2 3 0 1 2 0 1 1 2 0 1 2 2 0 3 3 1 1 0 1 2 2 1 0 2 1 0 2 2 0 0 3 0 2 3 0.3210538243 0
3 3 2 0 3 3 0 3 0 2 3 0 2 2 3 0 2 2 3 1 1 2 3 2 2 0 2 0 2 0 1 3 0 0 2 1 0.3835303427 0
1 1 3 3 1 0 1 2 0 3 1 0 1 2 2 2 0 3 3 1 1 3 1 1 3 1 2 2 2 3 1 0 1 3 0 1 0.3255563301 0
3 2 0 3 2 1 2 0 1 3 0 3 2 2 2 1 2 3 3 2 0 1 1 3 3 3 3 0 2 1 3 3 1 3 2 3 0.3193901603 0
3 1 3 0 3 2 3 1 1 0 0 1 0 2 0 0 0 2 1 3 3 1 3 2 1 2 2 3 1 3 3 2 1 0 3 1 0.3364806498 0
1 0 3 2 0 1 2 1 3 1 1 3 3 0 0 1 3 3 3 1 1 0 2 2 1 2 1 2 3 3 0 2 0 0 3 0 0.3804245211 0
0 2 2 1 3 0 3 2 0 3 3 3 0 2 1 2 1 1 0 1 0 2 3 3 1 0 2 2 0 3 2 1 1 0 1 3 0.3510801119 0
1 1 0 3 0 2 3 3 1 3 3 1 2 2 0 0 0 0 2 3 0 0 2 0 3 1 2 1 1 0 0 1 3 0 3 3 0.5166298428 0
3 0 1 2 1 0 1 3 2 3 3 2 3 2 1 1 2 2 2 0 3 1 1 0 2 0 1 1 3 2 1 2 3 3 3 2 0.4142135624 0
2 3 0 0 1 1 1 3 2 3 3 0 2 2 1 1 1 1 0 2 0 1 3 0 3 3 2 1 2 0 2 0 2 2 3 1 0.395590895 0
1 1 2 3 0 2 1 0 3 2 0 1 2 2 3 0 1 3 2 3 1 1 2 1 0 2 0 0 0 0 2 2 2 3 0 2 0.3572822687 0
3 1 0 0 1 1 2 3 2 1 0 1 1 2 3 1 0 1 0 3 2 3 0 2 2 1 0 0 2 2 3 3 0 3 0 1 0.3572822687 0
1 3 1 3 0 1 3 0 2 1 1 0 2 1 3 0 1 0 1 0 2 1 3 3 3 2 0 1 2 1 2 1 2 1 2 2 0.3255563301 0
1 3 3 2 3 1 2 0 3 2 3 3 3 1 3 1 2 1 2 1 3 1 0 3 1 0 3 3 1 3 0 2 3 2 1 3 0.3835303427 0
0 0 1 1 3 3 0 1 1 2 3 1 0 2 0 0 2 1 1 0 0 1 1 1 0 2 2 1 2 2 3 1 1 1 0 3 0.3109214228 0
1 1 3 2 3 3 2 1 1 2 3 1 3 2 3 2 0 1 0 1 3 1 0 0 1 3 1 2 0 1 1 0 2 0 2 3 0.282163914 0
2 2 1 3 0 0 2 0 0 3 1 3 3 3 1 3 1 2 0 1 3 0 2 1 0 3 0 3 2 3 3 0 3 0 1 2 0.4142135624 0
2 2 0 3 1 2 0 0 2 0 3 0 1 0 3 2 2 3 3 3 2 1 3 2 0 0 1 0 0 2 0 0 1 0 3 3 0.3572822687 0
3 1 2 2 2 2 0 0 0 3 3 2 2 2 0 3 2 1 3 3 0 0 3 0 0 1 0 2 2 3 3 3 2 3 0 3 0.3804245211 0
2 1 3 3 3 1 1 2 1 1 3 2 2 3 3 2 3 3 0 2 2 1 2 2 3 1 2 3 2 1 3 0 3 3 1 2 0.4101114678 0
1 3 1 2 2 2 1 2 2 0 2 0 3 2 1 1 2 1 2 1 0 1 0 1 1 0 2 3 0 3 1 1 0 0 1 0 0.3364806498 0
2 1 1 1 3 3 2 1 1 2 1 3 1 3 0 2 0 3 0 0 2 0 2 1 2 1 2 0 2 2 0 0 3 2 1 0 0.282163914 0
2 2 1 3 0 1 1 0 2 0 1 0 3 0 3 3 2 3 1 0 0 3 3 1 0 3 1 0 3 2 0 3 1 3 2 2 0.2841867477 0
3 3 3 2 1 1 2 0 1 1 0 2 0 1 3 3 2 1 0 1 3 0 1 1 2 1 3 0 3 1 2 2 0 3 1 0 0.5927255389 0
0 2 2 0 1 1 0 0 3 3 3 2 1 0 0 2 2 3 2 0 1 2 3 2 2 0 2 1 1 0 2 2 1 2 3 2 0.3102148911 0
2 1 1 0 3 1 3 1 0 3 2 1 1 1 3 1 1 1 3 0 0 1 3 0 3 1 3 3 0 2 2 1 1 0 0 0 0.3200220867 0
2 0 0 3 3 0 1 1 2 0 1 0 1 1 2 2 0 1 2 1 2 1 3 1 2 2 3 2 0 1 3 2 1 1 1 0 0.2918317294 0
1 1 1 2 0 1 2 3 0 3 3 2 2 1 1 3 2 2 0 1 0 2 1 2 2 0 1 3 2 0 3 0 2 1 0 0 0.3238107005 0
1 2 1 0 2 3 1 3 1 1 2 2 2 0 1 1 3 3 0 1 2 2 1 3 2 3 2 3 2 1 1 3 0 0 0 3 0.3804245211 0
1 3 1 1 0 0 3 2 2 3 2 2 2 2 0 3 1 0 1 3 1 3 2 1 2 2 2 2 0 0 1 3 2 3 3 2 0.2898979486 0
0 0 3 3 2 2 2 0 0 0 1 1 3 3 0 3 1 0 0 1 3 2 0 2 1 2 2 0 0 1 2 3 1 0 3 1 0.4932215826 0
0 2 1 0 3 0 3 1 3 3 0 3 3 1 2 0 3 0 2 3 3 1 3 0 0 2 0 1 3 0 0 2 3 1 3 2 0.3220972066 0
0 2 3 1 0 2 3 0 1 2 2 2 2 2 1 2 2 2 3 0 2 2 1 3 3 0 0 2 0 3 2 0 2 1 2 0 0.4932215826 0
0 3 3 3 1 2 0 0 2 3 2 3 1 0 3 0 3 2 1 3 3 1 3 2 0 1 2 1 3 0 3 0 0 0 3 1 0.3418020796 0
3 1 1 0 1 2 3 0 2 2 3 1 3 0 2 3 0 3 0 3 3 2 0 0 2 0 3 2 1 1 0 1 0 3 0 2 0.2857269627 0
1 0 1 0 0 0 1 1 3 1 1 2 3 3 3 3 1 2 2 3 3 3 3 0 3 3 2 1 1 3 2 0 2 2 1 2 0.2859540586 0
2 1 0 0 2 0 2 3 2 2 1 3 1 0 1 3 2 3 2 2 0 3 1 2 3 2 1 3 1 1 2 3 1 1 3 0 0.2898979486 0
0 1 3 1 0 3 0 1 3 2 0 0 0 2 2 0 1 2 1 2 0 1 0 2 0 3 3 2 3 2 1 3 0 1 3 0 0.4932215826 0
2 0 0 1 3 3 1 2 0 0 0 2 2 3 2 0 0 3 3 0 2 2 0 3 3 3 0 0 1 3 1 3 2 2 0 0 0.3005423822 0
2 2 1 3 2 1 3 1 2 1 0 0 1 2 0 1 1 3 0 2 1 2 0 1 2 0 0 1 0 3 1 0 2 0 1 2 0.3364806498 0
2 3 3 2 0 0 0 2 2 0 2 2 2 2 2 2 2 0 3 3 0 2 2 3 3 3 0 2 3 3 2 2 0 3 1 0 0.2898979486 0
0 3 0 0 1 0 3 1 1 2 3 1 3 2 1 1 0 1 3 1 2 3 0 3 1 2 3 0 0 2 3 1 2 3 3 1 0.304113536 0
2 1 0 3 2 1 2 1 2 0 2 1 2 0 2 0 3 0 2 0 2 0 2 1 3 2 1 0 2 1 1 3 2 0 3 2 0.3126595927 0
1 0 3 1 3 0 1 1 0 1 3 0 0 3 1 0 3 3 0 3 3 1 1 3 3 2 3 0 2 1 0 1 3 0 2 3 0.4693139434 0
0 2 0 3 0 1 1 2 3 0 2 2 3 1 1 0 0 2 1 2 0 1 2 0 0 1 3 0 3 0 1 0 0 3 2 1 0.3572822687 0
2 0 3 2 3 3 2 0 3 2 2 3 3 0 0 1 2 0 2 1 3 2 3 1 0 2 1 1 1 2 0 0 1 3 2 1 0.6792850868 0
0 0 1 3 0 3 2 1 2 0 2 2 0 0 3 3 0 2 0 3 2 3 3 1 0 2 1 0 3 0 0 1 0 0 3 3 0.3474320193 0
2 2 3 2 2 2 0 0 1 0 2 3 1 0 2 2 2 2 0 3 1 1 2 2 0 1 1 0 0 2 0 0 0 0 2 0 0.3238107005 0
3 2 2 2 1 2 1 2 0 3 3 1 2 1 0 3 3 3 0 3 1 0 0 0 0 2 3 0 1 1 2 2 1 3 3 1 0.4779036016 0
0 0 0 1 0 3 2 0 0 2 3 0 2 0 1 2 3 2 0 2 0 1 0 2 0 3 2 1 2 0 1 3 1 3 2 2 0.4142135624 0
1 2 1 2 1 1 0 0 0 3 3 2 3 2 1 3 2 2 0 0 3 2 2 2 2 3 3 0 3 3 0 3 3 1 0 0 0.4631399751 0
2 1 3 2 3 1 0 0 2 1 2 1 0 1 1 3 2 3 2 1 1 1 0 2 1 2 3 2 3 1 2 0 3 1 1 1 0.4565940367 0
3 1 3 3 1 0 3 1 2 2 0 3 2 3 1 1 1 1 0 1 2 2 3 1 3 1 1 3 1 0 1 1 3 2 3 0 0.282163914 0
0 1 2 2 0 0 1 3 2 0 0 1 2 2 3 2 1 3 1 1 2 0 1 1 0 3 2 3 2 2 0 1 0 3 2 3 0.3210538243 0
0 1 0 0 1 1 2 1 2 1 3 1 2 2 0 2 1 3 1 1 3 0 1 0 2 3 2 1 2 3 0 2 2 2 2 1 0.3418020796 0
1 0 2 0 0 2 0 0 0 3 2 3 1 0 2 1 0 1 1 2 2 0 2 3 2 0 2 0 1 2 0 1 1 1 2 1 0.3867300211 0
0 1 1 0 1 0 2 3 2 3 2 3 1 2 0 0 2 1 0 3 3 1 1 0 0 1 2 2 0 3 1 0 1 2 0 1 0.375585761 0
3 2 1 1 0 1 0 3 2 3 2 3 3 3 2 2 0 1 2 3 1 3 1 1 2 1 2 2 3 1 2 1 2 3 2 1 0.375585761 0
1 3 2 0 2 3 2 1 2 1 2 2 0 2 0 1 0 1 0 3 2 2 1 1 0 0 3 2 1 1 1 0 1 1 2 2 0.304978078 0
3 0 3 1 2 3 2 3 1 3 0 3 0 0 3 1 1 2 1 2 3 0 0 0 2 3 1 3 2 2 1 0 0 2 0 3 0.2963204151 0
0 2 0 1 2 3 1 3 1 0 1 1 3 2 0 3 0 3 2 3 0 0 2 2 0 1 1 2 2 3 1 3 3 3 3 0 0.4565940367 0
3 0 1 1 2 3 0 0 3 3 3 3 3 0 2 2 1 1 3 3 3 0 1 1 0 0 3 3 1 2 2 1 0 3 3 3 0.2757017003 0
2 3 0 3 0 2 1 1 3 1 2 1 0 1 1 0 1 2 1 3 1 1 1 1 2 3 3 3 1 3 1 0 2 1 1 2 0.3302867025 0
0 1 3 0 0 2 0 1 2 2 3 3 3 1 0 0 0 1 1 3 2 0 0 1 2 2 3 1 0 1 0 3 1 2 0 1 0.2832488209 0
3 2 1 0 1 1 2 1 1 1 1 1 2 3 1 1 2 3 3 0 3 3 0 2 3 1 3 3 1 0 2 3 0 3 1 0 0.3578608802 0
1 2 0 1 1 3 3 1 0 0 1 2 1 2 1 2 3 2 2 0 0 0 2 0 1 2 0 0 2 1 1 3 0 3 1 0 0.3102148911 0
3 2 2 1 2 2 2 1 2 0 2 2 1 0 3 3 0 1 0 2 1 2 1 3 0 3 2 0 2 2 1 0 2 0 2 0 0.3210538243 0
0 0 2 0 0 0 3 3 2 0 3 1 3 1 1 2 1 3 1 3 2 0 2 1 0 3 1 1 3 2 0 1 0 3 3 1 0.5927255389 0
3 2 0 0 1 3 2 1 3 0 2 3 3 0 2 0 3 0 1 3 0 1 3 2 2 2 2 2 0 2 1 3 3 0 2 2 0.2984058257 0
0 0 3 3 3 3 1 1 0 0 1 1 3 0 0 0 2 3 2 2 1 2 3 2 2 1 3 1 1 0 3 2 3 1 0 3 0.3102148911 0
1 2 1 3 3 2 3 1 3 0 2 3 1 3 3 1 3 2 2 3 2 0 0 0 2 2 2 0 3 2 0 1 3 1 2 3 0.4142135624 0
0 0 2 0 3 0 2 2 0 0 3 0 1 2 2 3 1 1 3 0 2 0 2 3 0 2 3 0 1 2 1 3 3 0 2 3 0.2958353457 0
3 2 2 2 1 3 3 0 0 1 0 0 2 3 3 0 1 2 1 1 1 1 0 2 2 1 2 3 1 0 3 2 0 0 0 0 0.3102148911 0
3 0 2 2 0 3 2 0 0 0 2 1 3 1 1 1 1 1 3 2 0 1 1 2 2 2 1 1 1 3 1 1 3 3 2 2 0.4365680863 0
3 2 1 2 0 3 2 2 0 1 0 2 2 2 3 1 3 3 0 3 3 3 3 3 2 1 1 0 0 3 1 1 1 3 1 1 0.3593916466 0
2 0 2 2 0 2 0 3 2 0 2 1 3 0 1 0 2 1 3 0 1 2 0 1 0 1 0 0 2 1 1 1 1 3 0 0 0.282163914 0
0 1 0 3 0 0 0 2 2 0 3 3 2 0 3 2 2 3 3 3 1 0 3 2 1 1 3 0 2 1 3 3 1 2 3 0 0.2832488209 0
0 3 0 2 1 0 2 1 0 3 0 2 0 3 0 1 2 2 1 3 2 0 1 3 1 0 0 1 0 3 1 3 1 3 0 3 0.2850346585 0
0 3 2 0 1 3 2 0 1 0 3 2 0 0 0 0 3 0 2 0 0 2 0 1 0 2 2 2 0 2 2 3 2 3 2 3 0.3142042283 0
1 2 3 2 1 0 0 2 3 3 1 0 0 3 2 1 3 0 1 2 0 1 1 0 0 1 0 1 0 3 3 0 2 0 0 3 0.4037797985 0
0 2 1 2 1 0 3 3 2 1 3 3 1 3 3 3 0 3 0 3 1 3 2 3 2 0 3 1 1 3 1 1 0 3 1 2 0.3439144051 0
1 0 2 3 1 1 0 2 1 1 1 2 0 3 2 0 0 3 3 3 0 1 0 0 2 3 0 2 3 1 2 0 0 3 2 3 0.3418020796 0
2 2 0 1 0 3 1 3 1 2 3 0 0 1 0 1 3 3 2 3 1 1 3 1 3 3 2 3 3 2 2 0 3 2 3 0 0.3142042283 0
2 2 2 1 0 2 1 3 3 2 0 1 1 1 3 2 1 2 3 1 0 2 2 3 2 3 2 3 0 0 1 2 0 2 2 3 0.2898979486 0
1 0 1 1 3 2 0 0 0 2 0 2 0 1 0 2 0 3 0 2 2 0 0 2 1 3 0 2 0 0 0 0 3 0 1 3 0.3142042283 0
1 0 3 1 1 2 2 3 0 0 0 2 1 2 2 2 3 3 3 0 1 3 1 2 2 2 2 0 2 0 3 3 3 3 1 3 0.3193901603 0
1 3 1 3 1 3 1 2 0 2 2 0 2 0 0 0 3 0 1 1 2 0 0 2 3 1 0 2 0 1 1 1 0 2 0 3 0.375585761 0
3 3 2 2 0 2 0 0 0 3 2 1 3 0 3 2 0 2 0 0 1 0 1 2 3 0 1 1 3 3 0 2 1 0 1 3 0.4142135624 0
3 0 0 2 0 1 2 0 1 1 1 0 2 2 0 1 0 3 1 2 1 1 3 0 3 1 3 2 0 0 1 3 2 0 1 2 0.4076499498 0
3 0 1 1 0 0 0 0 3 1 2 1 1 2 2 2 0 0 0 3 2 1 3 1 3 2 1 2 2 3 2 0 1 2 3 3 0.3439144051 0
0 3 3 1 3 0 0 0 3 0 0 2 2 2 0 2 3 2 2 2 1 1 3 3 1 1 2 1 3 0 2 0 3 3 1 2 0.2984058257 0
3 1 0 1 0 3 0 2 3 0 1 1 3 2 1 0 2 3 2 2 3 2 0 1 2 3 0 2 3 3 3 3 1 1 1 3 0.5927255389 0
1 2 3 3 0 0 1 0 1 0 3 2 2 0 2 3 0 1 0 0 0 2 2 2 2 2 0 0 0 0 0 0 2 3 0 3 0.2804379536 0
2 3 0 3 2 1 0 1 2 2 2 0 1 2 0 2 3 2 0 1 3 3 1 2 2 2 1 2 1 0 3 1 2 1 0 0 0.3418020796 0
1 3 3 2 0 0 1 3 1 2 0 3 0 1 2 3 1 1 3 1 3 1 0 1 2 0 3 2 0 0 1 1 3 0 2 0 0.3474320193 0
1 0 3 1 0 0 2 0 0 1 2 0 3 2 0 0 1 2 0 3 0 0 1 3 2 2 0 1 0 0 3 0 3 0 1 3 0.282163914 0
3 2 2 3 2 3 2 2 0 2 3 2 0 3 3 2 3 0 1 1 2 0 1 1 2 3 3 3 3 2 0 0 0 1 2 1 0.3804245211 0
2 2 0 2 2 0 0 0 0 2 2 0 1 0 3 2 2 2 0 2 3 3 1 3 1 0 0 0 1 0 0 2 2 3 2 3 0.3142042283 0
1 3 1 1 0 3 3 3 1 3 0 3 1 2 3 1 3 3 1 0 3 2 0 0 3 2 3 1 0 2 1 2 0 3 1 1 0.279388968 0
3 3 1 0 1 3 2 0 1 0 0 2 2 3 2 1 3 0 2 3 3 0 1 1 0 3 3 3 3 2 0 1 1 3 0 3 0.4142135624 0
2 0 2 1 1 2 1 0 1 3 0 3 0 0 0 2 0 2 0 3 0 1 2 1 3 1 0 1 1 1 1 0 2 1 0 3 0.3364806498 0
0 2 2 2 1 2 2 0 1 3 2 1 1 3 0 2 0 0 1 1 0 0 1 3 0 0 3 2 3 3 3 2 0 3 0 3 0.3210538243 0
0 2 3 2 0 2 2 3 1 2 2 2 1 2 0 3 2 2 3 3 1 3 2 2 3 1 1 0 2 1 0 0 0 0 2 3 0.3173744686 0
2 1 2 1 1 0 2 1 1 3 1 3 3 3 0 1 0 2 2 3 3 3 1 0 3 1 0 0 3 0 2 0 0 0 1 0 0.6492741221 0
0 3 3 2 3 3 1 0 3 2 0 3 0 1 0 3 1 3 1 0 2 2 2 1 2 0 1 3 3 0 1 0 1 1 3 1 0.4142135624 0
1 3 1 0 3 3 2 1 2 1 2 2 0 0 0 0 3 2 3 2 1 1 3 3 0 3 2 0 2 1 2 1 0 3 1 1 0.3510801119 0
1 0 3 0 0 0 1 2 3 2 0 2 1 1 0 1 2 3 3 2 2 1 2 3 3 2 0 2 1 1 1 0 2 3 0 2 0.3835303427 0
2 0 0 0 1 0 1 1 0 3 1 2 0 2 0 2 3 2 2 1 3 3 2 1 1 1 1 0 1 1 3 3 0 1 0 3 0.4472135955 0
2 1 1 0 0 3 0 0 3 3 1 2 1 3 1 3 3 2 0 1 2 3 0 2 0 2 2 0 0 0 3 1 2 2 1 1 0.354867572 0
1 0 3 3 1 2 1 3 1 1 1 3 1 1 3 1 0 0 3 2 2 3 3 1 0 0 0 3 3 3 0 1 3 1 2 2 0.2918317294 0
3 3 0 1 2 0 1 2 0 0 0 2 3 2 3 1 0 1 3 0 0 1 2 3 0 3 1 1 3 0 0 0 0 1 0 2 0.3835303427 0
1 2 2 1 0 3 1 2 3 2 1 1 0 2 1 2 0 0 1 2 0 3 1 3 2 2 0 2 1 2 3 3 2 1 3 2 0.3273351788 0
2 0 1 3 0 3 0 0 0 0 3 0 3 0 1 3 0 2 1 1 2 2 2 2 1 0 0 2 0 1 0 2 0 0 2 0 0.4184720066 0
3 0 2 1 3 1 3 2 2 2 3 1 2 2 3 2 1 1 0 2 3 1 0 0 2 1 1 3 1 1 0 0 2 3 3 2 0.3572822687 0
0 2 2 2 1 2 3 3 3 2 2 3 1 3 0 0 0 3 0 2 3 3 2 3 3 3 2 1 0 0 1 3 3 3 3 2 0.2812483678 0
3 2 0 0 0 2 1 2 0 2 2 2 2 3 1 0 1 0 1 1 1 1 2 0 0 3 0 0 3 2 0 2 3 0 0 0 0.3302867025 0
3 3 0 3 1 0 3 3 2 0 3 2 0 2 2 1 0 0 3 2 0 0 1 2 1 2 3 2 1 1 0 0 3 3 3 1 0.3262318082 0
2 1 0 3 0 3 1 3 1 2 0 3 3 1 1 1 2 3 3 3 2 3 2 3 0 3 3 3 3 3 3 2 2 0 1 0 0.3737950927 0
2 1 2 3 1 1 2 0 3 0 1 3 0 3 0 2 2 0 2 0 1 3 0 3 1 3 0 3 3 2 0 0 3 3 3 3 0.4168262837 0
0 0 3 0 2 1 0 0 2 3 1 0 3 0 1 1 2 1 1 0 0 0 1 0 2 0 3 0 3 1 1 2 3 0 0 2 0.4472135955 0
3 3 3 3 0 0 1 2 2 0 3 1 0 0 3 0 0 0 3 2 2 2 1 0 2 3 2 1 2 1 3 2 0 0 3 0 0.304113536 0
3 3 0 3 0 2 2 0 3 2 1 0 2 1 3 3 3 2 1 0 1 2 0 3 0 3 0 0 2 2 3 1 3 1 1 2 0.3572822687 0
0 1 1 3 3 1 0 2 0 1 1 2 1 0 0 3 3 1 3 2 2 1 1 3 2 1 0 3 3 3 2 2 1 2 1 0 0.3271733881 0
0 0 2 0 1 0 1 1 0 2 1 0 0 2 1 0 1 1 1 0 3 2 1 3 3 1 1 3 3 0 2 2 3 2 0 3 0.2804379536 0
1 0 3 0 1 2 2 2 1 2 1 2 1 2 3 2 0 2 2 1 3 0 1 3 2 1 0 3 1 2 1 3 0 0 1 2 0.4472135955 0
1 2 3 0 2 2 0 0 0 3 0 1 0 0 3 2 0 2 3 0 2 1 0 3 2 2 0 0 2 2 1 2 2 0 2 1 0.3510801119 0
2 3 1 2 2 0 0 0 0 2 1 1 1 1 1 1 1 2 2 3 2 3 1 3 1 1 0 1 0 0 0 1 0 3 2 2 0.4472135955 0
2 1 2 0 1 1 0 0 0 3 3 2 2 2 0 3 2 1 2 0 1 1 1 0 0 3 0 0 3 0 3 0 1 2 3 3 0.4219915338 0
1 0 0 1 0 1 0 2 1 1 0 1 3 1 3 0 0 3 1 2 2 3 0 2 0 3 0 2 1 0 3 3 2 3 1 0 0.3835303427 0
2 1 0 3 0 2 1 2 0 0 2 3 1 1 3 0 3 1 1 3 2 3 3 0 0 3 1 0 0 3 3 0 3 1 0 3 0.354867572 0
1 1 2 0 1 0 0 1 3 3 1 1 1 2 3 0 3 3 2 3 1 3 2 2 0 0 1 3 3 1 2 1 1 3 2 2 0.3431021507 0
0 0 2 1 1 2 0 3 2 1 2 0 2 2 1 1 1 0 3 2 1 2 0 2 1 1 0 3 3 3 3 1 0 3 1 1 0.308950706 0
2 0 1 2 0 3 1 3 0 2 2 3 1 3 1 0 1 1 1 3 1 0 3 3 1 2 2 2 3 3 1 3 3 2 0 3 0.4472135955 0
0 1 0 2 2 2 3 0 1 0 3 1 0 2 0 1 2 1 0 3 3 0 2 3 2 3 3 0 3 1 3 1 2 2 3 1 0.282163914 0
1 0 0 0 2 0 1 3 1 1 1 1 1 3 3 3 2 1 3 2 3 3 1 3 2 2 0 2 3 0 2 0 0 2 0 1 0.3238107005 0
2 3 1 3 0 3 2 0 0 2 2 3 1 0 2 1 3 3 3 1 3 3 2 1 2 2 3 3 2 3 3 1 2 0 1 0 0.282163914 0
3 2 3 3 3 3 1 2 0 2 0 1 1 0 2 1 0 3 1 3 2 3 0 0 1 1 1 2 3 2 0 3 3 3 1 3 0.2984058257 0
2 1 0 3 2 3 1 1 3 0 3 2 1 1 3 3 1 3 1 1 2 1 0 0 3 1 0 3 0 2 1 0 2 3 0 0 0.3210538243 0
3 2 3 0 3 1 3 1 1 0 1 0 0 3 1 1 2 3 1 0 2 1 3 1 0 1 1 2 1 3 2 2 1 1 1 3 0.363892531 0
2 2 1 2 3 2 1 1 2 2 1 2 0 0 0 2 1 2 1 2 3 2 1 1 2 0 1 0 3 2 2 0 3 2 0 2 0.3510801119 0
3 0 3 2 3 1 2 0 1 3 1 1 2 1 0 0 2 2 0 3 1 2 3 1 2 1 3 0 0 2 1 0 1 1 2 3 0.5071671483 0
3 2 1 1 0 3 2 0 3 2 0 3 0 3 0 3 3 3 0 1 0 1 3 0 0 3 1 0 0 0 2 3 3 1 2 1 0.3302867025 0
3 3 0 1 1 0 0 3 0 0 2 3 2 0 0 2 3 0 2 1 3 3 1 0 3 0 1 2 3 3 3 1 2 1 0 3 0.3519612949 0
0 3 1 1 2 1 0 1 3 3 0 1 3 3 1 1 0 3 1 0 1 3 2 1 1 1 1 3 2 3 0 2 0 3 3 2 0.3210538243 0
2 2 0 2 0 1 3 1 2 2 1 1 2 3 2 1 1 0 3 2 0 0 2 2 0 2 1 3 1 0 3 3 0 0 2 3 0.2783531573 0
1 2 1 1 1 1 1 3 2 0 1 2 2 3 0 0 0 2 3 0 2 3 3 0 0 2 2 3 1 3 2 1 1 2 1 2 0.4311523228 0
3 3 1 1 0 1 3 0 1 1 1 1 3 0 0 2 3 3 1 0 2 0 1 1 3 2 1 0 3 3 2 1 3 3 3 1 0.2984058257 0
0 1 0 1 0 2 1 2 0 1 2 0 0 0 2 3 0 1 2 1 2 3 2 3 2 1 3 2 3 3 3 1 1 3 3 0 0.4667782661 0
3 0 2 2 2 0 2 2 3 2 2 1 3 2 1 2 3 0 2 2 1 2 1 0 2 2 3 3 2 1 3 2 1 0 1 0 0.2725392074 0
3 0 1 3 1 3 2 2 0 0 1 1 3 0 2 3 0 0 1 3 0 3 2 0 2 3 1 2 3 2 0 3 1 1 2 1 0.3572822687 0
2 0 2 3 1 0 0 3 3 1 2 2 1 3 2 3 0 0 3 3 1 2 0 0 2 1 3 0 0 1 0 0 3 2 2 1 0.3727036241 0
0 2 3 2 2 3 0 1 3 1 0 3 1 3 1 3 0 3 2 0 1 0 1 2 2 0 2 3 1 1 3 3 1 1 2 2 0.3418020796 0
2 2 0 1 1 0 3 2 1 0 0 1 3 0 0 0 1 2 0 2 2 2 2 3 1 1 1 3 0 0 0 0 2 2 0 1 0.3295815643 0
2 2 3 2 1 3 1 2 3 2 1 2 0 0 0 1 2 2 0 1 2 3 0 0 1 0 3 0 0 2 2 2 2 3 3 0 0.4932215826 0
0 3 3 0 1 3 2 3 1 2 2 1 1 2 0 1 1 3 1 0 1 1 0 1 2 0 0 3 2 1 3 2 2 1 2 1 0.395590895 0
1 0 1 2 2 3 1 1 3 2 0 2 3 0 0 1 3 2 2 2 3 1 3 0 1 2 0 3 2 1 1 0 1 1 1 2 0.282163914 0
3 3 2 0 2 0 2 3 3 3 3 2 2 0 1 2 0 0 3 1 0 1 1 0 0 3 3 0 1 3 0 1 3 0 1 3 0.3193901603 0
1 1 0 3 2 1 2 0 1 3 0 2 2 3 2 1 3 1 1 3 1 1 3 0 3 2 3 3 2 0 3 0 2 1 2 2 0.4472135955 0
3 0 2 3 1 2 3 2 0 0 3 3 3 1 0 0 2 1 3 0 1 2 2 3 3 0 3 0 0 0 2 2 3 1 3 2 0.3372389691 0
3 3 2 0 1 2 3 3 2 3 1 3 1 3 1 2 2 3 0 1 3 2 1 3 1 0 2 1 2 0 2 2 1 3 1 1 0.3183767839 0
0 3 1 1 3 2 2 1 2 0 2 1 2 3 3 0 1 3 3 3 2 3 0 3 1 0 2 2 1 3 3 3 3 1 3 1 0.4334666118 0
3 1 3 0 0 3 3 0 1 3 2 2 2 3 2 3 3 0 2 2 2 1 2 2 3 1 3 3 3 1 3 2 1 3 3 1 0.4565940367 0
0 0 3 0 1 1 2 2 2 1 3 2 1 0 0 0 3 1 1 3 0 0 3 2 1 2 1 2 0 1 2 1 0 3 0 2 0.304316867 0
2 2 2 0 3 0 0 0 0 2 2 2 3 2 0 3 2 1 2 0 1 2 2 1 0 1 3 1 3 1 0 3 2 0 1 0 0.4037797985 0
3 1 1 1 3 3 2 0 2 0 2 1 0 3 1 3 3 0 1 0 2 2 3 0 1 3 2 0 0 2 0 0 2 2 0 2 0.3572822687 0
2 2 3 2 0 0 1 0 3 3 3 2 0 1 2 0 1 1 0 3 2 1 3 3 2 1 1 1 1 1 0 1 0 3 0 0 0.5336088039 0
1 3 2 1 3 0 2 3 2 0 1 2 3 0 3 2 3 3 0 2 0 3 2 1 3 3 2 3 2 3 2 3 2 2 3 0 0.2898979486 0
0 2 2 0 1 2 1 3 2 1 3 2 3 3 3 3 1 1 0 3 3 3 3 1 3 2 3 0 2 3 2 1 1 2 1 2 0.4142135624 0
1 2 1 2 3 2 1 3 1 2 0 3 0 2 1 3 1 0 2 3 0 0 2 1 3 3 3 1 2 3 0 3 3 2 0 1 0.375585761 0
0 0 0 3 2 1 3 0 0 1 1 3 0 3 1 0 1 3 1 2 2 0 3 2 2 2 0 3 1 3 1 1 1 2 3 2 0.282163914 0
0 2 3 3 1 0 3 1 0 2 3 3 0 0 0 3 3 3 2 3 2 3 2 1 1 0 0 0 1 0 0 2 1 2 2 1 0.2898979486 0
1 1 1 2 3 3 0 2 1 3 3 0 1 1 3 1 3 1 0 0 1 3 1 0 2 3 1 1 2 1 1 2 0 0 1 3 0.4037797985 0
0 0 3 0 0 3 0 0 3 3 0 0 0 1 0 3 2 0 1 1 3 1 0 1 3 3 3 2 2 1 0 2 3 2 3 0 0.3560003902 0
0 3 2 3 2 3 2 3 2 3 3 3 2 3 2 0 2 2 1 3 2 0 0 3 0 2 0 2 3 1 0 3 0 1 1 1 0.388756727 0
0 1 3 0 2 0 1 1 2 2 2 0 2 3 1 0 1 0 1 3 2 1 0 0 2 3 3 0 2 1 2 2 2 1 2 3 0.30137244 0
2 1 0 1 2 2 3 3 2 0 2 1 3 0 1 3 3 3 3 0 1 2 2 3 3 3 1 3 2 0 2 3 1 3 1 2 0.3302867025 0
3 3 1 0 0 0 3 1 1 1 0 3 0 0 3 2 2 2 3 0 1 2 3 1 3 2 2 0 2 3 2 0 0 3 1 0 0.2828327539 0
1 1 1 0 3 0 0 1 1 1 2 0 1 3 0 2 1 2 0 3 1 0 1 0 1 1 0 0 3 2 0 2 3 0 2 1 0.2783531573 0
0 2 2 2 1 2 2 1 2 1 0 2 1 1 0 2 3 3 2 2 1 2 0 3 2 3 2 3 1 3 2 3 3 1 3 0 0.304113536 0
2 3 3 1 1 1 1 3 3 3 3 2 3 2 1 3 2 1 0 1 1 0 0 0 3 0 3 0 1 3 0 2 3 3 1 1 0.4037797985 0
2 3 0 2 2 0 2 1 0 2 3 0 0 3 1 0 0 3 1 0 3 1 3 2 3 3 2 2 1 1 3 3 3 3 1 1 0.2984058257 0
3 1 1 3 3 2 0 0 3 0 0 2 0 3 2 3 0 3 3 3 3 3 2 0 3 0 3 1 1 0 0 1 2 3 0 3 0.79210615 0
0 1 1 1 2 0 1 0 0 3 1 3 1 1 2 2 1 1 0 1 0 1 1 3 3 3 1 2 0 3 1 3 1 2 1 1 0.3572822687 0
2 1 1 2 1 2 0 0 1 3 0 3 1 3 3 3 1 2 2 0 0 1 3 2 2 3 2 0 2 2 3 0 2 0 2 1 0.2984058257 0
2 1 0 0 3 0 0 2 3 0 1 2 2 0 3 2 2 0 3 2 0 0 1 3 0 0 1 3 1 1 0 0 3 2 2 1 0.3500016244 0
2 0 2 1 0 3 0 2 1 2 0 2 2 3 1 2 0 1 0 1 0 3 1 1 3 2 1 1 3 0 1 2 3 2 0 3 0.282163914 0
3 3 2 1 3 2 1 0 2 2 3 3 3 3 0 0 1 2 2 0 1 3 2 1 0 3 1 0 0 3 2 0 1 1 2 0 0.3220972066 0
0 1 2 3 3 1 1 0 2 0 0 0 1 0 1 3 1 1 1 0 0 1 1 0 1 3 0 1 0 3 2 3 1 3 3 2 0.5927255389 0
0 0 2 2 3 0 2 2 2 1 2 0 2 3 1 1 1 2 0 3 2 1 0 2 0 0 2 0 1 3 1 1 0 2 1 1 0.4184720066 0
1 1 1 1 2 2 3 3 3 0 2 0 3 1 3 1 3 2 3 2 2 3 3 3 1 2 3 3 2 3 1 3 0 3 1 0 0.2958353457 0
3 2 1 2 0 2 3 1 2 0 3 1 3 1 2 2 3 3 2 3 0 0 1 1 2 3 1 3 3 3 0 2 1 0 3 0 0.4304465009 0
2 0 3 1 0 0 3 0 0 3 0 2 2 1 1 3 3 3 2 3 0 3 1 1 2 2 3 0 0 1 1 0 1 3 0 3 0.5189707093 0
2 0 3 1 2 2 0 2 2 1 2 2 0 1 3 0 1 3 0 1 3 0 2 3 3 3 3 0 3 1 2 3 1 2 2 1 0.282163914 0
3 1 0 3 3 0 3 3 2 1 2 1 0 3 1 1 3 3 2 3 1 0 0 2 0 3 0 0 2 1 3 1 1 3 0 1 0.3352662227 0
0 3 0 3 1 0 1 3 3 3 1 0 0 1 1 0 2 3 1 2 2 0 3 3 2 0 0 3 2 2 1 1 2 3 0 3 0.2809970886 0
1 3 0 1 3 0 1 0 1 1 0 1 0 0 0 1 2 2 3 1 0 0 3 0 0 3 0 3 1 3 0 2 2 0 1 1 0.282163914 0
3 0 0 2 2 2 1 2 3 2 1 3 2 2 2 2 2 0 3 1 0 1 2 3 3 1 2 2 2 2 1 2 2 0 0 1 0.282163914 0
2 2 3 2 1 1 0 2 1 2 1 1 2 2 2 0 0 3 1 1 2 3 2 1 1 1 3 2 2 2 2 0 1 0 1 1 0.79210615 0
0 0 3 1 1 3 1 1 3 0 2 3 3 2 3 1 0 1 2 2 0 0 1 3 3 3 1 2 0 3 1 2 3 2 2 2 0.2898979486 0
2 0 2 3 3 0 1 0 1 1 3 3 1 1 2 3 0 1 0 3 0 1 2 1 3 3 3 1 2 2 3 2 0 1 1 3 0.2648048949 0
2 1 1 1 1 2 0 0 3 3 0 3 2 2 3 0 0 3 2 1 1 3 3 1 0 0 3 1 3 2 1 1 3 3 1 3 0.2942840346 0
1 0 1 0 3 1 3 2 3 2 1 2 0 2 1 1 0 3 0 2 2 3 3 1 3 3 0 0 0 2 1 1 1 0 0 3 0.375585761 0
1 2 1 0 2 1 2 0 0 1 0 3 3 0 3 2 1 2 0 3 2 1 3 0 3 2 2 2 0 1 0 1 0 3 0 2 0.4142135624 0
2 0 0 0 3 0 1 3 2 1 0 3 3 2 2 2 1 3 3 1 0 1 1 2 3 2 2 2 1 2 2 2 3 3 3 1 0.3572822687 0
1 1 2 2 1 3 1 1 0 3 0 2 3 2 2 1 0 3 1 2 0 1 3 0 2 0 1 2 2 0 3 3 1 0 2 3 0.2984058257 0
3 3 0 2 3 0 3 2 2 3 1 3 0 3 2 2 0 0 2 1 0 0 3 0 3 2 3 3 1 2 2 3 2 2 3 1 0.2898979486 0
0 3 3 1 3 3 0 0 0 1 1 3 3 1 1 1 1 2 1 3 1 2 0 2 2 1 3 2 1 1 2 1 2 1 3 3 0.2962494748 0
3 3 2 0 0 0 0 1 0 0 1 2 0 3 3 1 0 1 3 3 1 0 3 0 2 1 2 0 1 3 2 1 1 3 2 2 0.3255563301 0
1 2 0 0 3 2 1 0 0 0 1 3 1 1 2 2 0 0 3 0 1 1 2 2 0 1 1 0 0 0 1 3 0 1 0 3 0.354867572 0
0 3 3 2 3 0 3 0 0 1 1 2 1 3 3 1 2 2 1 0 0 3 3 0 1 3 1 0 3 1 3 1 1 3 3 0 0.3302867025 0
3 0 2 2 1 2 1 1 1 3 3 0 3 0 2 1 2 2 2 1 1 2 0 2 0 1 3 0 0 1 0 3 2 2 3 2 0.3418020796 0
2 0 3 0 2 2 3 0 2 0 3 2 0 0 0 2 2 2 3 1 0 0 3 1 1 3 0 3 2 1 3 1 3 0 2 3 0.4472135955 0
3 1 0 2 0 2 3 2 3 1 3 3 2 1 3 2 0 2 2 2 0 3 1 3 2 2 2 0 2 3 2 3 2 2 0 0 0.4142135624 0
3 3 1 2 1 1 3 1 3 3 2 1 1 3 1 2 0 0 3 0 0 0 1 1 2 3 0 0 2 1 2 0 2 3 2 3 0.3629008246 0
1 2 1 3 2 3 1 0 2 1 2 3 2 3 2 1 3 0 3 0 3 0 2 0 3 2 1 3 3 2 2 3 1 0 0 3 0.3018893954 0
1 2 2 2 3 0 3 3 3 1 2 0 2 3 1 1 2 1 1 2 1 3 2 2 2 1 0 2 2 1 2 0 3 3 2 1 0.3122987644 0
1 0 2 1 3 1 3 2 1 3 1 1 3 2 3 2 2 0 3 0 2 3 1 1 2 1 2 1 1 2 1 3 1 2 1 3 0.304113536 0
2 1 0 3 2 2 2 0 2 2 0 0 2 2 1 0 1 3 0 3 0 1 1 1 1 3 0 2 2 1 3 2 3 0 3 3 0.3318827147 0
3 2 0 2 0 2 1 3 2 0 1 3 2 1 3 1 0 3 3 1 2 3 3 0 1 1 3 0 0 2 3 1 3 3 2 1 0.2898979486 0
1 2 0 1 1 3 3 2 0 2 0 0 0 1 1 1 1 1 2 2 1 2 0 0 2 2 1 1 2 1 2 1 0 2 3 2 0.2707814696 0
3 2 1 3 1 3 1 0 1 1 3 3 0 3 1 2 2 0 3 2 2 3 1 1 0 2 1 0 3 0 1 3 1 1 2 2 0.4037797985 0
2 3 1 3 1 3 1 0 0 1 1 0 0 1 0 2 2 1 2 0 2 1 0 1 0 0 3 0 1 1 1 1 0 3 2 3 0.304978078 0
1 2 0 0 0 2 0 1 0 0 0 0 2 2 2 2 1 3 3 3 1 2 2 0 0 0 0 3 2 2 2 2 0 0 3 2 0.3572822687 0
2 0 0 0 2 2 2 0 0 1 3 2 3 1 3 0 1 2 1 3 3 2 2 1 1 3 2 1 0 2 1 2 0 2 1 2 0.2850346585 0
1 1 2 2 3 0 3 3 2 3 3 0 1 0 0 2 2 3 2 0 1 2 3 2 3 1 3 2 0 3 3 3 2 1 3 1 0.3238107005 0
0 3 3 1 2 1 3 1 3 0 3 2 1 2 3 0 3 2 2 2 2 3 3 0 0 0 1 0 2 3 2 3 2 2 2 2 0.3439144051 0
2 0 0 3 3 3 3 0 3 0 1 0 2 2 2 2 3 1 0 1 3 2 0 1 3 2 1 2 3 0 0 0 0 3 2 2 0.3210538243 0
1 0 3 0 0 2 2 3 3 2 3 1 1 1 3 0 3 1 1 1 2 0 1 3 2 3 0 0 0 0 3 2 1 3 0 0 0.3210538243 0
1 0 2 1 2 2 1 0 1 3 0 0 3 3 0 2 2 0 3 1 2 1 0 3 1 2 1 2 1 0 2 1 0 0 1 1 0.2785034704 0
1 1 3 2 2 0 0 2 0 1 3 0 2 3 2 3 3 0 1 0 0 1 1 2 0 2 3 1 0 1 0 3 3 0 0 2 0.2984058257 0
2 0 1 0 0 1 0 0 3 2 1 2 3 1 3 0 1 2 3 1 3 2 3 2 3 0 3 1 0 1 1 1 0 2 0 2 0.375585761 0
0 3 0 3 1 0 0 0 0 0 2 2 3 2 1 3 2 2 1 0 2 3 2 2 0 0 2 1 0 3 3 1 1 1 1 2 0.3418020796 0
2 1 1 1 3 2 1 2 3 2 1 1 1 0 1 2 3 0 0 3 3 1 0 1 0 3 2 0 2 2 1 3 3 2 3 3 0.388756727 0
1 0 3 2 1 2 0 2 2 0 0 3 3 2 2 1 3 2 2 3 0 0 3 2 1 3 0 2 0 2 3 3 2 2 0 2 0.3474320193 0
1 2 1 0 3 3 1 0 2 2 3 1 0 0 0 2 0 0 0 1 0 2 1 1 3 1 3 2 2 3 0 3 3 1 0 2 0.3572822687 0
0 2 2 2 2 3 2 1 3 2 1 2 3 2 3 1 0 1 0 3 2 1 3 2 0 1 2 1 2 3 0 0 0 3 2 0 0.282163914 1
1 2 0 1 0 1 0 0 1 1 1 2 2 2 2 1 0 0 3 3 1 2 3 3 3 2 2 2 3 0 2 0 2 2 2 1 0.4142135624 1
2 0 3 2 3 1 1 3 1 0 1 3 1 3 3 1 1 3 1 2 2 0 3 2 2 1 2 1 0 3 1 1 0 1 1 3 0.304113536 1
2 1 0 1 1 2 1 2 1 0 3 1 1 3 0 3 0 3 1 2 2 0 1 2 1 2 2 2 0 2 2 1 2 2 0 3 0.3510801119 1
3 1 0 0 3 1 0 2 3 1 3 0 2 0 1 3 2 1 0 0 0 1 1 0 2 2 1 1 2 2 2 1 3 0 3 1 0.4257225336 1
1 3 1 0 1 1 3 1 2 3 2 0 1 3 2 1 3 0 0 2 2 3 2 1 1 3 1 2 0 3 3 2 2 3 2 0 0.4472135955 1
2 0 0 3 0 2 2 2 0 3 1 2 1 3 0 1 1 0 1 0 1 2 0 0 1 3 3 0 1 1 0 0 3 2 1 0 0.4142135624 1
0 0 0 3 2 3 2 2 0 2 3 3 0 3 2 3 0 1 3 1 0 0 1 0 2 1 0 2 2 1 2 0 3 3 3 3 0.3173744686 1
2 0 0 1 1 3 0 0 2 0 2 1 2 2 1 0 1 2 1 1 2 2 3 0 0 0 1 3 1 3 2 0 1 1 0 1 0.3709615778 1
3 2 2 1 2 2 3 1 2 3 2 2 3 1 1 0 2 1 0 2 0 2 0 3 2 3 2 3 3 3 1 1 1 2 1 2 0.282163914 1
0 3 1 1 0 2 3 0 0 2 0 3 0 3 2 2 1 1 1 2 1 2 1 2 0 3 0 1 3 2 1 1 1 1 3 2 0.3539604037 1
3 2 1 0 1 0 2 1 3 0 3 0 1 2 3 1 1 0 0 2 0 0 3 2 3 2 3 2 3 1 3 1 0 1 1 1 0.3439144051 1
2 2 2 0 1 3 3 3 1 0 0 2 0 3 0 0 2 3 0 3 2 0 1 1 1 3 0 2 0 0 1 0 3 0 3 2 0.441769316 1
0 2 3 2 1 1 1 1 2 0 2 2 0 2 1 3 0 2 3 2 3 1 3 3 3 0 0 3 3 1 1 2 0 1 0 0 0.3102148911 1
0 3 1 0 2 0 0 3 2 3 3 3 1 3 2 1 1 0 2 1 0 3 0 2 3 1 3 1 3 0 0 2 0 1 1 3 0.4142135624 1
2 3 0 1 0 1 1 2 0 0 2 2 1 3 1 3 2 3 1 1 1 1 0 0 0 1 0 1 0 1 1 0 3 0 3 1 0.3005423822 1
2 2 2 3 2 1 1 2 2 0 1 3 0 0 0 0 0 3 0 1 0 1 3 0 1 2 1 2 1 1 0 1 1 3 2 1 0.2984058257 1
3 3 3 0 2 3 0 2 3 2 2 0 3 2 1 0 0 3 1 1 0 3 2 0 0 2 0 0 2 0 2 3 2 3 3 2 0.2984058257 1
3 2 3 3 2 2 2 2 2 2 1 0 2 3 2 3 3 2 0 3 0 2 2 3 1 2 1 2 3 3 0 0 3 1 2 1 0.2828327539 1
2 3 0 0 2 3 1 3 1 1 0 1 2 3 1 0 2 3 0 1 1 1 1 0 2 3 1 1 2 0 0 1 1 0 1 2 0.363892531 1
2 2 3 0 2 3 2 2 0 0 0 1 1 1 1 3 1 0 2 2 2 0 2 1 3 1 0 0 3 1 2 0 1 0 0 1 0.5453467918 1
3 1 2 1 0 1 2 3 2 1 3 0 3 1 2 2 0 1 3 1 3 0 1 3 3 1 3 0 1 2 2 0 1 1 1 0 0.2984058257 1
3 0 0 1 0 3 1 0 2 2 3 2 2 3 3 2 2 2 3 2 0 3 3 2 0 2 2 2 0 3 1 2 1 2 3 3 0.3525098313 1
3 0 0 2 3 0 3 1 3 1 0 0 0 3 3 1 1 2 3 2 2 0 1 2 1 1 0 0 0 1 1 1 1 2 1 0 0.4107006147 1
3 0 0 3 1 1 0 2 0 3 0 3 3 1 1 0 0 2 3 1 3 2 3 0 0 2 0 2 1 3 3 2 3 1 1 0 0.304113536 1
0 2 1 0 3 1 1 1 3 3 0 2 1 3 2 2 0 3 0 3 2 2 0 2 1 1 2 2 3 1 1 3 0 1 0 2 0.3102148911 1
0 0 2 2 1 1 0 0 0 3 0 3 0 0 2 3 3 3 0 2 3 2 2 1 0 1 1 2 1 0 3 1 3 0 3 1 0.3069422669 1
3 2 3 0 0 2 0 2 3 2 2 3 0 2 2 2 2 0 2 0 1 0 3 0 3 3 3 1 0 3 1 1 2 0 1 3 0.3474320193 1
1 3 3 3 1 3 0 0 0 3 0 3 1 0 3 2 3 3 0 1 2 3 1 2 1 1 2 1 1 3 0 3 3 1 0 3 0.3908225933 1
2 1 1 0 1 1 3 0 0 0 0 1 3 0 2 1 0 0 1 3 1 3 3 2 1 1 3 1 2 1 3 0 0 2 3 0 0.3142042283 1
3 1 0 2 0 1 3 3 3 2 3 0 2 2 0 2 3 1 0 0 3 2 1 1 1 2 3 3 1 2 0 2 1 1 3 0 0.4142135624 1
2 0 2 3 3 3 1 1 2 1 3 0 2 0 3 3 1 3 1 0 2 0 1 2 3 3 2 0 1 1 3 2 2 0 2 0 0.2898979486 1
2 1 0 3 2 0 0 1 3 3 1 1 3 2 2 3 3 3 1 2 2 2 2 2 2 0 3 3 1 2 0 0 2 1 3 3 0.4142135624 1
2 3 3 3 1 0 0 3 2 2 3 1 1 3 0 2 0 3 3 1 0 1 2 1 3 1 0 1 2 0 0 1 2 2 3 3 0.304113536 1
2 0 3 0 3 3 2 1 3 2 0 1 3 2 3 3 0 2 1 0 2 2 3 3 3 3 2 0 0 1 1 0 3 2 3 1 0.2984058257 1
3 2 2 2 1 3 3 1 3 2 3 0 2 1 0 0 3 0 2 3 0 3 2 0 3 3 0 1 3 0 1 3 0 2 0 2 0.3200220867 1
1 3 0 1 3 2 1 2 3 3 0 1 3 2 1 0 1 2 3 3 1 1 3 3 2 1 0 3 0 0 2 0 0 2 3 2 0.2930491235 1
0 2 3 3 2 3 1 0 2 0 0 2 2 2 3 2 1 2 1 2 2 1 3 0 2 0 0 3 1 1 0 2 2 1 3 0 0.2898979486 1
0 3 1 2 0 0 0 0 3 2 1 1 3 1 2 1 2 0 0 1 1 0 1 2 0 1 3 0 3 1 2 2 1 0 1 3 0.6492741221 1
1 2 1 2 0 3 2 0 1 3 3 3 0 1 0 2 2 3 1 0 2 2 2 0 3 3 2 0 2 3 3 2 2 1 1 0 0.5336088039 1
3 3 0 3 1 3 0 2 3 0 3 3 3 3 2 0 3 1 2 3 3 0 3 1 2 3 3 1 3 1 3 1 1 3 0 3 0.3737950927 1
1 3 0 1 3 3 2 1 0 3 2 1 1 3 3 1 1 0 1 2 1 0 2 2 2 0 0 2 0 0 1 3 1 0 1 2 0.3142042283 1
2 1 1 0 0 2 0 0 2 1 3 1 2 1 3 1 3 3 1 3 1 3 3 2 3 1 2 3 0 2 2 0 3 1 1 2 0.3005423822 1
2 0 2 0 0 0 1 3 1 3 1 2 2 1 3 2 2 2 2 0 1 3 2 3 3 2 1 2 0 3 1 1 2 1 0 3 0.3364806498 1
0 2 1 2 1 3 2 0 3 1 2 0 2 1 2 3 1 1 1 0 0 0 1 1 2 3 0 2 0 1 1 0 3 1 1 1 0.354867572 1
0 2 2 1 1 2 2 0 1 1 2 3 0 1 3 1 0 3 3 0 1 3 2 0 2 0 0 1 1 0 3 1 3 2 0 0 0.3142042283 1
3 2 2 2 1 1 3 0 0 3 2 3 2 2 1 2 3 1 3 1 2 1 2 1 3 1 1 2 1 1 0 1 0 1 2 3 0.3189103168 1
2 0 3 3 3 0 1 2 0 3 3 3 2 3 3 3 2 3 0 1 3 1 3 0 0 2 0 0 0 3 0 0 3 3 2 0 0.3496707166 1
0 1 2 2 0 0 0 2 0 3 0 0 3 3 0 3 0 3 2 3 0 1 3 1 1 2 1 2 3 3 1 3 0 3 2 3 0.304113536 1
1 1 2 3 0 0 1 2 3 2 2 0 2 1 1 1 0 2 2 1 3 2 2 2 1 3 3 2 3 3 2 0 0 3 1 2 0.3142042283 1
1 3 0 3 0 3 1 0 3 2 0 0 1 3 3 2 2 0 3 0 1 2 3 3 1 1 0 1 1 0 1 0 3 0 0 2 0.363892531 1
1 3 0 0 2 1 2 3 3 1 1 1 2 2 2 3 2 1 3 0 0 3 3 0 1 1 2 0 0 2 1 1 2 3 0 0 0.4239685927 1
1 1 1 0 1 0 2 2 2 1 1 2 3 3 1 3 0 3 1 0 0 3 1 0 1 0 3 2 0 1 2 3 1 2 0 0 0.4932215826 1
3 1 2 1 0 3 2 1 0 2 0 1 3 0 2 3 0 1 3 3 3 1 3 1 2 3 1 1 1 3 0 1 0 3 2 0 0.5071671483 1
1 2 1 3 2 1 3 0 0 0 0 1 0 1 2 0 2 1 0 2 2 2 1 3 0 1 1 0 0 2 0 2 1 0 3 1 0.282163914 1
0 3 3 0 1 0 1 2 0 0 2 0 3 3 2 2 0 2 3 2 1 2 2 3 1 3 1 3 3 1 1 3 0 2 3 0 0.3102148911 1
3 3 1 3 1 2 2 0 1 3 0 3 1 0 1 0 0 0 1 1 2 1 0 3 3 2 3 0 1 2 2 0 1 2 3 1 0.3018893954 1
0 3 2 1 0 3 0 3 2 0 1 2 1 0 0 3 1 1 3 0 2 2 3 0 1 1 0 2 0 1 0 0 0 0 3 1 0.363892531 1
3 1 3 1 3 3 2 0 1 0 2 1 1 0 3 1 2 1 1 0 1 2 0 1 1 0 2 1 0 0 0 0 2 3 3 1 0.304113536 1
2 3 0 3 2 3 0 1 0 0 0 0 1 2 2 0 0 3 3 2 0 3 0 3 2 3 0 2 1 1 0 1 1 2 1 3 0.4565940367 1
2 1 1 0 3 1 1 3 0 0 1 3 0 2 1 0 1 3 0 2 2 1 3 1 0 3 2 0 3 0 1 2 3 0 2 1 0.282163914 1
0 0 1 2 1 0 1 1 3 1 2 1 0 3 1 0 3 0 2 3 0 0 1 1 0 1 1 1 1 3 0 2 3 1 3 3 0.5531708459 1
0 0 2 2 1 2 0 1 1 1 1 0 1 0 1 2 0 2 2 2 1 2 1 1 3 1 3 2 0 1 3 0 3 3 0 2 0.3142042283 1
3 0 0 0 0 0 1 3 0 1 2 3 0 3 2 0 0 3 3 0 1 1 2 0 2 3 0 2 0 2 2 2 3 1 2 0 0.3397347183 1
0 2 1 3 1 1 3 0 3 2 2 1 3 2 2 1 1 0 2 2 3 0 1 0 1 2 3 1 3 3 0 2 3 3 3 1 0.2832488209 1
3 2 1 3 2 2 3 2 3 3 0 3 3 2 2 0 2 2 2 2 1 2 1 0 1 0 0 1 0 3 1 1 2 1 0 1 0.7117102235 1
1 0 3 2 3 1 0 2 2 2 0 0 2 3 1 1 0 1 1 1 3 2 2 1 3 2 3 0 1 0 3 2 1 3 2 1 0.3210538243 1
1 3 2 0 1 1 2 0 2 1 2 0 3 3 0 1 1 3 3 3 3 2 0 0 1 1 2 3 2 2 3 3 1 0 2 1 0.4142135624 1
2 0 0 2 2 0 3 2 2 3 2 1 3 0 1 2 0 3 3 2 1 1 2 1 0 0 3 2 1 1 3 0 0 0 0 1 0.2887244073 1
1 0 3 2 1 0 1 2 2 0 1 2 2 3 1 2 3 0 1 1 0 1 2 0 1 0 0 0 1 0 2 0 3 0 2 0 0.282163914 1
2 3 2 3 2 3 0 2 1 2 2 1 1 1 2 1 1 1 3 0 1 0 2 3 0 1 0 0 0 0 0 3 2 3 3 3 0.3510801119 1
3 0 0 2 3 0 2 0 3 3 2 0 1 3 3 3 3 3 0 0 2 3 0 1 0 1 1 2 0 1 3 1 3 2 1 0 0.2770906051 1
2 3 3 2 3 1 1 0 3 3 3 2 0 3 1 2 1 1 3 2 0 1 0 1 3 0 0 2 0 3 0 2 2 1 1 1 0.2984058257 1
0 0 0 2 1 1 1 2 3 1 1 1 0 2 2 0 3 1 1 1 3 1 0 0 3 0 1 3 1 0 0 2 3 1 1 0 0.2958353457 1
3 3 2 2 3 1 3 2 3 1 2 2 2 3 3 3 2 2 3 1 0 3 3 1 2 0 2 1 1 0 0 1 2 2 0 1 0.2850346585 1
1 1 3 3 1 3 1 0 0 1 0 3 1 1 3 3 2 3 0 2 3 1 0 1 2 1 3 2 3 3 2 2 0 3 1 0 0.3210538243 1
2 2 0 2 0 1 0 1 2 1 0 1 1 0 0 3 3 2 0 1 3 3 2 0 0 2 2 1 3 0 1 0 1 1 2 2 0.3474320193 1
2 0 1 3 2 0 1 0 3 3 1 3 3 0 2 0 0 2 0 0 1 1 3 0 2 3 2 1 2 2 0 2 3 0 3 0 0.3510801119 1
2 3 0 1 2 3 0 3 1 3 2 2 1 1 0 3 0 0 2 3 0 0 0 0 1 0 2 3 1 3 2 3 3 1 1 3 0.4286189735 1
3 1 1 0 0 1 2 3 1 3 1 2 1 0 0 2 0 3 0 1 2 2 0 2 2 3 0 2 0 3 1 0 1 1 2 1 0.4365680863 1
2 2 1 0 1 2 0 2 0 3 3 3 1 0 2 3 2 1 0 0 1 0 1 1 1 2 1 2 3 2 1 3 0 0 3 1 0.3572822687 1
0 1 2 1 1 3 1 2 3 2 3 2 3 3 2 3 1 3 3 2 2 0 3 0 0 1 2 3 1 2 2 1 2 2 2 1 0.2930491235 1
1 2 3 2 0 2 3 3 3 2 0 0 1 2 2 1 1 3 1 1 1 1 3 1 0 2 1 2 3 3 3 2 3 0 1 2 0.3255563301 1
0 3 0 0 0 3 2 0 1 2 2 0 1 0 0 2 0 2 2 1 1 0 1 2 3 1 1 2 0 0 1 0 3 1 0 3 0.282163914 1
2 1 1 1 3 2 2 3 1 1 2 3 3 2 2 0 1 2 1 0 2 3 3 1 0 1 1 0 3 0 2 2 1 3 0 1 0.375585761 1
1 2 2 0 3 2 1 0 0 1 2 1 3 1 1 1 2 3 2 0 1 3 1 1 3 2 1 0 2 1 1 2 1 2 2 0 0.3655178698 1
1 2 1 1 2 3 3 0 2 0 0 0 2 3 3 2 0 1 0 3 0 1 3 0 2 1 3 1 3 0 3 3 1 1 1 0 0.4168262837 1
3 2 3 2 2 2 1 3 1 2 0 0 0 1 3 0 1 3 0 2 0 3 0 3 2 2 1 0 0 2 0 2 1 2 2 2 0.3273351788 1
1 3 3 1 0 2 3 3 1 2 1 0 1 0 0 1 1 2 0 0 3 2 3 1 2 1 3 3 2 1 0 1 1 1 0 1 0.2984058257 1
0 1 3 1 0 3 3 1 0 3 2 2 1 2 0 2 2 2 0 3 2 1 3 0 0 0 0 2 1 0 3 2 3 2 0 0 0.2868593513 1
1 0 2 0 2 0 2 0 1 3 0 0 3 1 2 3 0 3 3 2 1 0 2 2 0 3 3 3 0 0 1 2 0 0 1 0 0.3572822687 1
2 1 3 2 2 3 3 1 0 0 2 3 2 2 2 1 2 0 3 3 1 1 2 0 3 2 3 3 0 3 1 1 1 0 3 0 0.3302867025 1
1 1 0 2 3 0 3 1 0 2 1 1 2 0 3 3 3 3 2 1 3 2 0 3 2 2 0 3 2 3 2 1 2 1 2 3 0.2898979486 1
3 2 0 1 1 0 3 0 1 1 3 1 2 0 3 1 3 3 0 1 2 3 1 2 2 3 0 3 3 1 0 2 3 0 0 1 0.2861577002 1
3 1 0 2 2 3 2 2 3 3 1 3 3 2 3 1 3 1 2 1 2 2 1 0 0 3 2 2 1 1 3 3 1 0 1 0 0.3372389691 1
3 0 2 1 3 0 2 2 0 2 3 2 2 2 2 1 2 3 3 3 1 0 0 1 0 1 0 2 1 0 0 0 1 3 1 2 0.3295815643 1
1 1 0 2 0 2 0 0 1 1 2 1 3 2 1 0 1 2 1 0 1 1 3 2 1 1 0 1 0 0 2 0 3 2 3 0 0.3572822687 1
2 2 3 2 3 3 3 3 0 0 2 3 3 0 0 0 0 2 3 1 3 3 3 3 1 1 0 2 1 1 1 2 0 3 0 2 0.6492741221 1
0 0 2 1 1 3 3 0 3 2 0 1 1 1 0 2 1 2 1 0 3 1 1 3 0 1 2 0 0 2 1 1 2 2 3 2 0.5453467918 1
3 3 1 2 1 1 3 0 3 0 0 2 1 3 0 0 2 0 1 0 2 1 3 0 1 1 0 2 2 3 0 2 3 1 0 3 0.3102148911 1
3 2 3 1 3 1 3 2 0 3 0 2 2 1 1 2 2 2 3 3 2 1 3 1 3 3 0 1 2 3 1 1 2 0 1 2 0.3102148911 1
1 0 2 2 1 3 2 2 0 1 1 2 0 3 2 0 3 2 1 0 2 0 0 3 0 2 0 0 1 1 2 1 1 3 3 2 0.4304465009 1
1 1 0 3 2 0 1 3 0 0 2 0 1 2 0 0 0 1 2 2 2 3 2 2 3 3 0 3 1 0 3 0 0 2 0 1 0.4472135955 1
2 1 2 3 1 2 3 3 3 2 0 1 2 3 0 0 1 1 3 1 3 0 2 2 2 2 2 3 1 0 3 1 1 0 0 2 0.3210538243 1
0 0 0 3 1 2 0 3 0 1 1 3 1 0 0 1 2 0 1 3 1 2 0 3 1 0 0 0 2 2 0 1 1 0 3 3 0.2898979486 1
2 3 0 1 1 2 1 3 3 0 3 3 1 0 0 0 1 0 2 2 2 2 1 3 3 1 2 3 1 0 0 1 2 3 0 1 0.454311603 1
1 2 0 2 2 1 2 1 0 0 3 1 0 3 3 0 3 1 1 1 2 1 0 3 3 3 1 3 0 3 2 1 0 2 0 1 0.4023367561 1
2 0 0 0 2 3 3 3 0 1 1 0 1 1 2 0 1 0 1 0 3 0 2 1 0 2 0 3 1 0 0 3 2 2 2 0 0.375585761 1
1 2 0 2 1 3 3 3 0 3 2 1 3 3 1 2 2 1 0 1 2 1 0 1 3 2 2 2 3 2 3 1 3 2 2 0 0.485324478 1
3 3 2 0 3 3 3 0 0 3 2 1 0 3 1 2 3 0 2 0 3 2 2 1 0 1 2 3 3 0 3 0 3 3 1 3 0.375585761 1
1 3 2 2 1 3 0 1 1 3 0 0 2 0 2 3 2 1 1 0 2 0 3 1 2 0 2 0 3 0 1 3 0 0 0 3 0.4037797985 1
0 1 1 0 1 1 0 0 3 2 3 0 2 2 0 2 3 2 2 2 1 2 2 0 1 3 2 2 2 1 2 0 3 1 1 0 0.3572822687 1
3 0 3 2 3 1 1 0 3 2 0 0 3 2 1 2 2 2 0 0 3 3 1 3 1 1 3 3 0 1 1 2 0 1 1 3 0.3364806498 1
0 1 1 1 2 3 2 2 1 1 2 1 0 0 3 2 0 2 3 2 2 0 1 0 3 3 3 0 1 1 1 2 2 0 2 2 0.5582520261 1
3 3 2 1 1 1 3 2 2 0 2 2 1 2 2 3 0 3 0 0 1 1 3 1 1 2 3 1 2 1 1 3 3 2 3 1 0.3039881037 1
2 1 1 3 3 1 3 0 2 0 3 0 1 0 0 3 2 0 2 2 3 0 2 0 1 0 1 1 0 2 0 0 1 2 1 0 0.2898979486 1
2 1 2 1 3 3 2 0 1 2 0 0 1 3 1 0 3 3 2 0 1 0 1 3 2 2 1 1 0 0 3 1 2 2 0 0 0.2898979486 1
1 1 2 1 3 0 0 3 0 1 0 2 0 0 1 0 3 2 0 2 0 0 0 0 1 0 1 0 1 0 3 0 1 3 3 0 0.3835303427 1
3 2 3 2 3 2 3 2 2 1 3 3 1 0 3 0 2 1 0 0 3 1 3 1 3 1 0 0 1 2 2 0 0 2 3 3 0.363892531 1
1 1 0 3 0 0 2 3 3 2 2 0 0 2 0 3 2 3 1 1 1 1 1 1 2 0 1 2 3 1 1 2 1 2 1 3 0.3563530578 1
2 1 0 1 0 2 1 2 3 3 1 2 2 2 3 3 0 1 3 0 1 3 2 3 2 3 3 2 2 2 0 1 1 2 0 2 0.3835303427 1
2 2 0 3 0 1 0 1 2 1 3 1 1 1 3 1 2 0 1 2 0 3 1 1 0 0 0 0 0 3 3 2 3 2 2 1 0.2958353457 1
1 1 1 2 2 3 2 3 2 2 1 0 1 2 1 1 0 0 2 2 1 0 0 3 2 0 2 2 1 3 1 1 2 0 1 2 0.4052420579 1
0 2 3 2 3 2 3 3 1 1 1 1 2 0 1 1 3 3 0 1 2 3 2 3 1 0 0 0 2 0 1 0 3 1 1 0 0.4472135955 1
2 3 0 0 0 1 3 1 1 1 1 1 2 1 1 3 0 1 1 0 2 2 2 3 2 3 1 1 0 0 3 0 3 2 0 1 0.2832488209 1
2 2 0 1 0 2 1 0 0 2 0 1 0 3 0 2 3 3 1 1 0 1 2 1 3 3 2 2 0 1 0 0 0 3 1 2 0.3142042283 1
2 1 3 3 2 0 3 1 0 2 1 1 2 0 1 2 0 3 2 1 3 0 3 2 3 0 3 2 1 3 2 0 3 0 2 0 0.375585761 1
0 3 2 1 1 1 0 3 0 3 0 1 1 0 1 3 3 1 3 3 3 0 2 2 2 0 0 2 0 1 3 2 1 2 2 0 0.3921195512 1
1 0 0 2 1 2 2 3 0 2 2 1 2 0 3 1 3 2 2 2 1 0 3 1 0 2 1 3 1 3 3 0 0 3 1 3 0.5071671483 1
2 3 0 1 3 2 1 0 3 1 0 3 1 0 1 2 0 1 0 1 0 0 3 1 0 3 2 0 0 0 2 3 1 2 2 1 0.2984058257 1
1 3 1 0 1 2 0 3 2 0 1 3 2 3 1 0 2 0 0 2 3 0 0 2 2 1 2 2 3 2 0 3 1 3 2 3 0.375585761 1
1 1 3 0 2 3 0 3 3 1 1 1 1 1 2 2 2 3 1 2 0 0 1 2 1 3 2 1 3 3 1 1 0 1 1 1 0.363892531 1
3 1 0 1 3 0 3 0 3 1 2 2 1 3 3 1 2 1 3 2 2 1 1 1 0 3 0 0 0 1 3 2 1 0 2 1 0.395590895 1
3 2 2 0 2 0 0 3 2 3 0 1 1 1 0 2 0 1 3 2 0 0 2 3 1 3 2 0 1 3 3 1 0 1 0 1 0.4472135955 1
2 3 0 1 0 1 3 1 2 2 1 0 3 3 0 3 1 1 0 2 1 0 3 3 2 2 0 3 1 0 3 3 2 3 3 3 1 1
3 0 2 2 0 1 2 1 3 3 3 0 1 3 1 3 1 2 0 0 1 0 1 2 2 1 2 3 0 2 2 1 3 2 0 1 0.3210538243 1
0 3 3 0 0 2 1 0 0 3 1 1 2 1 1 1 3 0 3 3 0 1 2 0 3 2 3 2 0 2 0 2 0 3 1 3 0.3183767839 1
0 1 2 2 3 2 0 3 1 0 0 1 2 1 1 1 3 1 1 0 3 1 1 0 0 1 3 2 3 2 3 3 1 1 0 1 0.3117179653 1
0 0 1 0 1 1 0 0 3 0 0 1 0 2 0 1 3 0 1 0 0 0 3 1 0 0 1 3 0 2 2 3 3 1 2 1 0.3510801119 1
1 2 2 1 2 1 3 0 1 3 3 3 0 1 0 1 2 3 2 1 3 0 3 3 1 0 3 3 0 1 1 2 3 3 3 1 0.5071671483 1
3 1 1 0 0 2 0 0 3 0 3 3 3 1 0 0 3 3 1 3 3 3 0 0 0 0 1 0 3 0 0 1 1 0 1 0 0.3102148911 1
1 0 0 1 1 0 0 2 3 2 1 3 0 3 1 2 3 0 0 2 2 0 0 1 0 0 0 1 0 0 3 2 2 3 3 1 0.2898979486 1
1 1 1 1 3 2 3 2 3 3 2 3 2 2 1 3 2 3 0 2 1 0 2 1 3 1 3 3 1 3 3 3 3 2 2 1 0.2938102447 1
3 2 0 0 1 1 3 0 1 2 3 2 2 1 1 2 0 2 0 1 1 2 0 1 3 2 2 1 3 1 0 1 0 2 3 0 0.2984058257 1
1 2 2 3 0 3 0 2 1 0 1 1 2 3 0 3 3 3 1 1 2 0 3 0 3 2 2 0 3 0 0 3 3 3 0 3 0.3255563301 1
3 3 3 2 0 1 2 3 3 1 3 3 2 0 3 2 3 3 0 2 2 2 3 1 0 0 1 0 1 3 0 3 1 2 0 2 0.2898979486 1
1 2 3 0 1 1 1 1 2 1 2 2 1 3 1 3 2 0 1 1 0 3 0 0 3 0 2 0 3 0 1 3 0 2 2 2 0.3208092227 1
2 1 3 0 2 1 3 0 3 1 3 2 2 2 2 0 0 2 0 0 1 2 3 3 1 3 2 1 3 2 2 1 3 1 2 3 0.3210538243 1
1 3 3 1 1 3 2 1 0 2 0 0 1 2 0 1 1 1 2 1 0 3 1 0 1 3 1 3 0 3 2 0 0 2 2 1 0.3157755779 1
1 0 2 2 1 3 2 1 1 2 2 1 1 3 0 1 0 3 1 1 2 0 2 2 3 2 3 1 1 0 0 0 3 1 1 2 0.395590895 1
1 3 0 3 2 2 1 3 0 0 3 1 3 3 2 3 3 1 0 3 2 0 3 2 0 1 1 2 2 3 0 3 0 2 2 2 0.2898979486 1
2 0 0 0 0 2 3 0 3 3 3 3 0 0 3 1 3 0 0 1 0 0 2 0 1 0 3 1 0 0 1 0 0 0 0 0 0.3964268956 1
0 1 1 2 3 2 3 3 0 0 0 3 0 2 0 3 2 1 3 2 1 2 2 3 0 1 2 3 3 2 3 1 2 1 1 2 0.2849725132 1
3 1 3 3 2 1 2 1 0 1 3 0 0 1 3 3 1 0 0 0 2 1 1 1 1 3 3 0 3 2 0 1 3 0 0 3 0.5204392835 1
0 0 3 1 0 2 2 0 2 0 0 0 3 3 1 3 3 0 1 2 1 3 3 2 1 3 2 2 1 1 0 0 1 1 1 0 0.2903505128 1
0 2 2 1 2 1 3 3 0 2 3 2 0 3 1 0 3 3 2 0 1 1 3 1 1 2 1 3 3 3 0 1 1 2 3 1 0.4101114678 1
1 0 3 0 2 0 3 1 3 2 0 1 0 2 0 2 3 2 0 1 1 3 0 1 3 2 0 0 2 3 3 2 2 1 2 2 0.3238107005 1
2 2 2 2 2 0 1 0 1 3 0 2 0 2 3 2 0 3 2 2 2 0 3 0 3 2 0 2 0 1 3 2 3 1 0 2 0.4932215826 1
0 3 1 0 0 1 2 0 3 0 0 3 0 2 1 3 3 3 2 0 1 3 3 1 0 2 3 0 1 2 1 3 1 2 2 0 0.6492741221 1
0 3 3 0 2 0 2 1 0 2 1 0 0 0 2 3 3 3 0 2 3 2 2 2 0 3 3 0 1 2 0 1 0 1 1 0 0.2918317294 1
1 2 1 0 1 1 3 2 3 2 3 0 3 3 1 3 3 3 0 3 2 0 1 3 2 1 0 3 0 1 0 1 1 3 3 3 0.3613164298 1
1 1 0 0 1 0 0 1 2 1 2 1 0 3 3 0 2 3 0 1 3 1 1 2 1 3 0 3 0 1 3 3 3 0 2 3 0.3142042283 1
0 2 1 1 2 2 1 0 3 1 1 0 2 3 3 3 3 2 0 2 2 2 3 1 2 2 3 3 0 2 3 1 3 2 2 1 0.3582201532 1
0 0 0 3 1 0 3 1 1 1 2 1 3 1 2 2 0 2 1 3 3 3 2 3 3 1 2 2 3 1 0 1 3 2 3 2 0.3157755779 1
3 2 2 2 1 2 1 3 3 1 0 3 3 2 3 3 2 2 0 1 0 1 1 0 3 0 3 3 1 2 3 0 3 0 3 2 0.4932215826 1
3 1 1 2 2 1 0 3 0 3 2 2 1 3 1 2 0 3 3 1 0 0 3 1 2 3 1 0 2 1 0 0 2 3 2 0 0.5927255389 1
1 1 3 1 3 2 3 3 0 3 1 2 0 2 1 0 2 0 1 3 3 0 3 1 0 3 3 0 1 1 0 2 2 1 2 0 0.354867572 1
0 1 3 3 2 3 2 0 1 1 3 3 2 3 2 0 3 3 0 1 1 3 1 0 3 1 0 2 1 0 0 1 3 1 2 1 0.363892531 1
3 2 1 1 1 0 2 3 3 0 2 0 1 2 3 1 3 3 2 1 3 3 1 1 0 2 3 2 3 1 2 0 3 0 2 1 0.375585761 1
0 0 3 3 1 0 1 1 3 0 1 0 2 2 2 1 0 3 3 1 2 1 0 2 1 3 0 1 0 2 2 3 2 0 0 0 0.4627853301 1
0 3 3 2 0 1 0 3 3 3 1 2 0 1 0 3 0 0 2 0 2 1 1 2 2 0 3 3 3 2 0 3 0 1 1 3 0.3193901603 1
2 2 0 0 0 1 0 3 3 1 1 2 1 2 3 2 2 3 3 0 1 0 1 0 2 3 3 2 1 2 0 1 0 0 1 0 0.2898979486 1
2 3 3 2 2 0 3 0 1 2 0 0 0 0 1 3 1 3 3 3 1 2 0 2 1 0 0 1 2 0 3 0 3 3 3 2 0.2930491235 1
1 1 3 2 0 1 0 1 0 3 3 0 2 3 0 3 2 3 0 2 0 3 2 2 1 1 3 1 0 2 1 1 2 1 1 3 0.4983662766 1
3 1 3 2 2 2 1 2 1 3 0 1 3 3 2 2 0 3 3 0 2 3 2 0 1 2 1 0 2 0 1 3 0 1 2 3 0.7497091866 1
0 0 2 0 0 1 2 0 1 1 2 3 1 2 2 1 1 1 1 3 2 3 0 3 0 2 2 2 0 2 0 3 1 2 3 0 0.388756727 1
2 2 2 2 2 2 0 0 2 2 2 3 1 3 3 3 2 3 0 1 3 2 3 1 3 2 3 1 0 3 2 2 0 0 2 0 0.3418020796 1
3 3 0 0 3 3 1 2 2 0 0 2 2 3 0 0 2 2 1 3 0 2 1 0 3 0 3 2 3 0 0 0 0 3 2 3 0.2898979486 1
3 0 1 3 3 0 0 2 1 0 0 2 1 1 3 3 1 1 0 3 2 0 3 3 3 3 0 0 2 3 3 2 3 1 0 0 0.4184720066 1
0 0 2 1 2 3 0 3 0 1 0 1 3 0 1 2 1 3 3 2 3 1 0 3 3 1 1 2 0 0 3 3 2 2 3 3 0.2930491235 1
3 0 2 2 0 3 0 1 1 1 2 0 0 0 2 3 0 2 3 0 3 1 3 2 1 3 3 0 2 3 1 2 1 1 1 2 0.3193901603 1
2 1 1 3 1 3 0 1 0 1 2 2 0 1 1 0 3 0 1 3 1 0 2 2 1 2 3 3 1 2 1 1 3 2 1 1 0.5071671483 1
3 2 0 1 3 2 0 3 0 1 2 0 1 3 0 1 3 1 1 1 0 3 1 0 3 2 0 1 1 0 0 0 1 1 3 2 0.304113536 1
2 1 1 3 2 0 0 1 1 3 0 3 2 3 0 0 2 3 0 3 1 2 3 0 2 1 1 2 2 3 0 1 1 1 0 3 0.3418020796 1
1 1 0 2 0 3 0 0 2 1 0 3 3 3 3 1 2 2 3 3 3 1 1 1 0 2 1 2 0 2 1 2 1 3 2 1 0.3410072036 1
0 2 1 3 1 0 0 0 1 2 0 3 3 1 2 2 0 1 2 3 3 3 2 1 3 3 1 1 0 3 0 0 2 2 0 0 0.304113536 1
0 1 0 3 1 3 2 0 3 0 3 2 3 3 0 3 3 1 2 0 0 2 3 3 1 1 3 2 1 2 3 1 1 3 3 3 0.3142042283 1
2 0 3 3 2 0 2 2 0 0 0 3 3 2 1 2 3 3 1 2 3 1 2 1 2 0 2 3 3 0 0 1 1 1 0 3 0.2857269627 1
1 2 3 2 3 3 0 1 2 2 1 3 0 0 2 3 1 3 0 1 2 0 3 1 2 1 2 3 1 3 1 0 3 2 0 0 0.3418020796 1
3 2 3 3 2 2 0 2 1 3 0 1 0 1 1 2 3 0 2 1 0 3 2 3 3 0 2 0 3 3 0 2 3 2 3 3 0.304113536 1
0 2 2 0 2 0 3 2 1 3 2 2 2 3 2 0 2 1 1 2 1 1 1 2 3 0 0 3 1 1 2 0 1 3 0 0 0.3572822687 1
0 3 0 2 2 2 2 2 0 3 3 2 1 1 3 2 3 1 0 3 0 2 0 3 1 1 3 0 3 2 0 2 2 2 0 0 0.4257225336 1
3 2 2 1 3 1 1 2 1 3 2 0 0 2 1 2 0 0 1 0 3 0 1 1 1 3 2 2 0 3 3 0 2 2 3 3 0.5071671483 1
2 2 0 1 2 1 1 0 1 1 2 3 2 1 0 1 0 0 0 1 2 2 1 3 2 2 1 1 1 3 0 0 1 2 0 1 0.3005423822 1
2 0 1 3 0 0 2 3 3 3 1 1 2 3 2 0 1 0 1 3 2 1 1 0 3 3 2 3 2 2 2 1 0 3 0 3 0.3102148911 1
0 2 2 1 2 3 0 0 3 2 2 3 2 0 3 3 2 1 0 2 2 3 3 0 2 1 0 3 1 0 0 1 3 3 2 1 0.304113536 1
3 2 3 2 2 1 0 0 3 1 1 1 2 1 0 3 2 1 0 0 2 3 3 1 2 2 2 2 1 3 0 0 2 2 0 0 0.3126595927 1
3 3 1 0 1 2 1 2 1 0 2 0 0 2 2 3 2 0 0 0 1 2 1 2 3 2 2 1 1 1 1 1 2 1 0 2 0.3572822687 1
3 0 1 1 0 2 1 0 3 0 3 3 0 0 0 2 3 2 3 0 0 2 1 2 2 0 0 3 0 3 2 2 3 1 3 3 0.3277600771 1
2 2 2 1 0 1 2 1 3 2 3 2 1 3 1 1 1 1 0 1 2 1 1 1 2 1 0 3 0 0 2 0 2 3 0 3 0.3321580531 1
2 3 2 1 2 0 1 1 3 3 0 1 0 2 1 1 1 0 3 0 2 3 0 1 3 1 2 2 0 0 3 2 2 1 2 3 0.3102148911 1
0 2 3 2 3 3 1 0 0 0 1 0 1 2 2 2 0 3 0 3 2 2 2 1 3 1 0 2 0 3 3 0 0 3 3 3 0.3210538243 1
2 1 2 3 0 3 3 0 3 1 2 1 0 3 1 0 3 3 3 2 2 3 0 0 2 3 0 1 1 3 2 1 0 2 3 3 0.7497091866 1
1 3 0 2 2 0 0 3 1 0 2 3 2 1 0 3 3 3 1 0 2 1 2 0 3 2 3 0 0 1 1 1 3 2 3 3 0.3142042283 1
1 2 2 2 2 0 3 2 0 0 3 2 1 0 3 1 2 1 2 2 1 2 3 3 1 3 0 0 0 1 0 1 2 1 2 1 0.3091653973 1
3 3 2 0 2 3 0 2 3 0 0 1 2 1 1 1 2 3 1 0 0 1 1 0 2 3 3 1 3 3 0 1 2 1 2 0 0.2930491235 1
3 2 1 2 3 2 2 1 1 2 1 0 0 2 2 2 3 1 3 0 2 2 0 1 1 3 1 0 3 2 2 3 1 2 0 0 0.375585761 1
2 0 3 2 0 2 0 2 2 3 1 3 0 0 3 3 1 2 2 3 0 0 3 2 3 0 0 1 0 1 1 0 1 1 0 0 0.3572822687 1
3 1 3 0 3 0 1 2 2 0 1 1 0 1 1 1 1 1 3 3 2 1 3 3 2 2 2 2 3 0 1 2 3 3 2 0 0.3126595927 1
0 3 0 1 0 2 0 2 0 2 3 2 1 3 0 3 3 1 3 2 2 2 2 3 2 0 2 1 3 3 3 3 1 3 0 3 0.5453467918 1
0 0 3 1 3 1 3 2 0 1 2 0 0 3 3 1 2 0 0 0 2 0 0 1 0 1 0 1 3 0 0 0 0 2 0 3 0.3439144051 1
2 3 0 1 1 3 2 3 3 3 2 1 0 0 3 2 0 1 1 0 2 1 0 2 2 0 1 0 3 2 2 0 1 0 3 1 0.4142135624 1
2 2 2 3 3 2 2 3 0 0 1 2 1 1 0 0 3 2 1 3 1 3 1 1 0 1 0 2 1 3 1 1 0 1 0 0 0.3302867025 1
0 0 0 1 1 1 1 0 3 2 0 3 2 1 1 2 1 0 3 3 1 2 2 1 1 3 0 1 1 0 0 1 2 0 0 3 0.304978078 1
2 3 2 0 1 1 3 3 3 3 2 2 1 1 0 0 1 1 3 0 2 2 1 0 1 3 2 0 1 0 0 2 1 0 3 1 0.2804379536 1
2 1 1 2 1 3 0 0 3 3 2 3 1 3 0 2 1 2 0 0 2 0 3 1 2 1 3 1 3 2 0 0 3 1 2 0 0.3210538243 1
3 3 1 2 3 1 0 2 3 3 0 2 2 3 2 0 2 1 1 1 3 2 3 2 3 1 2 1 3 3 2 2 3 0 3 3 0.3142042283 1
3 1 1 2 0 0 0 3 1 2 1 1 2 2 3 2 2 0 3 1 2 3 1 1 2 0 1 0 0 0 0 3 3 2 2 2 0.5927255389 1
2 2 0 1 0 1 0 0 3 0 1 1 0 1 2 0 1 3 1 1 2 0 3 2 2 3 0 0 1 2 1 3 3 3 1 0 0.2984058257 1
0 0 0 1 0 1 2 2 2 3 1 3 3 1 0 0 3 0 3 3 2 2 3 3 2 3 1 2 2 2 3 0 0 0 2 1 0.3144318014 1
1 3 0 3 0 3 1 1 0 3 1 0 2 1 0 1 1 1 1 2 2 2 3 0 0 2 2 3 2 0 1 0 3 2 2 0 0.4472135955 1
2 0 2 0 1 2 1 3 1 1 2 0 1 1 1 1 2 3 2 1 0 2 3 1 3 2 0 2 3 2 2 0 3 0 3 3 0.3142042283 1
0 2 2 0 2 3 1 3 0 0 1 3 2 3 1 2 3 1 1 2 3 1 2 3 2 1 1 1 2 3 1 3 1 0 1 0 0.3572822687 1
0 0 3 0 3 2 3 3 0 3 0 0 1 2 3 1 2 0 2 2 1 1 1 1 0 0 2 2 0 0 3 2 3 3 2 3 0.3005423822 1
1 2 0 0 0 1 2 2 2 2 0 2 1 2 1 3 1 1 1 0 0 1 0 0 2 2 3 3 0 0 1 1 3 3 1 3 0.3055166403 1
1 1 3 3 2 1 0 0 3 2 2 3 1 0 2 2 0 0 1 2 0 3 3 0 0 0 3 3 2 3 1 0 1 2 1 3 0.5927255389 1
1 0 2 2 3 3 1 1 1 1 1 0 3 0 1 2 2 3 1 1 2 2 3 3 2 3 3 2 1 2 2 2 2 3 2 1 0.5166298428 1
3 0 0 1 1 3 0 0 3 3 2 2 1 3 0 1 1 0 0 0 1 2 3 3 3 0 2 3 3 3 1 2 3 3 1 0 0.3655178698 1
1 3 2 0 0 2 0 0 2 3 3 1 3 2 0 0 0 1 3 1 3 1 3 3 2 3 0 2 1 1 3 3 2 3 1 3 0.2984058257 1
2 2 2 2 2 0 3 1 3 0 2 0 2 3 1 1 2 3 0 3 1 1 1 1 0 1 2 3 1 1 1 3 3 2 3 0 0.282163914 1
3 0 0 3 2 2 1 0 2 2 1 0 1 3 0 2 0 2 0 0 2 3 0 1 2 0 1 2 0 2 0 1 3 1 0 2 0.3597564272 1
2 1 0 2 2 1 0 1 3 3 0 0 1 2 0 3 0 1 1 1 2 1 2 3 0 2 1 1 0 3 0 0 0 3 1 1 0.3454385232 1
1 2 2 1 0 3 1 0 1 0 0 1 3 1 3 1 2 3 1 2 3 1 3 3 2 0 0 0 2 0 2 2 0 2 2 3 0.3102148911 1
2 2 1 2 1 2 3 0 1 0 0 3 0 0 1 1 3 3 0 2 2 3 3 3 0 3 1 1 0 3 0 1 2 0 0 2 0.3737950927 1
3 0 3 1 1 1 1 0 2 2 2 2 0 0 0 1 3 3 0 1 1 3 3 0 3 3 0 2 3 0 3 0 0 3 3 2 0.3942517493 1
1 2 0 2 2 0 2 1 3 3 0 3 1 3 2 2 3 1 3 2 2 2 0 2 2 2 3 1 0 0 2 0 2 0 1 1 0.3474320193 1
2 2 3 2 0 0 1 0 0 3 1 1 0 1 0 1 2 2 3 1 0 2 0 1 2 1 1 3 0 3 1 1 0 1 0 3 0.304113536 1
3 0 3 1 2 3 1 0 3 2 3 3 0 1 0 0 1 3 2 2 3 2 3 1 3 1 2 2 2 1 3 0 1 2 3 2 0.4472135955 1
1 3 2 1 0 2 3 2 3 2 3 1 0 1 3 3 1 2 0 1 3 0 1 3 3 1 3 1 0 0 3 3 3 0 2 1 0.3142042283 1
0 2 1 3 3 0 1 3 1 0 0 0 3 3 1 0 3 3 2 2 3 1 3 3 0 1 3 0 1 1 1 1 2 3 0 0 0.3295815643 1
3 0 3 1 0 3 2 1 2 1 1 2 2 0 1 1 1 3 2 3 2 2 1 2 2 3 0 2 3 3 0 0 1 1 0 1 0.347955937 1
0 2 1 1 3 1 0 1 3 2 0 0 0 3 3 2 2 3 1 1 0 3 0 3 3 2 3 2 1 3 1 3 0 1 0 0 0.5453467918 1
3 2 2 2 2 3 3 3 2 0 0 2 1 1 2 2 1 3 1 1 2 2 3 3 3 2 3 0 1 0 3 3 0 3 1 2 0.3942517493 1
3 2 1 1 0 2 2 2 1 1 2 1 1 2 0 2 0 0 3 2 2 1 0 2 1 0 3 3 2 3 2 0 1 1 2 0 0.347631809 1
3 0 2 2 1 2 2 2 1 3 2 0 3 1 0 0 0 2 3 0 2 2 0 1 3 1 0 0 0 3 3 3 1 0 3 0 0.5531708459 1
0 2 2 2 2 2 3 2 1 1 2 0 0 3 0 1 2 0 1 0 2 2 0 0 0 3 3 3 3 2 0 2 3 0 1 3 0.3102148911 1
3 3 2 1 2 2 3 0 1 1 2 1 1 2 1 2 1 2 3 1 2 1 0 3 3 3 3 1 2 3 2 3 1 2 2 0 0.3450481554 1
0 2 0 1 2 3 2 0 0 2 0 0 0 0 1 3 3 0 0 0 1 3 0 0 2 1 1 2 0 1 0 2 1 2 1 3 0.3142042283 1
1 0 3 2 0 0 0 1 0 0 2 0 1 0 1 3 3 1 0 1 1 1 0 1 0 0 3 1 2 0 0 2 2 2 3 3 0.2868593513 1
3 0 0 2 0 1 2 2 3 3 3 0 1 3 3 3 1 0 1 0 1 2 3 1 3 0 2 2 0 3 1 2 2 1 2 0 0.3804245211 1
1 1 1 1 2 3 3 3 2 1 0 2 0 0 2 2 3 3 0 2 0 1 0 3 0 0 2 0 2 0 3 1 2 2 0 1 0.3418020796 1
3 0 0 3 3 2 1 2 0 3 3 1 2 1 1 2 3 0 0 1 0 3 2 3 0 0 2 2 0 1 0 1 0 3 3 3 0.3488096012 1
2 2 1 0 1 0 3 2 0 2 0 1 3 0 3 1 3 0 0 0 0 1 2 2 1 1 3 1 2 3 1 0 0 1 1 0 0.3126595927 1
2 1 1 1 2 3 0 1 2 1 0 1 3 1 2 3 0 2 0 1 1 3 0 2 1 0 2 1 0 0 1 2 1 2 1 1 0.3055166403 1
1 3 2 1 0 1 0 2 2 0 1 1 3 1 1 3 1 0 1 1 2 3 3 3 3 0 0 2 0 0 3 0 1 2 0 2 0.3921195512 1
0 1 1 0 2 3 3 0 3 1 2 3 0 3 1 2 0 2 3 1 2 0 3 3 0 1 2 2 0 2 0 2 3 3 3 0 0.4037797985 1
2 3 0 3 0 3 1 0 1 1 3 2 0 0 3 3 0 1 0 2 1 2 3 1 2 0 2 0 3 3 0 1 2 0 1 1 0.4037797985 1
1 1 2 0 0 3 1 3 2 3 0 0 1 0 1 2 2 0 0 3 0 1 0 0 0 0 0 0 0 1 3 3 2 2 3 0 0.3142042283 1
1 2 3 0 0 2 2 1 1 3 1 2 2 1 2 2 0 2 0 0 3 3 2 1 3 3 2 1 2 1 2 0 0 0 3 0 0.441769316 1
3 2 2 2 0 1 2 0 3 2 1 0 0 2 1 3 3 0 0 3 2 0 2 0 3 3 0 0 0 0 2 2 3 3 2 3 0.363892531 1
3 1 0 2 3 0 3 3 3 1 1 2 2 2 3 2 3 0 2 3 3 3 2 0 1 2 0 1 1 3 2 3 1 1 1 0 0.7497091866 1
2 2 0 1 0 2 1 1 1 0 0 3 3 0 0 0 1 3 3 0 2 0 0 1 1 3 2 1 1 3 3 1 3 3 2 3 0.3629008246 1
0 0 1 3 0 0 1 0 0 2 3 0 1 0 2 3 1 0 2 0 0 3 0 0 2 0 1 1 0 2 0 3 1 3 3 3 0.3005423822 1
1 1 1 1 2 2 1 0 3 1 2 1 1 2 1 3 2 2 0 2 2 3 2 1 2 1 2 1 3 1 1 2 1 0 0 3 0.3155446252 1
0 0 1 1 0 3 2 2 3 3 0 0 2 0 3 2 1 0 0 0 2 1 2 1 2 3 0 0 3 1 2 2 2 1 3 2 0.3488096012 1
0 3 2 1 3 1 1 3 2 3 2 0 2 1 3 2 1 0 0 2 3 2 3 0 2 1 2 0 1 1 1 3 3 0 0 2 0.304113536 1
1 1 3 0 2 0 0 3 3 0 3 3 0 2 3 0 3 1 0 3 2 0 1 2 3 3 3 1 1 0 0 0 1 0 2 3 0.3709615778 1
2 3 2 0 0 3 1 2 0 3 2 1 0 0 0 1 3 3 2 3 0 0 1 0 1 3 1 1 2 0 2 1 2 2 3 3 0.4286189735 1
1 2 3 0 2 3 0 2 1 0 2 2 1 1 1 2 0 2 1 2 0 3 2 3 3 1 1 0 3 2 0 2 1 3 2 0 0.4142135624 1
3 0 3 2 1 3 3 1 3 0 0 1 2 2 1 2 2 0 3 2 3 2 2 0 0 1 2 1 3 2 0 3 2 3 3 3 0.3142042283 1
3 0 3 1 0 3 1 1 0 0 3 2 1 0 3 1 3 2 0 2 3 0 0 2 0 1 0 3 2 0 1 1 3 0 1 0 0.2898979486 1
0 1 3 0 3 1 3 2 3 0 2 0 2 2 3 2 0 2 1 3 2 0 2 3 2 2 0 1 3 1 1 2 2 2 0 0 0.3142042283 1
2 3 0 1 2 3 0 1 3 3 0 3 3 1 1 1 0 1 0 2 3 1 2 2 2 3 0 3 3 2 1 2 2 0 3 0 0.29154685 1
1 2 1 1 1 2 1 0 1 1 0 1 2 2 2 2 2 2 2 1 1 1 1 1 3 2 0 0 3 3 1 0 1 2 3 2 0.3835303427 1
0 1 0 2 0 0 2 3 3 3 1 3 1 0 0 3 1 1 3 0 2 2 1 2 2 2 0 1 1 3 0 1 3 1 0 3 0.2984058257 1
3 0 2 2 3 2 0 2 1 2 0 2 1 3 2 3 0 2 0 1 2 1 1 1 3 1 0 2 2 1 1 2 3 0 3 0 0.3074928865 1
2 3 3 3 1 1 2 0 0 3 0 3 2 3 0 2 0 0 0 2 0 0 1 2 2 2 2 1 2 2 3 1 1 2 1 1 0.3578608802 1
2 2 1 1 0 0 1 2 0 3 3 0 3 1 2 3 0 2 0 2 3 1 0 1 3 0 3 1 0 2 0 0 1 3 2 1 0.4184720066 1
3 1 2 0 1 0 1 0 2 2 1 3 3 1 2 2 3 0 0 0 0 1 3 0 3 3 2 1 2 1 2 1 2 3 1 3 0.5582520261 1
1 2 2 2 3 2 1 0 1 2 1 1 0 1 2 1 1 2 1 3 0 3 3 2 1 1 1 1 0 0 1 3 3 3 1 3 0.4334666118 1
1 2 0 0 3 2 1 1 3 2 0 1 2 0 0 2 2 0 1 1 2 1 3 1 3 0 0 2 3 3 3 1 3 0 2 0 0.304113536 1
2 0 2 1 0 3 2 0 3 1 2 3 1 3 0 1 2 0 1 2 2 1 2 1 0 0 1 3 0 2 3 0 3 0 1 0 0.2872959339 1
0 0 3 1 2 2 2 0 3 0 3 1 0 0 0 3 2 1 1 0 3 3 3 3 3 2 0 3 3 0 2 3 1 1 3 0 0.3418020796 1
2 2 1 2 3 2 2 0 2 3 3 2 3 3 0 0 0 1 3 3 3 0 2 3 0 1 3 3 0 1 0 2 3 0 0 3 0.4286189735 1
2 0 0 2 1 0 2 2 3 1 3 1 3 3 1 1 2 3 3 2 0 3 1 1 3 1 0 1 2 1 0 2 3 3 2 3 0.375585761 1
3 0 0 2 1 3 0 0 2 2 2 3 3 2 0 3 1 1 2 1 0 3 2 3 0 2 3 0 0 1 0 3 3 3 3 0 0.375585761 1
3 0 2 2 0 3 2 2 2 1 0 1 0 0 0 1 0 0 2 0 2 1 3 0 1 3 0 0 0 0 2 1 1 3 1 1 0.5071671483 1
3 3 0 1 1 0 2 1 1 3 0 1 0 1 0 2 0 0 1 0 2 0 3 2 1 0 2 3 3 1 1 2 3 0 1 1 0.3142042283 1
1 1 0 2 3 0 2 3 3 2 3 0 1 1 0 2 0 2 0 1 0 1 1 0 1 0 3 3 2 2 0 1 2 3 2 3 0.3418020796 1
2 1 1 2 0 2 0 3 2 3 0 1 1 2 3 3 1 1 1 3 2 1 3 0 0 3 1 2 1 1 3 1 0 1 2 0 0.375585761 1
3 2 1 0 0 1 3 3 0 1 3 1 1 3 1 0 0 2 2 1 3 3 1 0 1 2 1 0 1 2 2 0 2 3 1 0 0.6492741221 1
2 3 0 0 1 2 0 0 3 2 1 2 1 1 2 2 0 1 1 2 3 1 1 0 2 3 3 2 1 0 0 2 2 2 0 0 0.3804245211 1
3 1 2 3 3 2 0 1 0 1 0 1 3 3 3 0 1 2 1 2 2 1 0 3 3 0 2 1 1 2 3 3 1 1 1 1 0.4142135624 1
2 2 0 0 1 0 2 0 2 3 2 0 2 3 1 2 2 3 1 0 2 2 1 1 2 3 2 0 0 3 1 2 0 2 1 0 0.388756727 1
1 3 0 3 3 0 2 0 3 2 1 0 1 3 2 2 1 0 1 3 2 2 1 3 2 1 3 3 0 1 0 0 2 3 3 0 0.4627853301 1
2 0 1 1 3 0 0 0 1 1 2 0 1 1 0 2 0 2 1 1 2 2 3 0 1 2 2 2 3 2 2 1 1 1 0 3 0.3465901709 1
1 1 1 3 2 1 1 2 0 1 2 0 2 2 2 3 1 2 2 1 1 1 1 1 2 1 3 2 3 2 3 2 1 3 2 3 0.3280236425 1
2 2 1 1 1 0 2 1 0 1 0 0 3 1 3 0 0 2 1 3 3 2 1 3 1 3 3 3 2 1 3 0 1 1 2 0 0.4037797985 1
1 0 0 1 1 2 0 1 3 3 2 1 1 1 1 3 3 1 1 3 1 0 2 3 2 1 3 0 1 2 1 3 1 1 3 2 0.4627853301 1
0 1 3 2 2 0 3 1 3 3 2 3 0 0 2 2 1 3 1 3 0 2 1 1 3 1 3 3 1 0 1 0 0 0 3 1 0.282163914 1
1 0 1 1 3 2 0 3 1 1 3 2 1 1 2 0 2 0 0 1 2 1 3 1 1 1 3 2 0 2 2 2 3 3 1 1 0.4472135955 1
2 1 3 0 3 0 2 2 1 3 0 0 1 0 2 2 0 0 1 0 0 0 0 1 3 0 1 1 3 1 0 1 2 0 0 1 0.3418020796 1
2 0 3 0 3 1 2 1 1 0 2 1 3 0 1 2 3 0 0 1 2 1 3 3 2 3 1 0 0 3 1 0 3 3 3 1 0.3005423822 1
2 1 0 1 0 0 2 0 2 1 3 1 0 1 3 0 0 0 3 0 3 2 1 0 2 0 3 0 3 1 2 1 1 2 2 1 0.375585761 1
3 0 0 3 3 0 3 2 2 2 0 0 2 2 1 2 0 3 1 0 0 1 3 3 2 2 0 3 2 1 3 1 2 1 0 0 0.3191499257 1
3 2 0 3 0 2 2 0 0 3 2 2 2 0 0 1 3 0 3 1 2 0 0 0 3 1 0 0 0 1 2 2 2 3 0 1 0.3087365277 1
2 2 1 1 3 2 3 1 1 3 2 2 0 1 0 2 3 1 3 3 0 3 3 2 1 0 2 2 0 3 1 1 1 1 3 2 0.6792850868 1
2 3 0 1 1 0 2 0 1 0 0 0 3 2 3 1 2 2 2 1 2 0 3 0 1 3 1 2 1 2 2 3 2 1 3 2 0.5453467918 1
2 0 1 0 1 1 1 0 1 1 1 1 2 3 0 2 0 2 1 1 3 2 1 1 2 1 3 0 2 1 0 0 3 3 0 1 0.3431021507 1
2 0 3 0 1 1 1 1 0 3 2 0 1 0 1 1 0 1 1 1 2 1 3 2 3 3 1 1 0 3 2 1 2 0 1 3 0.4142135624 1
2 2 3 2 1 1 0 2 2 1 0 2 2 1 3 0 1 0 0 2 1 3 1 1 1 1 2 1 1 3 3 2 0 1 0 0 0.7497091866 1
0 2 1 2 2 1 3 2 3 3 2 1 2 2 0 3 1 2 3 3 0 2 3 2 0 0 0 1 0 0 0 1 3 1 2 0 0.354867572 1
0 0 3 1 2 1 0 1 3 1 0 1 0 3 1 0 0 3 0 3 0 1 1 3 2 3 1 0 3 2 1 1 3 0 1 0 0.3210538243 1
3 2 2 3 0 0 0 3 0 0 2 2 0 1 3 3 1 1 0 0 3 2 0 2 0 1 2 0 2 2 3 1 3 0 0 0 0.4142135624 1
0 2 2 3 1 3 0 0 0 0 1 1 0 1 0 0 3 0 0 2 0 0 3 0 1 1 3 3 2 1 0 0 3 2 0 1 0.3439144051 1
1 3 1 2 0 1 3 1 1 2 2 0 2 1 3 2 1 0 1 2 1 1 3 3 2 0 2 0 2 2 0 1 3 2 3 1 0.3510801119 1
3 3 3 1 1 3 1 1 3 2 0 3 1 2 1 3 3 3 0 1 0 1 1 2 2 2 0 2 0 1 3 3 3 2 1 0 0.3142042283 1
1 0 0 2 2 0 2 2 3 2 2 0 0 1 1 1 3 0 1 2 2 3 3 3 3 1 0 1 2 2 1 0 2 0 0 1 0.6492741221 1
2 1 1 0 0 0 2 0 2 2 3 3 0 3 2 3 2 1 1 0 2 1 0 1 2 1 2 0 3 2 1 3 1 3 2 0 0.5927255389 1
0 3 2 1 2 1 2 1 1 0 2 0 2 1 3 3 1 0 1 1 2 1 3 1 2 2 2 1 1 1 1 3 1 3 0 2 0.2989055052 1
3 3 1 1 0 3 3 0 2 1 3 2 1 2 0 3 1 1 2 0 1 1 0 2 0 1 2 2 0 0 1 3 2 1 2 0 0.2898979486 1
3 2 1 2 1 0 2 0 3 1 1 1 0 0 2 2 3 1 0 1 2 2 0 3 2 3 2 3 1 0 2 3 3 0 0 3 0.3142042283 1
3 3 3 3 2 1 2 0 1 3 1 2 3 0 3 0 1 1 0 3 3 2 1 1 0 1 0 1 3 2 2 0 2 1 0 3 0.485324478 1
0 1 0 3 3 1 0 3 3 2 1 2 1 0 3 0 3 3 2 0 2 2 3 2 3 1 2 3 3 3 2 0 3 3 2 3 0.3117179653 1
3 2 0 0 3 3 0 2 3 0 3 2 1 3 1 1 3 2 1 3 2 0 3 3 0 1 3 0 3 2 0 1 1 2 3 3 0.3582201532 1
3 1 1 0 2 3 0 2 3 2 2 1 2 2 3 0 3 2 3 3 0 1 0 0 3 0 2 2 3 0 2 0 2 1 3 3 0.4472135955 1
0 1 2 0 0 1 0 2 1 3 2 3 1 2 3 1 0 0 1 1 1 3 0 1 1 2 0 2 0 2 1 1 0 0 1 1 0.3142042283 1
1 3 3 3 1 2 3 1 3 3 3 1 3 1 2 2 0 0 3 1 2 3 3 2 0 0 0 3 2 1 2 1 0 2 1 1 0.3255563301 1
3 1 0 3 0 3 0 2 3 1 2 1 2 2 3 1 1 0 1 1 3 0 2 2 1 1 1 3 1 3 1 3 3 0 2 2 0.3210538243 1
1 2 3 0 0 0 3 0 0 1 3 3 2 0 1 0 1 3 3 2 3 2 2 0 3 0 0 2 0 1 0 3 2 1 0 1 0.3102148911 1
2 3 0 2 2 1 0 0 2 0 1 0 0 0 0 0 2 1 0 3 2 3 2 2 0 2 3 0 0 3 3 0 2 0 0 3 0.3005423822 1
0 0 3 1 3 1 1 1 0 2 0 2 1 3 1 3 1 3 2 3 2 0 2 2 1 3 3 2 0 0 2 1 3 2 3 0 0.4142135624 1
2 1 3 1 2 0 3 2 3 1 0 2 3 0 0 2 3 1 0 2 0 1 3 1 3 3 0 2 1 0 0 1 3 3 3 3 0.3474320193 1
3 2 2 3 3 2 0 0 3 3 1 0 0 1 3 3 1 3 3 2 3 1 1 1 0 1 0 0 3 0 2 1 2 1 2 2 0.2850346585 1
3 2 2 2 3 3 1 3 1 0 2 1 3 3 2 3 1 0 0 3 0 1 1 2 1 3 0 3 0 3 1 2 1 1 3 1 0.3804245211 1
0 0 1 1 0 1 0 0 0 3 2 2 1 3 3 0 3 3 0 1 2 0 2 1 0 3 1 1 2 0 2 2 1 0 1 1 0.3183767839 1
1 3 0 0 1 2 0 2 2 1 1 0 2 2 3 1 2 0 0 0 2 3 1 3 2 2 1 0 1 2 0 0 2 2 0 2 0.3142042283 1
3 2 2 0 2 3 2 1 0 2 3 2 3 1 0 2 0 0 2 2 1 0 0 3 2 3 2 3 0 0 1 3 1 0 0 1 0.4142135624 1
1 1 1 2 0 3 0 3 0 1 3 3 1 2 0 1 2 2 2 1 2 3 3 2 1 2 0 2 1 2 0 1 2 3 1 2 0.4000414161 1
3 1 1 3 0 0 3 1 1 3 2 1 1 2 2 2 0 3 2 0 3 3 2 2 0 1 0 0 1 0 3 0 0 1 1 3 0.5927255389 1
0 1 0 2 2 1 1 2 1 1 2 0 1 0 3 1 0 2 3 1 3 0 0 3 0 3 0 0 1 0 2 0 3 0 2 0 0.2930491235 1
3 3 0 0 1 2 3 2 0 3 0 3 0 3 0 3 2 0 1 0 2 0 1 0 3 1 0 3 0 1 3 1 0 3 2 1 0.3157755779 1
1 1 2 2 0 0 1 0 3 1 3 2 3 0 0 3 2 0 0 1 2 1 1 1 3 2 2 2 3 2 3 1 0 0 0 1 0.2942840346 1
0 1 0 3 1 3 3 3 3 2 2 1 2 2 2 3 2 3 1 3 0 2 1 0 0 1 3 0 2 1 2 0 1 3 0 0 0.3804245211 1
2 1 0 2 2 1 1 3 2 0 1 3 0 3 1 3 1 3 1 0 2 1 2 1 1 2 1 1 2 3 1 1 1 3 2 3 0.3005423822 1
1 0 2 2 2 3 3 2 0 2 3 0 1 1 0 2 2 1 0 2 3 0 3 1 3 1 1 2 3 1 1 3 0 1 3 3 0.4142135624 1
2 1 2 0 0 1 1 0 2 3 0 1 3 1 3 0 3 0 1 1 3 2 1 2 1 3 3 0 0 3 3 3 1 3 1 0 0.2898979486 1
3 2 3 0 1 2 2 0 2 3 2 3 2 2 3 0 0 3 3 2 1 1 3 1 1 3 3 2 2 1 3 3 3 1 0 3 0.3439144051 1
3 3 3 1 0 0 3 2 0 0 0 1 2 3 3 1 1 1 3 3 1 1 1 2 1 1 3 3 3 1 0 2 2 0 2 2 0.324885698 1
2 2 3 3 3 0 0 3 3 3 0 2 3 0 0 3 3 0 0 1 2 2 3 1 0 2 0 1 0 3 0 3 0 3 3 3 0.3687898348 1
2 1 0 2 0 0 0 0 3 2 0 0 3 0 1 2 3 2 0 3 2 2 0 3 2 3 2 3 0 2 2 0 1 1 0 2 0.3005423822 1
3 3 1 1 3 1 2 2 1 3 3 3 3 2 0 3 3 3 1 2 2 1 3 2 2 3 1 0 1 0 2 3 0 0 3 1 0.3255563301 1
0 1 0 2 0 0 2 2 1 1 2 1 1 0 3 3 2 2 3 2 0 0 0 0 3 3 0 1 1 2 2 3 2 1 1 3 0.33895657 1
2 2 3 0 0 3 2 1 1 3 1 0 3 1 0 0 1 3 0 1 2 1 0 2 3 0 3 1 0 1 0 2 2 1 1 3 0.2918317294 1
0 2 1 2 1 2 0 1 1 0 2 1 0 3 2 1 2 0 0 2 2 3 2 2 0 2 3 0 1 3 1 2 0 0 1 3 0.4565940367 1
1 0 1 3 2 1 2 2 0 3 3 0 3 0 3 3 2 1 1 0 3 1 0 3 1 0 2 1 3 3 1 3 1 0 2 0 0.3035834115 1
0 1 3 1 3 3 1 0 1 1 1 0 3 3 0 2 3 2 1 0 0 3 3 1 1 2 2 2 3 2 1 3 1 2 3 0 0.3942517493 1
2 3 0 1 2 2 0 2 3 3 0 2 1 3 0 0 2 1 3 0 0 1 3 1 2 1 2 3 3 0 3 3 3 0 0 1 0.443517735 1
0 3 3 3 1 3 0 0 2 1 2 3 1 0 0 3 0 1 3 3 0 1 1 2 3 3 2 2 3 2 3 0 2 2 3 0 0.3496707166 1
0 1 2 1 0 2 1 1 1 2 1 3 0 3 2 0 2 2 0 1 1 2 1 0 2 1 2 0 2 1 1 0 3 0 0 2 0.4148248656 1
1 2 0 1 3 0 0 1 3 3 1 1 3 0 0 3 0 3 0 1 0 1 1 1 3 2 0 1 0 3 0 1 3 1 2 1 0.445104056 1
1 1 2 2 3 2 0 2 0 2 2 0 2 2 0 3 2 1 1 0 0 1 0 3 1 0 3 0 1 0 3 2 0 3 1 3 0.4142135624 1
1 2 1 3 2 1 0 1 2 3 1 1 3 2 3 1 2 0 3 0 1 2 0 3 1 3 0 2 1 2 0 0 3 2 0 0 0.4142135624 1
2 3 1 1 2 2 3 2 1 1 2 2 1 1 0 2 1 2 0 3 3 3 1 0 2 0 1 0 1 0 3 0 1 0 3 3 0.4142135624 1
1 0 1 0 0 1 1 3 3 2 0 2 1 1 2 3 1 0 0 1 3 2 0 1 3 1 1 0 2 0 2 0 0 2 3 0 0.304113536 1
0 1 2 0 2 2 2 0 2 3 3 0 1 0 3 2 1 1 2 3 0 3 2 2 3 1 3 2 1 3 0 1 0 2 1 3 0.3255563301 1
1 3 2 2 1 2 0 2 3 2 3 3 0 0 3 3 3 2 3 3 3 2 3 1 0 1 3 2 3 1 3 2 3 3 3 3 0.3107860582 1
3 0 3 0 3 3 0 2 2 3 0 0 0 2 0 0 2 0 3 1 2 2 1 0 0 3 2 0 3 2 3 2 3 1 3 0 0.3018893954 1
1 2 3 0 0 1 0 2 3 0 3 3 1 3 0 2 3 1 2 0 2 1 0 1 3 3 2 0 1 1 2 1 1 2 1 2 0.5071671483 1
0 2 1 2 0 2 0 1 1 2 2 1 0 1 0 2 2 2 1 1 1 0 0 1 0 0 0 1 0 3 2 2 1 1 0 1 0.2887244073 1
0 1 0 0 1 2 0 0 1 2 2 1 2 1 0 3 2 1 1 2 2 1 2 1 3 3 1 2 3 1 3 0 2 2 0 1 0.3234033409 1
1 3 3 2 2 2 0 3 3 3 3 3 3 2 1 2 0 2 3 2 0 3 3 3 3 2 2 0 2 1 0 1 1 1 0 1 0.3709615778 1
0 0 1 3 2 1 1 2 0 0 0 2 0 3 1 2 3 3 0 2 2 0 1 3 0 2 2 0 2 1 0 0 1 3 3 2 0.304113536 1
3 3 0 0 1 1 0 1 1 3 1 0 3 1 2 1 2 3 1 2 0 0 2 3 2 0 2 0 0 3 0 2 3 3 3 0 0.4627853301 1
2 1 0 1 3 3 2 0 0 3 0 0 0 3 1 3 2 1 1 1 0 0 0 3 3 3 3 1 1 0 0 0 0 0 0 1 0.461294566 1
1 2 3 0 2 2 1 0 1 1 1 3 2 0 1 0 2 0 3 2 2 0 1 3 1 2 3 2 1 1 1 3 1 2 3 0 0.4565940367 1
2 2 3 3 3 1 3 2 3 0 0 0 0 0 2 3 1 2 0 3 0 0 1 0 2 0 0 1 3 0 1 2 3 3 1 1 0.3474320193 1
0 1 0 3 0 3 2 3 0 1 1 1 2 3 1 3 2 2 1 1 2 1 3 1 0 3 3 3 1 1 0 2 3 2 3 3 0.282163914 1
1 1 2 0 3 2 0 3 1 3 2 1 3 3 3 3 0 1 2 2 2 1 2 2 0 0 1 3 3 2 3 0 3 1 1 1 0.3102148911 1
3 3 2 3 3 1 1 0 1 0 0 0 2 0 0 3 1 3 3 2 2 1 0 0 2 3 1 2 3 2 0 2 2 2 3 2 0.4627853301 1
2 0 1 1 3 0 0 3 2 0 0 0 2 1 3 2 0 2 0 1 3 3 2 1 1 2 2 1 2 3 3 0 2 2 1 3 0.3496707166 1
3 0 3 2 3 2 3 0 1 1 0 3 0 1 2 3 3 3 2 1 1 3 3 2 2 0 2 1 3 2 0 3 3 1 0 1 0.5453467918 1
0 0 3 1 1 1 3 3 3 3 2 1 0 3 1 0 2 2 0 1 3 2 2 1 3 3 2 2 2 2 1 0 0 3 2 1 0.4932215826 1
3 0 1 3 2 3 1 2 2 0 1 1 0 1 1 2 0 2 3 1 1 3 1 2 0 1 0 2 3 0 0 3 0 2 3 0 0.3835303427 1
3 1 1 0 1 1 2 1 0 1 0 1 3 3 2 1 1 0 1 2 0 1 0 1 0 0 0 1 2 0 1 0 0 2 1 1 0.4932215826 1
3 3 2 3 1 1 1 2 2 0 2 0 2 1 2 2 0 0 3 2 1 2 1 0 3 3 1 2 0 3 0 2 3 3 0 3 0.354867572 1
3 3 1 3 2 2 1 1 1 2 1 0 0 0 1 3 0 1 0 3 1 0 2 0 2 3 0 0 0 3 1 3 3 2 3 2 0.2783531573 1
2 2 0 3 1 3 0 0 1 2 0 3 1 3 3 1 0 1 2 2 1 1 0 2 3 3 2 2 1 0 3 0 3 3 1 2 0.3418020796 1
1 3 1 1 2 2 1 3 0 0 1 1 0 1 2 3 0 1 3 3 1 2 3 3 1 0 0 2 0 3 0 1 2 1 1 3 0.3921195512 1
0 2 2 1 2 2 0 0 0 2 0 1 3 2 1 1 0 0 1 2 0 0 2 1 2 1 1 3 2 2 2 3 1 2 2 2 0.3018893954 1
3 1 3 2 0 3 0 0 1 1 2 3 0 0 2 2 2 3 3 3 3 2 0 1 3 1 1 1 2 2 0 1 1 2 0 0 0.4037797985 1
0 1 1 1 2 2 2 1 0 3 1 1 1 1 3 3 1 2 3 3 2 3 3 0 1 2 3 2 3 2 1 0 1 3 2 1 0.3418020796 1
2 3 3 1 2 0 3 0 3 2 2 0 0 0 2 2 3 1 2 2 1 0 3 0 2 0 0 0 0 0 2 0 2 0 0 1 0.4000414161 1
3 3 0 3 1 2 2 3 3 0 1 2 3 1 0 1 1 1 1 1 3 3 0 1 2 3 2 0 0 1 3 3 0 3 2 0 0.485324478 1
3 0 1 1 3 3 2 2 3 2 2 3 0 2 1 1 2 2 0 3 2 2 3 2 2 0 3 1 3 3 1 3 2 3 0 3 0.282163914 1
3 0 3 2 3 3 1 2 3 2 0 2 2 1 2 0 0 3 1 3 1 3 0 1 2 3 1 2 0 3 0 3 1 3 1 0 0.2984058257 1
2 0 0 3 2 2 1 3 3 3 1 2 0 3 0 1 3 2 0 3 0 1 3 2 2 3 2 0 1 1 2 1 3 2 3 2 0.3102148911 1
3 0 3 2 1 3 1 2 0 1 1 3 1 0 0 3 1 2 1 0 0 2 3 0 2 3 2 0 3 3 2 0 1 2 1 1 0.5071671483 1
0 1 1 1 1 1 3 2 2 2 0 3 2 0 2 2 1 2 1 2 3 1 3 0 0 0 3 1 0 2 3 1 1 3 3 0 0.3183767839 1
0 2 3 2 1 0 1 2 3 0 2 3 3 2 2 3 2 1 1 1 2 0 3 2 0 1 1 3 3 3 2 0 2 3 0 2 0.4472135955 1
2 1 0 1 3 3 2 3 3 1 0 1 2 1 2 2 3 1 3 3 2 2 2 0 0 2 2 2 0 1 3 1 0 3 2 2 0.3069422669 1
0 2 1 2 1 1 3 0 1 3 0 0 3 2 0 2 2 1 3 0 2 2 3 1 1 3 2 2 0 1 0 3 1 2 0 0 0.6492741221 1
2 1 0 1 3 2 1 1 0 1 2 0 0 2 0 2 2 1 3 3 2 1 3 2 3 0 0 2 3 2 2 1 3 3 2 3 0.5336088039 1
1 0 0 1 3 1 0 1 1 1 0 3 3 0 0 3 0 1 3 1 3 2 0 1 3 1 0 3 2 3 0 0 2 3 1 2 0.3255563301 1
1 3 3 3 3 0 2 0 0 0 0 1 3 0 2 3 2 1 0 0 0 0 2 3 1 0 2 3 3 0 2 0 2 0 0 1 0.304978078 1
1 3 2 3 0 1 0 1 3 1 3 2 2 1 2 0 1 1 0 0 3 3 2 3 2 1 2 3 0 1 0 0 0 0 0 2 0.5582520261 1
2 3 2 1 1 0 1 0 2 3 0 0 1 0 3 2 0 2 0 0 1 1 1 3 2 1 2 2 3 2 2 2 1 3 0 1 0.2750881305 1
1 3 3 3 3 3 0 3 3 3 0 1 1 2 1 0 2 3 1 0 1 3 0 1 1 3 1 2 1 1 1 3 2 1 0 3 0.3087365277 1
1 2 0 1 3 2 2 3 2 2 1 2 1 3 0 1 3 0 0 3 0 2 1 0 1 1 1 0 1 2 3 1 3 0 3 0 0.3018893954 1
1 3 1 3 0 3 3 0 0 2 0 1 3 0 1 3 3 0 1 1 1 2 2 3 1 3 3 0 2 2 1 2 1 3 1 0 0.2830896523 1
3 3 2 0 1 2 0 1 3 3 3 0 2 3 0 3 0 0 3 0 3 3 1 3 0 0 3 2 3 1 3 2 3 0 3 0 0.3713701828 1
2 1 0 2 1 3 1 2 1 2 1 3 3 2 1 2 1 3 2 2 1 2 2 1 2 2 2 2 0 1 1 2 3 0 2 0 0.3465901709 1
0 0 3 0 2 0 2 3 0 3 3 1 2 1 3 2 0 1 1 3 0 3 0 3 2 1 3 3 2 1 3 1 0 2 0 1 0.3193901603 1
3 3 0 0 1 1 1 1 2 2 0 3 1 3 2 2 2 1 1 0 0 1 2 3 2 2 1 3 0 0 3 0 2 2 1 2 0.279388968 1
1 3 2 1 0 1 1 1 3 2 1 3 1 0 0 2 3 1 1 1 3 3 2 0 2 1 0 0 3 3 3 1 0 2 3 0 0.2804379536 1
2 0 2 1 0 1 3 0 2 1 3 0 0 2 0 1 0 3 3 2 1 1 1 1 2 2 2 0 0 2 3 1 2 3 1 3 0.388756727 1
2 3 0 1 1 2 0 3 2 1 1 0 3 0 0 0 3 3 3 2 3 3 0 3 0 3 2 2 2 3 2 3 0 0 0 2 0.3312699147 1
2 0 3 0 2 0 3 1 0 3 1 3 0 2 2 2 0 3 2 0 2 0 1 1 2 3 0 2 1 3 1 2 0 3 0 2 0.3142042283 1
2 2 3 0 1 1 3 1 0 0 0 2 2 1 2 3 0 3 0 1 0 2 1 0 0 0 2 3 1 2 0 0 2 2 1 3 0.4472135955 1
1 3 2 0 0 1 2 2 0 3 3 0 3 3 3 2 2 2 2 2 1 3 1 1 3 0 1 1 3 2 1 1 2 0 0 3 0.5037322066 1
3 1 3 2 2 1 0 1 0 0 3 2 3 2 1 0 1 2 2 1 2 0 3 1 1 2 0 3 1 3 3 0 0 3 0 2 0.3102148911 1
3 2 1 2 3 3 3 0 2 2 0 1 1 1 1 0 0 1 0 2 3 3 0 1 3 3 1 1 2 1 0 2 2 0 0 3 0.2930491235 1
1 3 1 1 0 0 3 2 0 2 3 0 2 0 0 0 0 1 2 2 2 2 3 3 1 1 2 1 2 2 0 1 3 3 1 2 0.3597564272 1
2 0 1 3 1 2 1 1 1 0 1 3 1 0 1 0 0 3 3 2 1 3 2 3 3 0 2 0 2 1 2 1 0 1 2 0 0.363892531 1
1 0 0 3 0 3 2 0 1 3 1 1 0 3 2 1 0 3 1 0 0 1 2 1 2 0 0 2 3 3 3 2 3 0 1 3 0.375585761 1
3 0 0 2 0 3 0 3 3 3 3 0 0 1 0 1 0 1 1 1 1 2 1 2 3 1 1 2 1 1 2 0 3 3 2 0 0.2825766451 1
2 3 2 3 0 0 0 3 0 1 3 1 1 1 1 3 1 2 1 0 1 2 1 0 0 2 1 3 3 2 2 0 1 1 1 0 0.5927255389 1
2 2 1 2 3 1 2 3 3 1 2 2 3 0 0 0 2 3 1 2 3 2 1 0 1 1 0 3 3 2 1 2 3 0 0 2 0.3142042283 1
3 0 3 0 3 1 3 1 3 3 1 1 0 0 3 3 0 2 0 2 0 1 3 1 1 1 2 2 1 0 2 2 0 0 0 0 0.4107006147 1
2 3 2 0 3 3 3 2 1 1 1 0 3 1 2 2 0 3 1 1 3 1 1 2 2 3 2 1 3 3 0 2 3 2 0 1 0.4142135624 1
0 1 0 2 2 2 3 0 1 2 3 2 1 3 1 2 1 0 2 0 3 1 1 3 2 2 2 2 0 2 3 3 1 2 3 2 0.375585761 1
0 2 1 1 1 2 3 2 2 2 2 3 3 3 3 1 1 0 3 1 2 0 1 1 1 1 2 2 2 3 0 1 1 1 0 3 0.2925820765 1
3 1 0 2 2 1 1 0 2 0 0 2 0 2 1 0 2 1 3 1 2 2 0 1 2 2 1 0 2 1 1 0 0 1 3 2 0.3183767839 1
3 2 2 2 3 1 1 0 0 0 0 1 1 3 1 3 1 1 2 3 0 3 1 3 3 0 3 1 0 1 0 0 2 3 1 3 0.4037797985 1
0 0 3 3 2 3 1 0 0 1 3 3 3 3 2 0 1 0 0 3 1 0 1 1 3 2 3 2 3 3 0 0 3 3 3 3 0.3246308055 1
2 2 3 0 0 2 1 0 1 3 3 1 1 2 2 2 3 3 3 1 0 2 2 1 0 2 3 0 1 3 3 2 0 2 0 0 0.2898979486 1
1 2 3 0 3 1 3 2 1 2 0 1 0 1 0 2 3 0 2 3 2 3 2 1 0 2 1 0 3 0 2 3 0 1 3 3 0.2918317294 1
0 0 2 2 3 2 3 2 2 1 1 1 3 3 0 3 0 3 2 0 2 0 1 1 1 1 3 1 3 1 0 3 3 0 1 0 0.2850346585 1
2 0 2 3 1 2 0 0 3 3 0 1 2 0 1 2 1 2 2 0 1 0 3 3 3 0 2 2 1 0 0 0 0 1 3 3 0.2935187259 1
3 1 1 2 1 3 2 0 3 0 0 1 3 3 2 3 1 0 3 1 0 1 3 2 2 0 2 1 3 1 2 2 3 2 3 2 0.4142135624 1
2 2 3 2 2 0 1 2 3 2 3 3 1 2 2 2 3 1 3 1 2 3 1 2 3 0 1 0 3 1 2 0 3 3 0 3 0.3102148911 1
0 3 2 2 3 1 2 0 3 1 2 1 1 0 1 3 3 3 3 2 0 2 0 1 1 0 1 0 0 3 3 0 3 1 2 0 0.3005423822 1
3 3 1 2 3 3 1 3 2 2 0 0 2 0 2 3 3 0 2 3 3 0 2 0 3 3 0 1 0 2 0 0 0 0 2 1 0.2898979486 1
3 3 1 2 1 1 3 1 0 2 2 1 0 1 1 1 1 1 0 2 3 0 1 0 0 1 2 2 0 0 0 1 1 1 1 1 0.5927255389 1
0 0 2 0 0 1 0 0 3 1 0 1 3 3 3 3 3 0 2 1 1 2 3 3 2 3 2 2 1 0 3 0 1 0 0 0 0.2898979486 1
3 1 0 2 2 3 2 3 3 2 3 1 0 0 1 1 3 2 0 1 2 1 1 2 3 3 0 1 0 0 0 0 3 0 2 0 0.3804245211 1
0 0 1 2 0 0 2 0 0 3 1 2 3 1 0 2 3 0 0 2 1 2 0 1 1 2 0 2 0 1 2 3 1 0 1 0 0.5336088039 1
0 3 2 0 0 3 2 2 3 2 1 1 0 1 0 2 3 1 1 1 2 2 3 3 3 0 3 2 3 1 2 0 2 3 3 1 0.3302867025 1
2 3 2 0 0 3 3 1 1 0 1 0 2 3 1 1 0 2 3 2 2 3 1 0 0 3 2 2 0 2 2 3 1 2 0 3 0.2898979486 1
2 0 0 1 2 3 1 1 2 1 2 3 2 3 1 1 2 3 2 1 1 2 2 3 2 3 3 2 2 2 1 3 2 2 2 1 0.3572822687 1
1 2 3 3 1 1 1 2 0 0 0 2 1 1 0 3 0 0 1 2 3 2 2 2 1 3 1 1 2 2 3 1 3 1 1 2 0.317756027 1
3 3 2 0 2 3 3 1 3 2 3 0 1 0 2 1 1 3 0 1 2 0 3 0 1 0 2 0 1 3 0 2 0 3 0 2 0.3572822687 1
3 2 2 1 3 3 0 1 1 0 3 0 0 3 1 2 0 0 3 0 2 0 0 3 3 2 0 3 2 2 2 1 3 0 2 3 0.2858912294 1
3 1 0 0 2 3 3 1 0 3 2 2 0 1 3 2 1 1 1 1 3 3 1 1 0 2 1 3 1 1 0 1 3 2 2 3 0.5336088039 1
2 3 0 2 1 0 1 2 1 3 1 0 1 0 3 3 3 0 1 2 3 2 1 1 0 3 2 2 1 1 0 2 2 1 0 0 0.3665354679 1
0 1 0 1 2 0 0 1 1 3 3 3 2 0 1 1 1 2 0 1 0 2 2 3 3 2 3 2 0 2 2 1 2 2 0 1 0.5071671483 1
3 2 1 1 1 0 2 1 2 3 2 3 2 2 0 1 3 1 1 3 2 1 1 1 2 2 2 3 2 3 3 1 1 3 3 3 0.279388968 1
3 0 3 2 1 0 1 0 1 3 2 3 3 1 0 1 0 3 3 2 2 1 1 2 2 2 1 3 3 0 3 2 2 1 3 0 0.2832488209 1
0 1 0 0 3 1 0 1 1 0 3 1 1 0 1 3 3 2 2 0 0 3 1 0 3 1 3 1 3 2 1 1 3 3 0 1 0.282163914 1
1 2 3 3 2 1 1 3 1 0 1 2 2 0 3 1 1 1 0 3 0 3 3 3 3 3 2 0 1 2 0 0 1 1 2 2 0.3157755779 1
1 0 1 1 1 1 1 1 3 3 2 1 0 3 1 2 1 3 1 1 0 0 1 3 3 3 0 2 0 1 0 3 1 0 3 2 0.2850346585 1
3 2 2 0 3 1 3 0 0 3 0 2 1 1 2 3 3 3 2 1 3 1 1 2 0 2 0 1 0 1 3 2 3 3 3 0 0.375585761 1
2 2 2 0 1 1 1 0 0 1 3 0 1 1 1 2 0 3 1 0 3 3 1 3 2 3 3 1 3 0 2 3 3 3 0 3 0.3044427664 1
1 3 1 0 1 3 2 1 0 0 3 0 0 1 3 0 3 3 3 2 0 1 3 0 2 3 0 0 0 3 2 3 1 3 3 0 0.388756727 1
0 2 0 3 1 1 2 0 3 1 3 0 0 0 3 3 3 0 0 2 3 3 1 0 1 0 2 3 0 3 0 2 3 0 1 1 0.2872959339 1
3 2 2 2 3 2 2 1 3 2 2 2 0 1 1 2 2 0 1 2 3 0 3 1 3 3 1 2 0 1 3 3 0 1 2 3 0.3035834115 1
3 0 0 2 0 2 2 3 2 1 3 1 0 1 3 2 0 1 2 1 2 1 1 3 2 1 2 2 0 0 3 0 0 2 2 2 0.282163914 1
3 1 2 2 1 1 2 1 1 2 1 1 1 2 0 3 1 0 3 3 2 2 3 3 2 0 1 0 3 1 1 0 2 2 1 2 0.3074123402 1
0 3 2 3 1 0 2 2 1 2 1 3 3 3 1 1 0 2 0 1 2 1 3 2 2 3 3 1 1 1 0 1 2 1 3 2 0.388756727 1
2 2 3 0 3 2 1 2 0 1 0 3 3 0 3 2 1 3 0 3 2 1 3 2 2 3 3 2 3 2 1 2 3 2 3 3 0.303785526 1
0 0 2 0 2 0 2 0 1 1 1 0 0 3 2 2 1 2 1 1 3 3 0 3 0 2 0 2 2 1 1 3 0 3 3 3 0.3302867025 1
1 2 1 2 0 1 2 1 0 2 0 3 1 2 0 1 2 3 3 3 2 0 3 1 0 3 1 1 2 2 0 0 0 0 3 0 0.4472135955 1
2 0 2 2 1 3 1 1 0 1 0 2 0 3 3 3 3 0 1 3 2 3 2 1 2 3 2 2 0 0 1 2 2 2 2 0 0.3613164298 1
0 0 3 2 1 0 0 3 3 3 3 1 1 3 0 1 3 2 3 1 2 1 3 1 3 0 0 0 0 2 0 2 2 3 0 2 0.3942517493 1
3 0 0 1 1 0 0 2 3 2 0 0 0 2 3 2 2 0 3 1 1 2 2 0 3 2 2 0 0 2 1 3 0 1 3 0 0.3005423822 1
2 0 3 3 1 1 2 2 2 3 0 0 0 3 3 1 1 3 3 3 0 0 3 1 2 0 3 2 2 2 0 2 0 1 1 1 0.5204392835 1
3 0 3 2 1 3 3 0 0 3 0 2 0 3 3 1 3 0 3 0 0 0 0 1 3 1 1 2 1 0 3 2 1 1 0 3 0.4231498171 1
3 1 0 2 0 1 1 1 3 0 2 3 2 0 1 3 0 0 2 0 3 2 0 0 0 0 2 2 0 2 3 2 1 1 3 2 0.3418020796 1
0 1 3 2 0 0 1 1 2 3 0 0 2 2 1 0 2 1 3 1 0 3 0 2 0 1 0 2 0 2 0 0 2 2 0 3 0.363892531 1
2 2 3 0 3 2 3 0 3 2 1 2 2 0 1 1 0 0 0 2 3 3 0 1 2 2 0 2 2 2 0 0 2 0 2 2 0.5071671483 1
2 2 0 1 3 3 2 3 3 0 1 3 2 0 3 0 1 2 0 3 3 2 0 3 2 0 3 3 2 2 3 1 2 3 1 1 0.3737950927 1
0 1 1 2 0 2 2 1 1 1 1 3 3 0 1 3 1 3 1 1 0 2 2 3 2 3 0 3 0 3 3 3 0 2 2 0 0.5166298428 1
2 0 3 0 2 0 1 3 0 0 0 0 1 2 3 0 2 1 1 1 0 2 2 1 3 1 0 2 1 1 0 0 2 0 0 1 0.3597564272 1
2 1 1 0 3 3 2 2 2 1 1 1 3 1 3 0 1 3 2 0 0 2 3 0 0 1 0 1 0 0 2 2 0 0 2 1 0.363892531 1
1 2 3 1 0 3 0 0 3 2 3 3 2 3 3 2 3 2 0 3 2 3 0 2 0 2 3 0 3 1 1 1 1 2 0 0 0.363892531 1
0 2 3 0 3 3 1 2 3 1 2 2 0 2 1 3 1 1 3 1 1 1 2 2 2 0 2 1 3 3 3 3 2 2 1 2 0.5703811193 1
0 1 2 1 0 2 3 1 2 3 3 3 0 1 3 2 3 1 0 2 3 2 2 2 0 3 2 1 1 1 1 1 1 0 3 3 0.3397347183 1
2 3 3 0 3 3 0 3 2 2 1 1 3 0 2 0 2 3 0 3 1 1 3 0 0 2 3 1 3 0 2 2 0 3 3 0 0.388756727 1
2 1 3 3 1 3 2 0 3 2 0 1 0 1 1 3 0 3 0 3 0 1 1 0 1 1 2 3 3 2 3 1 1 0 1 2 0.2898979486 1
3 2 3 0 1 1 2 3 3 1 3 1 0 3 1 0 3 3 2 2 2 2 3 2 1 3 1 1 3 3 2 3 0 3 3 0 0.282163914 1
1 1 0 1 0 1 1 3 3 3 0 0 2 1 2 3 3 1 0 0 2 2 1 3 0 1 0 1 0 1 0 2 1 1 3 2 0.388756727 1
3 1 0 2 2 2 1 2 3 1 0 0 2 0 3 0 1 1 3 3 3 3 3 1 2 2 0 2 2 1 3 0 3 0 2 2 0.3474320193 1
3 3 0 1 2 0 1 2 1 2 2 3 2 3 2 0 2 0 0 0 3 1 3 0 1 2 3 3 3 1 1 2 0 1 0 2 0.4239685927 1
2 3 0 0 3 2 0 1 1 1 2 2 0 1 0 0 2 2 3 1 2 3 1 2 0 0 1 1 2 3 2 3 3 0 2 2 0.3709615778 1
3 2 2 1 0 2 1 3 1 3 0 1 1 0 2 0 3 0 0 3 0 1 2 1 3 1 1 2 0 1 1 0 1 0 3 1 0.3183767839 1
3 3 2 2 2 0 3 2 2 0 2 1 1 0 2 1 0 2 3 3 2 1 3 0 0 2 2 0 2 3 3 3 2 1 1 1 0.3572822687 1
2 1 3 0 0 1 0 0 0 2 0 0 2 3 0 2 3 3 1 1 3 1 3 0 1 3 0 1 3 1 2 2 0 0 3 0 0.363892531 1
2 1 2 1 1 1 3 2 1 0 2 1 3 2 1 0 2 1 1 2 0 1 3 1 1 2 0 2 0 2 3 0 2 3 0 0 0.79210615 1
0 2 1 2 1 1 3 0 3 2 2 1 3 2 1 2 1 0 1 0 1 3 1 2 0 2 0 3 3 3 1 2 1 1 2 3 0.2938102447 1
1 1 0 1 3 0 3 3 0 3 3 2 3 1 0 2 3 0 1 1 0 3 3 1 2 2 2 2 0 1 1 2 3 0 1 1 0.4842134203 1
1 0 1 1 3 2 3 2 0 2 1 2 0 2 0 1 0 1 2 2 1 0 3 0 3 2 0 2 1 3 3 3 2 1 3 3 0.282163914 1
1 0 2 1 0 2 2 3 3 1 0 2 3 2 0 1 2 3 0 3 2 3 2 2 3 0 1 1 0 1 1 0 3 2 2 1 0.3709615778 1
2 1 3 0 2 3 1 0 1 1 3 1 2 1 2 0 0 0 1 2 2 0 3 0 0 1 0 1 3 3 3 0 3 2 3 1 0.2898979486 1
3 1 1 0 1 3 2 2 0 1 1 3 3 2 2 2 3 1 3 3 2 2 3 1 0 0 0 2 3 1 0 2 2 3 3 3 0.375585761 1
2 0 2 2 1 3 0 1 0 2 3 2 2 0 3 2 1 3 0 2 1 1 1 3 0 0 3 1 0 2 3 2 3 1 0 1 0.3572822687 1
3 1 0 0 1 1 0 0 3 2 1 1 3 3 1 0 0 0 3 1 3 0 2 3 0 1 2 1 1 2 1 0 0 0 3 0 0.3336790287 1
2 2 1 2 3 3 1 3 1 3 2 0 3 1 2 2 3 1 0 0 1 1 0 3 2 3 3 2 1 1 0 2 1 3 1 2 0.3255563301 1
3 2 2 2 1 1 0 0 3 3 1 2 1 1 2 3 2 2 0 2 2 3 2 1 2 3 0 1 0 2 2 0 3 2 0 1 0.3474320193 1
3 2 3 1 3 0 0 1 3 3 3 3 0 1 0 1 0 0 3 1 2 0 0 1 1 0 3 3 2 2 3 3 2 0 2 0 0.3255563301 1
0 0 0 3 2 1 1 1 3 2 0 3 3 3 0 1 0 1 2 1 2 2 1 1 3 1 1 3 0 1 3 1 2 1 1 0 0.2984058257 1
2 1 3 1 0 1 1 0 1 3 2 1 2 0 0 3 1 3 2 3 3 1 1 0 3 3 3 1 3 3 2 2 2 3 2 0 0.5927255389 1
1 2 1 2 2 2 0 1 2 3 1 1 2 1 2 1 2 0 1 3 3 1 1 0 0 3 0 0 1 0 0 2 1 3 1 2 0.3013259753 1
2 3 2 2 2 3 0 1 3 0 0 3 3 3 1 0 1 3 3 1 1 3 2 2 2 1 0 3 3 3 2 1 1 0 0 2 0.2976033507 1
3 3 3 0 0 1 2 0 0 1 3 3 2 0 0 2 0 1 3 1 1 1 1 1 3 0 0 2 3 1 0 2 1 1 3 0 0.2984058257 1
3 1 2 3 2 1 2 0 3 0 1 2 3 1 2 3 1 0 0 1 2 1 3 0 0 1 0 3 0 3 0 0 3 1 0 0 0.363892531 1
3 2 2 1 0 0 0 1 0 3 1 2 2 2 0 0 1 2 1 0 0 2 1 3 1 2 0 0 2 1 0 1 2 1 0 2 0.5927255389 1
3 3 0 2 0 0 1 2 1 1 1 0 2 2 1 1 3 2 2 2 1 1 3 1 2 2 2 2 1 0 3 1 2 1 2 0 0.3357282772 1
3 0 1 0 3 2 0 0 2 0 1 1 2 3 2 0 2 0 0 2 2 0 1 3 3 1 1 1 1 1 3 0 0 3 3 2 0.2804379536 1
0 1 1 2 1 1 2 1 3 2 0 0 1 2 0 2 3 2 0 3 2 2 1 0 3 3 1 1 1 1 3 1 0 1 3 1 0.4142135624 1
2 3 3 3 3 1 3 3 0 3 1 1 3 3 0 3 3 3 3 3 0 1 3 3 0 2 2 0 3 1 2 3 2 1 0 1 0.3302867025 1
0 0 2 1 0 3 1 3 3 1 2 2 2 2 3 0 3 1 1 1 2 0 3 0 0 1 3 0 1 2 0 2 2 2 2 2 0.4142135624 1
0 3 3 3 2 3 0 0 1 0 2 1 1 3 3 1 0 2 3 1 2 2 0 3 2 3 2 3 0 1 3 2 3 0 1 1 0.2898979486 1
3 1 2 3 3 1 2 2 0 2 0 3 2 1 0 3 3 1 3 2 1 3 1 0 0 1 1 2 3 2 1 2 3 3 1 1 0.4334666118 1
2 1 2 0 1 2 3 0 3 0 2 0 0 2 1 0 3 0 1 3 3 3 0 2 0 3 1 2 0 0 0 3 1 1 1 2 0.4286189735 1
2 2 3 2 0 3 2 2 2 1 2 3 2 3 3 1 2 2 3 3 0 1 3 2 2 2 3 0 0 1 3 2 1 0 1 1 0.3255563301 1
3 2 3 0 1 1 2 2 1 2 1 3 0 1 1 0 0 0 0 1 1 3 2 1 1 2 3 1 2 0 1 1 2 1 3 3 0.6928099642 1
1 3 3 1 1 2 2 0 3 2 0 0 1 3 1 2 3 0 3 0 2 0 1 1 3 1 1 3 3 3 0 3 0 1 3 0 0.5761894145 1
3 2 3 2 3 3 1 1 2 2 2 3 0 0 2 3 0 3 1 2 2 0 2 0 0 0 2 1 0 0 0 3 2 2 2 1 0.4257225336 1
3 0 2 0 3 0 0 2 2 1 2 3 0 3 1 1 1 2 3 0 1 2 3 0 0 0 3 0 3 1 1 1 3 0 2 1 0.3364806498 1
3 2 3 0 3 2 0 1 3 0 2 0 0 0 3 2 2 3 0 1 0 3 3 0 3 2 3 1 2 2 2 1 1 1 2 0 0.6792850868 1
0 0 1 1 2 0 1 0 3 3 2 1 1 0 2 0 3 0 2 1 0 3 3 0 1 3 0 0 2 2 2 1 3 3 1 3 0.4228979929 1
3 0 2 2 2 3 3 2 3 1 1 3 2 3 1 2 1 0 1 2 0 1 1 3 3 3 1 0 3 1 1 3 3 0 1 1 0.3005423822 1
1 3 1 3 1 3 2 1 3 0 0 3 1 3 0 3 3 0 2 1 3 3 3 1 1 2 2 2 1 3 3 0 3 3 1 2 0.3302867025 1
3 0 2 2 3 2 3 3 3 0 3 0 2 0 3 2 3 3 2 1 0 3 0 0 3 1 3 1 2 3 0 0 2 3 0 2 0.4304465009 1
1 3 2 1 3 0 3 3 1 1 2 2 2 2 3 0 1 3 2 2 3 2 3 1 0 3 2 1 1 0 0 0 0 3 2 2 0.3709615778 1
2 2 1 1 0 2 1 2 3 2 3 2 0 2 2 2 1 2 1 3 2 2 1 2 0 1 3 1 2 1 3 0 3 3 0 0 0.3302867025 1
2 1 0 2 0 1 0 3 2 2 2 0 1 2 3 3 1 3 2 1 0 2 2 2 1 0 2 2 0 0 3 0 1 3 1 1 0.4286189735 1
0 0 1 1 1 3 3 0 1 3 1 2 2 3 3 0 2 0 3 0 3 2 2 1 1 2 1 0 3 0 2 0 0 3 2 0 0.3092161541 1
1 0 0 0 2 1 3 1 2 3 1 3 0 0 3 3 1 3 2 0 3 0 2 2 1 1 3 1 2 3 0 2 3 3 3 2 0.2955369106 1
0 1 1 3 2 3 1 2 1 1 3 0 2 2 3 0 1 0 0 2 2 1 1 2 2 1 0 2 3 0 1 2 2 3 1 0 0.4101114678 1
0 0 2 3 2 0 1 2 2 1 1 1 2 0 1 0 1 2 0 3 1 3 3 3 1 0 0 2 0 1 3 0 2 2 3 0 0.4472135955 1
2 2 0 2 0 0 0 1 2 2 2 0 3 1 2 0 3 0 2 3 1 1 0 0 0 3 1 1 1 1 3 0 2 3 3 0 0.2898979486 1
0 3 0 1 2 3 1 3 3 1 2 3 3 0 1 2 1 0 3 0 1 3 3 1 1 2 0 3 2 0 2 1 1 0 2 3 0.2898979486 1
0 2 3 1 2 3 3 0 0 0 2 0 2 0 0 1 3 0 3 3 0 0 3 1 0 1 2 0 3 3 0 0 0 1 0 0 0.3835303427 1
3 3 3 3 1 1 3 3 2 0 1 3 1 2 0 3 0 3 1 1 1 0 3 2 0 2 0 0 2 2 0 3 0 3 3 1 0.4142135624 1
3 0 3 2 3 3 3 1 3 1 0 1 3 2 0 1 3 3 0 0 0 3 1 2 3 1 0 1 3 1 1 0 2 1 1 1 0.4334666118 1
0 2 1 0 1 3 1 3 2 2 3 2 3 1 0 3 3 1 1 0 1 2 1 0 2 2 0 2 0 2 0 0 0 2 2 0 0.4142135624 1
1 0 3 3 0 3 0 0 1 2 3 1 0 2 2 0 2 2 2 1 1 3 0 0 1 1 2 0 1 2 1 2 2 2 2 0 0.2887244073 1
3 2 0 0 3 1 0 0 0 3 1 2 3 1 0 2 0 3 1 3 1 0 1 3 1 3 0 2 3 2 1 2 2 3 2 2 0.3142042283 1
0 3 1 2 1 2 3 2 0 2 2 0 1 2 2 3 2 1 0 3 3 3 1 1 2 3 2 3 3 1 0 2 2 3 0 1 0.4472135955 1
0 0 1 2 1 0 1 0 3 1 2 2 1 2 2 2 1 0 1 2 0 1 0 0 2 2 0 3 3 0 3 1 1 0 0 1 0.3005423822 1
1 0 3 2 2 3 0 0 3 3 2 0 1 0 2 2 2 2 3 1 0 3 2 1 1 3 2 2 3 0 0 0 0 3 1 0 0.4627853301 1
0 3 2 0 2 0 1 0 3 2 0 1 0 1 1 2 0 2 0 2 3 0 0 0 1 2 0 1 1 2 3 1 3 1 2 1 0.3157755779 1
2 3 2 2 3 2 3 1 1 1 2 3 0 3 1 1 3 0 1 3 1 2 3 1 2 1 0 0 2 0 3 2 3 2 1 2 0.5453467918 1
2 2 0 3 1 0 1 0 2 3 1 2 2 1 3 3 0 0 2 1 1 0 3 3 3 0 3 1 1 0 3 2 3 0 1 1 0.363892531 1
3 0 1 1 2 3 1 0 0 0 1 3 2 0 1 0 1 3 0 3 0 1 3 3 2 0 0 0 3 3 2 3 3 3 0 1 0.3102148911 1
1 2 2 3 0 1 3 2 2 2 0 3 3 3 0 3 3 2 3 3 1 3 1 2 2 3 1 3 0 3 3 1 0 2 0 1 0.2787472652 1
2 2 2 1 1 0 1 2 2 3 0 1 1 1 3 1 0 2 1 2 1 0 0 2 0 1 3 3 3 0 3 0 2 3 3 2 0.2817532212 1
3 2 3 2 3 2 0 2 0 1 0 2 3 3 0 2 3 0 0 0 3 0 2 1 3 0 1 2 2 1 0 1 0 0 2 1 0.4037797985 1
2 3 2 1 0 3 1 3 0 3 2 2 0 2 1 2 3 0 2 2 0 2 2 2 3 3 2 1 2 0 1 2 1 2 3 1 0.3804245211 1
3 0 1 2 2 3 3 0 1 3 1 0 2 1 2 2 3 3 1 3 1 2 0 3 1 0 0 1 1 0 2 3 3 1 1 1 0.5071671483 1
1 2 1 1 2 2 1 3 1 2 1 1 2 1 1 0 1 3 1 3 0 2 3 1 3 0 0 3 2 3 0 1 1 0 1 0 0.5582520261 1
3 1 1 0 0 1 0 3 1 0 1 0 3 2 0 3 2 0 1 1 0 0 1 3 3 3 0 0 0 3 1 2 3 0 2 0 0.282163914 1
3 0 0 0 2 1 1 1 0 2 1 3 1 2 1 3 1 3 0 2 0 3 3 3 1 0 2 2 3 1 0 3 2 2 2 1 0.3572822687 1
1 3 3 0 3 0 1 3 3 1 1 3 0 3 2 2 2 1 3 1 2 3 0 2 0 3 3 0 3 2 3 3 0 2 3 1 0.3655178698 1
2 3 1 1 1 1 0 0 3 3 0 0 1 3 0 3 2 1 3 0 1 3 0 2 3 3 0 1 3 3 0 0 0 2 2 0 0.288449724 1
1 3 2 2 2 1 1 2 2 3 2 0 3 1 3 3 2 3 0 3 1 2 2 1 0 3 2 0 1 3 0 3 1 1 2 3 0.3117179653 1
2 1 3 1 3 1 3 3 0 0 2 1 2 1 3 1 2 0 3 0 2 1 0 1 3 2 3 2 0 1 0 3 3 0 2 3 0.282163914 1
0 3 1 1 0 1 0 0 3 3 2 1 1 2 3 0 2 1 1 1 0 2 0 1 0 1 3 3 0 2 2 0 3 3 0 1 0.2942840346 1
1 0 1 0 3 1 0 1 3 3 0 0 0 1 2 1 0 3 1 3 0 3 2 2 2 2 2 0 1 3 2 3 1 2 0 1 0.2808421696 1
3 0 0 2 2 3 3 3 3 1 3 0 3 3 0 0 0 0 2 2 1 1 3 1 2 3 3 3 1 1 2 0 0 1 0 0 0.3835303427 1
2 2 0 0 0 0 0 0 3 1 3 2 3 2 1 0 0 2 0 1 0 0 3 0 3 3 2 0 3 1 3 0 2 3 0 1 0.2898979486 1
1 2 0 3 0 3 3 2 2 3 3 2 1 3 3 1 2 3 0 2 2 1 3 1 2 3 0 3 1 3 1 3 0 3 0 0 0.304978078 1
2 3 1 1 2 3 2 0 2 1 2 2 1 0 3 2 2 2 1 2 2 0 2 3 2 2 1 2 2 0 1 2 0 0 2 3 0.3183767839 1
1 0 2 1 2 0 3 0 1 2 2 2 2 1 2 0 0 2 0 2 2 3 0 2 2 1 0 2 3 0 2 3 2 3 1 0 0.3572822687 1
2 2 2 0 0 3 0 2 2 0 2 0 2 2 0 3 0 2 3 2 1 0 0 0 3 1 0 0 3 0 1 2 3 1 3 0 0.4334666118 1
2 2 0 1 3 1 0 0 1 2 3 0 0 2 3 2 0 2 1 1 3 1 0 1 2 0 1 1 0 3 2 2 3 0 2 1 0.4076499498 1
0 3 2 2 1 3 3 1 1 2 2 1 1 1 2 2 2 1 1 3 3 1 3 0 2 2 2 2 3 3 0 2 2 2 0 1 0.3879780451 1
2 0 2 1 2 1 1 1 1 2 1 0 1 1 1 0 2 2 3 2 2 3 0 0 3 2 1 0 0 1 0 0 1 0 3 0 0.3142042283 1
0 1 1 1 2 1 3 2 0 3 2 2 1 3 2 1 2 0 0 0 1 1 0 2 2 3 2 3 2 1 3 2 1 2 3 3 0.3018893954 1
3 0 1 0 3 2 1 1 1 0 0 3 3 2 3 3 1 3 2 3 2 2 0 1 0 3 3 1 3 0 0 0 1 2 2 1 0.4126288197 1
1 0 0 1 2 3 3 0 1 3 2 1 3 3 3 1 0 0 1 3 0 1 0 0 1 1 0 3 1 3 1 0 1 1 2 2 0.5071671483 1
2 1 1 2 1 3 3 0 3 2 3 1 0 0 1 1 3 3 0 3 0 3 1 3 2 0 2 1 1 1 2 1 3 3 3 1 0.3439144051 1
0 1 1 1 2 2 2 0 1 3 1 3 1 0 1 1 3 2 2 0 2 2 2 2 2 3 2 2 0 3 2 2 2 0 1 0 0.3314388929 1
3 1 0 1 1 2 1 0 0 3 0 0 2 2 1 1 0 3 0 0 0 0 0 3 2 3 0 1 0 3 0 1 1 2 2 2 0.5453467918 1
2 0 0 1 2 2 3 0 1 3 3 2 0 0 0 0 1 3 1 0 2 2 3 2 1 3 2 3 2 3 1 0 0 1 3 3 0.5071671483 1
3 2 2 0 2 3 0 2 0 2 1 2 3 0 3 2 1 3 3 0 2 0 1 2 0 2 3 0 3 1 1 2 0 1 1 2 0.2898979486 1
3 1 0 3 2 0 2 0 2 3 0 3 3 3 2 1 1 0 0 0 3 1 1 2 1 2 3 2 2 0 1 0 0 3 3 0 0.3727036241 1
1 3 3 0 1 0 2 2 1 1 3 3 1 2 1 1 0 2 3 0 1 0 1 3 2 3 3 2 0 2 2 1 1 0 3 3 0.3835303427 1
1 0 0 3 2 1 3 0 3 3 3 3 0 0 0 0 2 3 2 2 3 0 0 0 0 1 0 2 0 3 0 1 3 0 3 2 0.354867572 1
1 3 0 0 2 1 0 2 3 3 3 2 2 3 3 0 2 3 2 1 0 1 1 0 0 2 2 1 3 3 2 1 1 2 1 3 0.375585761 1
2 2 1 1 0 2 2 1 1 2 1 2 0 2 1 0 1 1 2 0 0 0 3 2 3 0 1 1 0 1 0 3 0 0 0 2 0.4142135624 1
2 3 3 1 1 1 1 2 0 1 1 1 1 0 1 0 1 3 1 0 1 3 1 0 3 2 3 0 0 1 2 2 0 0 3 1 0.3572822687 1
3 0 0 0 2 3 0 3 3 0 3 2 1 1 2 0 2 1 1 1 2 3 1 2 0 2 3 0 1 2 0 1 0 1 2 1 0.7117102235 1
1 2 1 1 1 0 0 2 1 3 1 1 1 1 3 0 3 0 3 2 0 1 3 3 0 1 3 3 2 0 0 2 3 3 3 1 0.3597564272 1
1 1 0 2 1 0 1 0 3 3 0 3 0 2 0 1 3 3 1 0 2 1 0 0 3 3 0 3 1 0 3 1 2 3 2 3 0.3572822687 1
3 3 2 0 0 0 0 0 3 1 3 2 3 1 1 1 0 1 0 3 1 1 0 2 1 1 2 2 3 1 0 2 3 0 1 2 0.2887244073 1
0 2 2 0 0 3 3 1 1 0 3 1 2 1 2 0 3 3 3 2 2 0 3 2 3 1 3 2 1 1 0 1 1 1 3 0 0.3572822687 1
1 2 0 2 1 1 3 0 2 1 3 0 3 3 3 1 2 1 2 2 1 0 1 0 2 0 2 2 2 0 1 2 3 3 2 1 0.3183767839 1
1 3 3 2 2 0 2 0 2 2 2 3 2 3 1 3 3 0 3 1 0 2 3 1 0 3 2 1 3 2 3 0 1 3 2 1 0.4142135624 1
1 1 0 1 3 2 3 0 0 2 2 1 0 2 2 1 1 3 2 1 2 2 0 3 3 0 3 2 2 3 0 3 2 0 2 3 0.3005423822 1
3 3 2 2 2 2 0 2 2 1 1 1 0 3 2 0 2 1 0 2 2 1 3 1 3 3 2 2 1 0 3 0 2 2 2 3 0.2850346585 1
1 0 0 0 0 1 0 3 0 1 0 2 3 2 2 3 3 2 0 0 0 3 0 1 0 0 1 2 1 2 0 1 0 1 3 0 0.5927255389 1
0 3 0 2 0 0 2 3 2 1 2 1 0 0 2 1 3 0 2 0 0 1 2 3 3 3 3 1 1 3 1 0 3 3 3 1 0.2953529814 1
3 3 3 1 1 2 0 1 0 1 0 2 1 1 2 2 3 2 3 3 2 0 3 3 3 1 0 0 1 2 2 3 3 3 2 0 0.3397347183 1
3 3 0 3 0 1 3 2 0 1 3 2 2 0 0 2 3 0 1 1 2 2 3 3 3 1 3 2 1 3 2 0 0 0 0 1 0.2875668903 1
0 1 0 3 1 2 3 3 1 1 3 3 1 0 0 1 2 2 1 2 3 0 2 3 3 2 2 3 0 0 1 2 3 0 0 1 0.3193901603 1
3 0 3 2 3 3 3 2 2 0 1 3 1 2 1 1 1 2 0 2 1 0 1 2 3 3 2 0 3 3 3 3 1 3 2 2 0.282163914 1
3 0 3 3 3 3 1 0 1 3 3 0 2 1 0 3 0 1 3 2 3 2 3 1 3 3 2 0 2 3 0 3 1 1 2 1 0.363892531 1
3 2 2 2 3 3 2 0 3 3 0 1 3 1 0 3 3 1 2 1 3 3 0 2 0 2 0 3 1 1 0 0 1 0 0 2 0.3418020796 1
1 1 3 3 2 0 3 2 2 3 2 3 1 1 2 3 3 0 1 0 3 2 1 2 1 1 3 0 0 1 0 1 0 3 3 3 0.304113536 1
0 3 2 2 1 1 1 0 2 1 2 0 0 3 3 0 1 1 2 0 0 0 3 1 3 3 0 2 2 3 0 2 1 0 3 3 0.3737950927 1
1 1 3 0 1 0 0 0 0 3 1 0 1 3 2 3 3 1 2 2 1 2 2 1 0 2 0 3 1 3 3 0 3 2 3 2 0.3942517493 1
3 3 2 3 0 1 0 2 2 1 2 0 0 1 2 2 2 1 2 2 2 0 0 0 1 0 0 2 0 3 2 3 1 3 0 3 0.3005423822 1
2 0 3 1 3 0 2 1 0 1 0 3 1 3 0 0 2 2 3 0 2 3 3 1 1 3 0 0 0 3 0 2 0 3 3 0 0.4565940367 1
1 0 0 2 0 1 0 0 2 1 2 3 3 1 3 0 1 2 2 2 3 1 3 1 2 3 3 2 1 0 2 3 2 2 3 2 0.363892531 1
2 3 2 2 3 0 1 1 3 2 1 0 2 0 2 3 0 2 2 0 2 2 3 0 1 1 1 0 2 2 1 0 2 0 0 0 0.304978078 1
0 0 0 0 1 3 1 0 3 2 0 2 1 3 0 0 3 0 1 3 2 0 0 2 2 1 3 1 3 1 1 3 3 2 3 0 0.2898979486 1
3 2 2 2 0 0 1 3 2 1 3 2 2 1 3 0 1 2 0 3 3 1 3 1 2 3 1 3 1 3 2 2 3 3 3 1 0.304113536 1
3 1 3 0 3 2 3 0 3 0 2 0 3 2 1 1 3 2 3 2 2 3 2 1 1 1 2 0 1 1 3 2 0 1 0 2 0.4472135955 1
2 0 2 3 2 3 2 1 0 3 2 1 3 2 2 2 1 2 3 2 2 3 0 1 0 2 3 3 1 0 3 1 1 1 3 3 0.2850346585 1
2 0 1 1 0 0 1 1 0 2 0 0 3 0 2 0 1 0 2 0 2 3 3 0 1 1 1 2 2 3 3 3 2 1 0 2 0.2851975752 1
0 0 0 1 0 1 3 0 1 0 1 2 2 1 0 3 0 3 1 0 0 1 3 1 2 1 1 3 0 3 0 0 2 0 2 1 0.4627853301 1
3 1 0 0 3 3 1 2 1 0 1 1 1 0 2 3 2 1 1 0 3 2 0 3 2 3 1 1 0 3 3 3 0 0 2 3 0.5996278455 1
2 1 2 3 3 2 1 3 2 3 0 0 3 2 1 0 3 3 1 1 1 3 0 3 1 3 2 1 3 2 2 0 2 3 0 1 0.4565940367 1
3 2 2 3 2 2 2 1 0 2 2 1 0 2 0 2 3 3 0 2 3 3 0 1 0 3 3 2 0 2 3 3 3 2 1 3 0.4142135624 1
2 2 0 1 0 0 1 3 2 2 3 3 1 1 1 3 2 3 3 3 3 0 2 1 1 1 2 2 0 2 3 1 1 0 1 2 0.304113536 1
0 2 1 1 2 1 3 2 2 2 3 0 0 3 3 1 1 0 1 1 2 3 1 0 2 1 2 3 1 1 3 0 1 2 1 3 0.3603494589 1
1 0 2 3 1 0 3 3 1 2 0 0 3 3 2 3 3 0 0 0 1 3 0 1 1 3 1 3 0 2 1 0 3 1 2 1 0.4037797985 1
0 3 3 0 2 3 2 1 1 1 0 3 3 0 3 3 3 3 0 0 1 3 1 2 2 0 0 1 0 3 3 3 3 0 0 3 0.4034374267 1
3 2 3 0 1 3 3 3 1 3 1 1 2 1 2 1 2 3 1 2 1 1 2 3 0 3 2 0 0 0 0 3 2 2 2 1 0.3069422669 1
2 0 1 1 2 3 1 0 3 2 1 2 1 0 2 2 0 0 3 0 2 2 3 1 2 2 0 0 1 1 2 0 1 1 1 3 0.3102148911 1
2 3 2 0 3 3 2 0 0 2 2 0 1 1 0 0 1 2 3 2 1 3 1 0 0 2 3 2 1 1 2 1 2 1 0 0 0.3005423822 1
1 3 2 2 3 3 1 1 1 2 2 2 0 2 1 3 1 1 2 2 2 3 2 1 0 1 2 1 2 3 3 2 1 0 2 3 0.3340670182 1
1 0 1 0 1 3 2 1 2 2 0 2 1 2 1 0 2 3 0 3 0 0 2 0 3 1 1 2 3 0 3 2 0 2 3 0 0.282163914 1
1 1 3 3 2 3 0 0 3 1 1 1 2 2 3 3 2 0 3 3 0 3 0 3 0 0 2 2 0 1 0 3 3 2 1 1 0.3055166403 1
3 2 1 3 1 2 0 3 0 1 3 3 3 2 3 2 3 0 0 0 0 2 3 3 2 3 3 0 2 0 0 3 2 0 3 2 0.304113536 1
3 0 2 1 0 1 2 3 3 1 1 2 1 3 3 0 1 1 1 0 2 3 1 2 2 2 2 2 1 0 1 1 3 2 1 0 0.5453467918 1
2 3 2 1 1 3 3 0 1 3 0 0 0 2 3 3 0 0 3 0 2 0 3 0 3 3 0 2 3 1 2 3 0 0 1 0 0.3193901603 1
1 1 2 2 0 2 3 1 3 1 1 2 2 1 3 0 1 3 1 3 0 3 0 3 2 0 1 0 0 3 3 1 3 2 2 1 0.3102148911 1
1 2 3 1 2 1 0 0 3 3 0 1 2 2 0 0 1 3 1 2 0 3 2 0 0 0 3 2 3 2 2 1 3 1 2 3 0.5071671483 1
0 1 3 1 2 0 0 2 3 2 2 0 3 0 0 1 2 1 2 2 3 0 2 0 0 3 2 0 2 2 1 1 3 3 2 3 0.4693139434 1
0 1 1 0 2 3 2 0 0 1 3 0 1 3 0 2 0 3 2 1 2 3 2 0 3 3 0 0 0 2 0 0 0 3 3 0 0.3193901603 1
1 0 3 1 2 0 1 1 3 3 1 0 2 1 3 2 1 1 0 2 1 3 1 3 3 3 0 1 3 3 3 2 1 0 3 0 0.4142135624 1
3 2 0 0 0 2 3 3 3 0 2 2 0 0 2 1 2 3 0 1 1 2 3 1 1 0 1 2 2 3 0 3 0 1 1 2 0.375585761 1
3 2 1 0 1 0 3 1 2 3 1 1 1 3 2 1 3 0 1 2 2 2 2 1 2 3 0 0 3 3 1 1 3 2 3 0 0.2918317294 1
0 0 1 2 1 3 3 0 2 0 3 0 1 0 0 0 3 0 3 2 2 1 1 0 3 3 0 1 3 0 3 2 2 0 3 0 0.5309869398 1
3 0 2 3 0 1 1 0 2 3 2 2 3 2 3 0 1 2 3 3 2 1 1 2 1 1 2 1 1 3 1 1 2 0 0 0 0.3000332808 1
1 1 0 2 2 1 0 0 1 1 3 3 1 2 2 0 2 2 1 0 1 1 3 0 1 3 1 3 1 3 0 0 1 1 3 2 0.5531708459 1
0 2 1 2 3 0 2 0 3 3 0 1 1 0 1 3 0 0 1 2 3 3 2 0 0 0 0 1 3 1 2 0 0 3 1 0 0.3364806498 1
1 0 1 2 1 2 0 1 1 3 1 2 2 0 1 3 3 2 2 3 2 2 0 0 3 2 3 0 2 2 0 2 1 3 0 0 0.4142135624 1
2 3 1 0 2 0 3 1 3 2 3 0 1 0 3 0 0 2 1 1 1 2 0 3 1 2 3 3 2 2 2 0 0 0 3 2 0.5336088039 1
1 0 2 1 2 2 3 3 2 2 3 1 2 0 1 2 2 1 0 3 1 0 0 0 3 1 3 3 1 1 0 0 1 0 2 1 0.4824366968 1
2 2 2 2 1 3 3 2 3 1 3 1 2 2 0 2 1 3 2 2 1 2 2 3 0 2 3 2 1 2 3 0 0 1 3 2 0.5071671483 1
2 1 1 3 0 1 1 2 3 1 3 2 3 1 1 3 0 2 1 3 1 1 1 3 0 3 3 0 2 2 1 1 2 2 3 1 0.3510801119 1
2 3 3 0 2 3 0 3 1 1 1 3 1 3 1 2 0 3 2 3 2 1 1 3 2 2 0 1 1 3 3 0 3 2 1 1 0.2984058257 1
1 1 2 1 0 2 1 0 0 3 0 3 2 1 0 1 3 2 2 2 3 3 1 2 2 3 0 3 2 0 3 0 3 0 3 1 0.3762779394 1
0 0 2 1 0 1 1 3 3 1 0 0 2 0 0 0 3 2 0 2 2 3 2 1 2 3 0 2 3 3 2 0 3 0 0 2 0.3942517493 1
1 3 3 1 2 0 2 2 3 2 3 1 1 1 2 1 0 2 3 3 0 1 3 1 1 3 2 1 1 3 1 1 1 3 3 1 0.3102148911 1
2 3 1 2 2 3 2 3 0 2 0 1 1 3 1 2 2 3 0 0 2 3 3 0 1 3 1 3 3 3 0 0 3 1 3 0 0.3675632775 1
0 3 1 1 1 0 2 3 1 3 0 1 3 3 3 1 3 3 3 3 1 2 2 3 0 2 2 3 1 1 2 1 3 1 3 2 0.5336088039 1
3 3 2 3 1 3 0 2 3 2 3 2 3 1 0 2 1 2 3 0 1 0 3 1 0 2 2 0 0 2 3 0 0 1 1 3 0.2898979486 1
2 3 1 1 0 1 2 0 3 0 0 1 2 0 0 1 0 3 0 0 1 3 3 2 1 1 0 0 0 1 0 2 3 2 1 0 0.3364806498 1
0 3 0 1 2 2 3 3 3 2 1 3 1 2 1 3 2 1 2 2 3 2 0 3 2 0 0 0 3 1 1 3 0 3 1 3 0.3082594558 1
1 0 1 0 3 1 0 2 2 2 1 1 3 1 0 2 0 0 2 1 2 1 1 3 3 2 2 2 0 3 1 3 0 3 2 3 0.3572822687 1
3 0 0 3 0 0 0 2 2 3 1 0 3 0 0 3 3 3 0 1 1 0 3 0 3 0 1 1 2 1 3 2 3 3 2 1 0.2827348361 1
0 0 1 2 0 0 2 1 1 2 0 3 0 2 1 2 0 3 0 2 2 0 3 3 2 3 2 1 0 0 2 3 0 1 0 3 0.282163914 1
1 3 0 2 2 3 0 3 0 2 1 1 1 1 0 3 1 2 0 3 3 3 2 0 1 1 1 1 2 2 3 0 1 3 1 2 0.4142135624 1
3 2 1 2 2 2 3 3 0 3 1 3 1 1 3 0 3 0 1 3 2 1 3 3 3 0 2 0 3 2 3 2 1 0 2 1 0.3469108776 1
1 3 1 1 0 3 1 2 3 0 2 0 3 2 1 1 3 2 1 2 0 1 1 0 1 2 0 2 2 3 2 3 0 3 1 1 0.282163914 1
2 1 3 2 1 0 2 0 3 0 1 0 0 1 3 1 3 3 3 1 2 1 2 1 1 1 2 3 3 3 1 1 1 2 1 3 0.388756727 1
3 1 3 1 2 3 2 1 0 0 3 2 1 1 1 2 0 0 3 2 3 3 1 0 2 1 3 0 0 0 1 1 2 1 3 0 0.2898979486 1
0 3 1 3 3 2 0 0 1 3 3 1 3 0 2 2 3 0 1 1 2 2 3 3 3 0 3 2 2 2 1 0 3 3 2 3 0.282163914 1
2 0 2 2 1 3 0 0 1 3 0 3 1 3 0 3 0 3 3 2 1 3 3 1 1 1 2 0 0 3 0 1 2 1 3 3 0.2925820765 1
2 3 1 1 0 0 0 1 3 1 2 0 1 0 3 3 1 1 0 0 0 0 2 0 0 0 1 2 3 2 0 2 0 1 3 1 0.3063950271 1
2 1 0 3 2 3 2 0 2 0 1 3 2 2 3 1 3 1 1 2 1 1 2 1 2 3 2 2 0 2 2 2 2 3 0 3 0.3397347183 1
2 3 0 3 0 0 0 0 1 1 2 3 3 2 3 3 0 3 3 3 1 2 3 0 0 1 3 3 2 3 0 3 3 3 1 3 0.3572822687 1
1 3 0 0 3 0 1 0 1 2 2 0 2 1 1 3 1 0 0 0 2 2 1 0 2 0 1 3 3 0 2 2 2 2 0 2 0.4472135955 1
0 3 0 3 1 0 1 1 0 3 2 1 3 0 2 1 2 0 0 3 1 1 1 3 2 2 2 2 1 3 3 0 1 1 1 1 0.3092983413 1
1 2 1 0 2 1 0 3 1 3 1 3 3 0 2 3 2 3 2 0 3 2 3 2 1 3 3 2 3 0 3 2 2 1 0 0 0.4076499498 1
1 2 2 2 1 0 1 2 1 1 2 2 1 3 2 2 3 3 1 3 0 0 1 1 3 1 2 1 2 3 0 2 1 1 0 3 0.6013107816 1
0 2 0 2 1 2 2 3 0 1 3 0 0 0 0 1 2 1 3 1 2 2 2 1 0 3 1 1 3 1 3 2 0 3 3 0 0.2850346585 1
0 2 3 0 3 0 1 3 0 0 2 3 0 1 1 0 1 0 0 1 2 1 1 2 2 1 3 1 1 0 3 0 2 1 0 1 0.3109214228 1
3 2 0 3 1 0 2 2 3 3 1 3 0 2 2 2 3 0 1 0 1 2 3 3 0 3 2 2 2 1 0 0 0 3 3 2 0.4286189735 1
2 0 1 3 1 3 2 2 2 3 3 3 2 2 2 2 0 3 0 0 1 0 2 3 3 2 2 0 1 3 3 3 3 0 3 1 0.2868593513 1
2 3 0 0 1 0 3 1 0 2 3 2 1 3 0 2 0 1 1 1 0 3 2 3 1 2 3 1 0 1 3 2 2 3 2 3 0.304113536 1
3 3 1 0 0 0 1 1 2 3 3 1 0 3 1 2 3 1 0 2 3 1 3 1 2 2 1 1 3 3 3 3 0 1 2 1 0.3572822687 1
3 0 3 0 2 3 1 2 0 1 1 2 1 0 3 1 2 3 1 0 1 1 1 1 0 2 3 2 3 1 1 2 3 3 0 1 0.2898979486 1
0 3 2 0 0 1 3 0 1 0 0 2 3 2 1 3 3 3 0 3 0 2 2 0 2 1 0 3 0 3 0 2 3 0 1 2 0.79210615 1
0 2 3 3 2 1 1 3 2 0 0 0 2 3 1 0 1 1 1 3 0 1 2 3 0 3 1 2 3 2 3 0 3 2 0 0 0.2868593513 1
2 0 0 0 2 2 0 2 3 1 1 2 0 2 3 1 0 3 1 3 3 1 2 3 1 3 2 3 1 1 1 2 3 0 1 0 0.3572822687 1
2 2 1 0 3 2 0 3 3 3 0 2 1 0 2 3 2 0 3 1 2 2 2 3 3 0 2 0 1 1 3 1 0 1 3 0 0.3364806498 1
2 1 2 3 3 0 1 1 3 3 2 2 3 1 2 3 3 3 1 3 2 1 3 2 0 0 1 3 2 3 0 1 2 2 1 3 0.3418020796 1
1 1 0 2 2 2 0 0 0 1 0 0 2 1 0 2 2 0 2 1 2 3 0 2 1 1 1 2 1 0 0 0 1 2 0 3 0.441769316 1
2 3 1 0 1 0 3 0 2 0 3 3 3 0 3 2 2 1 0 1 2 1 3 3 0 3 2 0 0 1 2 1 2 1 2 1 0.3280236425 1
1 3 0 2 0 1 0 2 0 2 2 1 1 2 3 2 0 0 0 0 2 2 3 0 1 0 3 2 1 2 3 0 3 1 1 1 0.3572822687 1
3 0 1 2 2 2 2 2 3 1 1 0 2 2 3 3 1 3 1 1 2 3 2 2 1 3 2 3 3 0 3 2 1 0 1 0 0.3018893954 1
2 2 0 0 0 3 0 2 0 0 3 1 1 3 0 1 0 1 2 3 1 1 0 2 0 2 1 3 0 3 1 3 3 0 0 0 0.3439144051 1
2 3 0 0 3 0 0 1 0 0 2 2 0 2 0 0 1 3 2 3 2 2 0 2 1 2 2 0 1 2 1 3 2 3 0 3 0.354867572 1
2 3 3 0 2 0 0 2 2 1 2 1 3 1 0 3 1 3 2 2 2 2 0 2 1 3 0 2 0 0 2 0 3 3 2 3 0.2898979486 1
3 1 3 0 2 0 1 0 0 2 1 2 0 2 1 3 2 0 1 1 0 2 1 3 2 3 3 2 0 1 1 1 3 2 1 2 0.3005423822 1
1 1 0 1 2 1 3 0 3 3 0 0 2 3 3 3 1 3 3 0 1 2 2 3 3 2 0 1 0 3 0 3 0 1 3 3 0.3804245211 1
0 0 1 2 1 1 0 3 2 0 2 3 1 3 0 1 3 2 1 0 3 0 1 2 2 2 2 2 0 3 0 1 2 2 0 3 0.3835303427 1
2 2 1 3 3 1 3 0 0 3 1 0 3 3 1 1 0 3 3 1 0 1 1 3 2 1 0 3 3 3 2 2 3 1 0 3 0.3418020796 1
1 2 0 3 0 2 0 0 0 1 0 0 3 2 3 0 0 2 1 0 3 0 1 0 0 3 1 3 2 3 0 0 2 0 1 1 0.282163914 1
2 0 2 1 1 0 2 2 2 2 3 2 3 1 2 1 2 3 0 3 1 0 2 1 2 1 3 1 2 1 0 0 1 1 3 2 0.2992157615 1
1 3 3 3 2 0 3 3 0 1 0 2 2 2 3 0 0 1 3 2 2 3 1 2 2 0 2 2 0 0 1 3 2 1 0 3 0.4142135624 1
1 3 1 0 1 3 0 0 0 2 2 3 1 3 1 1 0 2 1 1 2 1 3 1 1 0 2 1 1 1 3 2 2 0 1 3 0.4076499498 1
3 3 1 0 2 0 0 1 1 2 2 3 1 2 3 2 0 2 2 1 1 0 3 2 1 2 0 0 2 1 0 3 3 3 1 1 0.3295815643 1
0 0 0 0 2 3 1 1 2 0 1 3 2 2 3 2 2 0 1 2 1 3 1 2 3 3 2 2 0 3 2 3 2 2 0 1 0.3142042283 1
0 1 3 1 2 2 1 2 0 3 2 3 2 3 1 1 2 0 3 0 1 3 2 0 2 1 2 3 0 3 1 1 2 1 3 0 0.4142135624 1
0 3 2 2 1 0 3 3 3 3 3 2 2 1 3 0 1 0 0 1 3 2 0 3 2 1 3 3 1 1 2 0 2 3 3 2 0.3117179653 1
2 1 3 2 2 3 1 0 0 2 3 1 1 2 2 0 3 0 3 2 1 1 2 2 3 2 0 3 1 2 0 3 1 0 1 2 0.3835303427 1
0 2 3 1 0 3 1 0 1 3 2 1 3 0 1 2 0 3 2 2 2 1 1 3 3 3 1 0 0 0 0 3 2 0 2 0 0.282163914 1
1 2 1 2 3 2 3 2 3 2 2 1 3 1 0 1 2 2 0 1 3 3 0 3 0 2 0 3 2 1 0 0 0 1 2 2 0.3572822687 1
3 0 0 0 0 2 1 3 1 1 0 1 1 2 2 1 3 2 2 1 1 1 1 1 1 1 2 0 2 1 0 0 1 2 0 1 0.3418020796 1
2 3 2 2 1 1 3 0 0 1 2 1 1 1 1 2 1 0 0 3 1 1 2 3 1 0 3 0 3 1 3 2 3 2 1 0 0.3597564272 1
3 0 1 1 1 2 2 0 2 0 1 1 1 0 1 0 0 2 2 2 3 2 0 1 1 0 2 1 2 2 1 2 2 0 0 0 0.4037797985 1
3 0 2 2 1 0 3 3 1 1 0 0 3 0 0 0 2 3 0 1 3 2 1 0 0 1 2 0 0 0 0 0 2 1 0 2 0.3142042283 1
3 1 2 3 2 0 2 0 1 2 0 0 2 1 0 3 1 2 0 0 3 3 0 0 0 2 3 1 2 3 1 2 0 2 1 2 0.3210538243 1
2 0 1 1 1 1 0 1 3 0 1 2 1 1 1 2 0 1 0 0 2 3 3 2 3 2 0 1 1 3 0 1 3 3 0 3 0.3364806498 1
1 3 2 1 1 1 0 2 3 0 0 2 1 3 2 3 1 3 3 0 3 0 2 3 3 2 3 2 0 2 3 1 2 2 2 1 0.4472135955 1
1 3 3 0 3 2 3 1 3 0 3 1 3 1 1 2 1 2 3 2 3 2 3 3 0 3 3 1 2 0 1 0 0 1 0 1 0.4142135624 1
3 3 2 2 0 0 3 0 2 0 1 3 0 0 0 0 1 1 1 3 2 2 3 2 1 2 2 1 1 3 3 1 0 2 0 0 0.3005423822 1
3 2 2 0 3 3 2 0 0 0 0 1 3 1 0 0 0 1 3 3 1 3 2 3 2 3 1 1 2 0 0 3 0 3 0 1 0.3709615778 1
0 3 1 1 3 2 1 1 2 0 3 3 3 2 1 2 2 1 0 2 2 0 3 3 2 3 3 2 2 0 0 0 2 2 3 1 0.4472135955 1
3 2 3 1 0 1 0 1 0 0 0 3 2 1 3 0 0 2 2 0 2 1 1 2 3 1 0 3 0 0 0 3 0 0 2 1 0.3835303427 1
3 2 2 2 0 2 0 3 2 1 2 1 2 1 0 1 0 1 1 3 1 3 1 2 0 2 3 3 1 1 2 0 2 1 2 2 0.5761894145 1
2 1 0 3 2 3 2 2 3 2 2 3 1 2 3 3 3 1 2 0 0 2 3 0 2 3 0 1 0 1 0 0 0 1 1 2 0.3193901603 1
1 3 3 0 1 0 1 3 3 2 0 3 2 2 3 3 3 2 2 3 2 2 0 1 1 0 0 2 2 2 0 2 2 1 1 2 0.3018893954 1
3 2 3 0 0 1 3 0 3 0 1 0 1 1 0 3 0 2 3 2 3 1 3 1 1 1 2 3 1 1 0 1 3 3 1 0 0.4438190372 1
1 3 1 0 0 1 2 0 0 0 3 3 2 0 1 1 2 2 1 2 0 3 0 0 3 0 0 2 2 0 1 2 0 3 1 3 0.3142042283 1
2 1 0 1 3 3 0 0 2 2 0 2 1 3 2 1 0 2 1 0 0 1 3 2 1 3 3 3 1 3 1 3 1 1 1 3 0.282163914 1
2 0 2 1 0 2 2 0 3 3 0 0 1 0 2 2 3 1 1 3 2 1 2 0 2 2 0 0 1 0 1 0 3 1 3 2 0.3418020796 1
3 2 1 3 0 2 3 1 3 0 2 2 0 2 0 0 2 2 3 0 2 0 2 3 1 2 2 3 0 1 3 2 2 0 0 0 0.3142042283 1
3 3 0 0 1 1 2 3 1 2 1 1 1 0 2 1 0 1 0 2 3 0 0 1 3 0 3 1 1 0 3 2 3 3 1 3 0.3024094072 1
1 2 0 2 2 3 2 1 1 0 0 0 0 3 3 1 3 1 3 3 0 3 3 0 0 2 1 3 2 0 3 2 0 2 2 2 0.4334666118 1
1 2 0 0 1 0 0 0 1 3 0 3 2 3 3 3 0 3 1 1 2 2 3 1 0 3 0 3 2 3 1 0 2 0 2 2 0.3210538243 1
2 3 0 3 0 1 0 0 3 0 0 1 2 0 0 3 3 3 2 3 3 1 0 3 1 0 0 2 1 2 3 3 2 1 3 3 0.4142135624 1
3 1 1 0 0 1 1 2 2 2 1 3 3 1 2 2 2 1 3 3 0 3 0 1 1 2 3 1 0 3 3 1 1 3 0 2 0.3835303427 1
2 2 0 2 0 0 3 0 1 0 0 0 1 1 0 0 2 1 2 1 2 1 1 1 1 3 0 2 1 1 1 1 0 1 1 1 0.3418020796 1
2 2 0 1 2 1 1 1 0 2 3 1 3 3 2 2 3 2 2 3 0 2 3 0 0 3 3 3 1 0 0 1 3 2 2 1 0.3142042283 1
2 1 3 2 0 2 1 3 1 3 1 3 2 2 2 1 3 1 2 3 3 2 2 0 0 2 3 2 0 0 3 1 2 2 0 0 0.2984058257 1
2 0 0 1 3 3 0 3 1 2 0 1 2 3 1 3 3 1 2 1 0 0 0 1 3 1 2 3 2 1 3 2 0 2 0 3 0.3102148911 1
2 3 3 1 3 3 0 2 1 0 0 2 1 3 1 3 1 3 1 3 0 1 3 1 2 3 1 2 0 1 2 2 3 3 3 1 0.2898979486 1
3 2 3 2 3 3 3 2 2 0 2 0 2 1 0 1 0 1 1 2 0 0 2 0 2 3 2 0 1 1 0 2 2 3 3 3 0.5453467918 1
1 0 2 2 1 3 2 1 0 2 0 1 3 3 2 0 0 2 1 0 2 3 2 1 0 0 1 2 1 0 2 1 2 2 0 0 0.5166298428 1
2 2 0 0 1 3 0 0 2 2 3 2 0 1 1 2 0 1 3 3 1 0 1 2 3 0 1 0 2 0 2 3 2 0 1 3 0.304113536 1
1 2 1 3 0 0 1 0 3 0 0 1 3 3 2 0 1 2 2 2 3 3 3 2 1 0 0 0 0 2 3 1 2 1 1 0 0.4472135955 1
0 2 3 0 3 0 3 2 3 2 2 0 1 2 3 3 3 1 0 0 0 1 2 3 3 2 0 0 1 3 0 0 3 3 2 0 0.3188538438 1
1 0 3 1 1 1 1 3 1 2 2 1 1 2 2 0 3 0 2 0 2 3 0 2 0 0 3 0 1 1 1 0 1 3 1 0 0.4052420579 1
3 3 2 1 3 3 0 2 2 0 2 2 1 1 0 3 3 3 3 1 0 3 1 1 3 3 0 1 0 0 0 2 2 0 2 3 0.279388968 1
0 2 3 0 1 0 3 1 3 0 3 2 1 3 3 1 1 2 1 2 2 2 3 1 0 3 0 1 3 2 0 3 3 1 3 1 0.3302867025 1
1 1 1 0 0 0 1 3 3 2 3 2 2 0 3 1 3 0 1 0 2 2 2 3 2 3 0 3 2 1 3 2 2 1 1 2 0.288894617 1
0 2 0 1 3 1 2 0 1 3 0 3 3 1 2 2 0 1 0 3 3 0 1 2 3 3 3 1 0 1 1 3 0 2 1 3 0.2850346585 1
2 2 3 0 2 2 0 1 2 1 1 3 0 0 0 3 0 2 1 1 2 1 2 3 1 1 2 2 3 0 3 3 0 2 2 1 0.3661455846 1
3 3 0 0 0 0 2 1 2 3 3 1 0 2 1 0 2 2 3 2 3 3 3 1 0 2 3 3 3 2 0 2 2 2 1 3 0.3302867025 1
2 0 0 3 0 0 0 2 1 2 0 1 1 0 3 2 0 1 0 1 0 1 1 2 2 2 3 2 0 0 0 1 3 3 1 0 0.3816000776 1
3 1 0 0 1 3 1 3 0 1 2 1 0 1 3 2 1 3 1 3 1 0 0 3 1 1 0 1 3 0 3 0 2 2 1 1 0.3418020796 1
3 2 1 2 3 0 1 3 3 3 0 3 2 1 0 1 1 0 3 0 0 0 2 2 3 0 0 0 2 0 1 3 1 3 3 1 0.304113536 1
3 2 0 2 1 3 3 1 0 0 2 0 3 0 1 2 0 0 0 1 2 0 1 3 3 0 2 2 3 3 0 1 2 1 3 0 0.282163914 1
3 0 3 3 1 1 3 2 0 0 3 2 0 0 2 1 3 3 0 2 0 0 3 0 2 1 1 2 2 2 2 0 3 1 3 0 0.3698994287 1
3 3 2 1 1 1 1 0 3 3 2 0 2 2 2 3 0 1 2 0 3 1 0 2 2 3 1 2 0 1 2 3 2 2 3 0 0.2825766451 1
3 1 2 2 2 3 2 2 1 1 1 2 2 0 2 3 1 1 3 3 2 0 1 1 2 0 0 0 3 3 3 2 2 2 3 3 0.4101114678 1
2 2 0 0 2 1 0 0 2 1 3 3 0 1 0 3 2 1 1 1 2 2 1 3 0 1 0 2 3 2 1 3 1 3 2 0 0.4142135624 1
0 1 2 3 2 2 0 1 1 0 2 1 3 3 2 2 0 0 3 3 2 3 0 1 2 3 0 0 1 2 2 0 2 2 3 1 0.2898979486 1
2 3 2 0 1 1 3 3 3 0 3 0 2 1 0 0 1 1 3 3 1 3 2 0 3 3 3 0 0 3 0 1 0 0 0 0 0.5166298428 1
0 2 0 1 1 1 3 2 3 0 1 0 3 0 3 0 0 1 1 2 1 2 3 0 3 3 1 1 1 3 3 0 1 3 0 3 0.3426035147 1
0 0 3 2 0 3 3 3 3 0 1 2 3 2 2 2 3 2 3 1 1 2 3 1 3 3 1 2 2 3 3 0 3 0 1 0 0.3142042283 1
2 3 2 1 0 0 2 3 2 2 1 0 0 2 0 2 0 3 3 0 1 1 3 2 2 3 1 1 0 1 1 0 0 0 3 2 0.4627853301 1
2 3 0 1 1 1 3 3 0 1 2 1 3 2 1 1 3 1 3 0 2 0 0 3 0 1 0 3 3 3 0 2 0 2 1 2 0.3418020796 1
0 3 0 2 2 3 3 1 2 1 1 1 3 1 3 1 2 2 3 0 3 1 3 1 3 3 0 1 0 1 1 2 0 3 3 2 0.2850346585 1
2 1 2 1 1 2 2 0 0 1 2 1 1 3 0 1 1 3 1 2 0 2 2 1 2 1 3 0 2 3 1 1 1 2 2 1 0.4184720066 1
0 3 3 0 2 1 3 0 2 2 0 1 2 2 1 1 1 3 0 0 1 3 1 2 3 1 3 2 0 1 3 2 3 2 0 1 0.3102148911 1
3 3 3 3 0 2 2 0 1 0 1 3 1 2 0 2 3 0 3 1 2 1 3 0 1 3 0 1 0 0 0 0 1 0 0 3 0.4142135624 1
1 2 0 3 0 2 3 0 3 2 1 0 1 1 1 2 1 2 3 0 0 1 1 1 1 3 3 0 1 1 2 2 0 3 3 0 0.3092983413 1
2 0 0 3 1 1 0 2 0 3 2 0 3 2 0 3 3 3 1 3 2 3 2 1 1 3 1 2 0 1 3 3 0 2 0 0 0.282163914 1
3 2 1 3 3 2 2 2 3 3 3 2 0 3 2 0 3 0 0 1 0 1 3 1 3 1 1 1 1 3 1 1 0 0 0 2 0.4286189735 1
2 1 3 3 0 1 2 2 3 0 3 3 1 0 0 1 3 2 1 2 3 1 3 2 3 1 1 3 1 0 2 3 1 1 0 0 0.5927255389 1
3 3 2 3 2 1 3 3 0 1 2 1 0 3 0 3 3 2 2 2 1 0 0 1 1 1 3 0 3 2 1 2 0 3 1 2 0.3908225933 1
3 1 3 0 2 1 0 1 3 2 0 0 1 1 1 1 3 1 0 3 2 1 2 3 3 2 3 1 3 2 3 1 3 1 1 0 0.3126595927 1
1 1 3 0 2 3 3 1 3 3 1 3 0 0 0 1 1 3 2 0 1 2 2 2 2 1 2 3 1 1 0 1 2 3 1 3 0.4037797985 1
3 0 2 1 1 0 0 2 0 3 1 2 1 3 0 0 2 0 1 3 2 2 0 0 1 2 0 0 3 3 1 3 2 2 1 2 0.304113536 1
2 2 2 1 0 1 0 1 3 2 0 2 1 3 1 0 2 3 0 0 3 0 3 1 3 3 2 1 2 0 1 2 3 2 2 3 0.4184720066 1
1 3 0 3 2 3 1 2 0 1 3 1 3 0 0 3 0 2 3 0 2 1 2 1 2 3 1 2 3 0 2 0 3 2 0 3 0.2832488209 1
1 1 0 2 2 0 3 3 3 1 1 0 1 1 1 0 3 0 2 2 3 3 1 3 1 1 0 1 2 2 3 1 2 1 1 3 0.4472135955 1
2 0 0 0 1 2 0 2 0 1 2 2 0 3 2 2 0 1 1 1 2 2 0 0 1 3 3 2 1 2 0 1 1 1 2 3 0.3102148911 1
3 3 1 3 0 0 1 2 3 1 2 0 3 0 3 2 2 2 0 2 0 0 1 2 0 2 2 2 1 2 3 1 1 3 0 0 0.3005423822 1
3 3 1 0 0 3 3 3 0 0 0 0 1 2 0 2 1 2 0 2 0 1 2 3 2 1 1 1 0 2 2 3 2 3 3 0 0.2836058351 1
1 1 0 3 1 3 2 1 2 1 3 1 1 3 0 2 3 3 2 1 2 1 3 2 2 2 0 2 3 2 0 0 1 1 0 3 0.5071671483 1
1 2 1 2 3 2 2 1 1 3 3 2 3 0 0 2 2 3 0 2 0 3 1 0 1 0 2 2 3 1 1 1 3 1 2 3 0.2984058257 1
2 2 2 2 1 0 2 2 0 2 0 2 3 0 0 1 3 0 0 3 3 1 2 2 1 1 3 3 1 2 1 0 3 0 0 1 0.3314388929 1
2 1 1 2 3 2 0 1 3 1 3 3 2 3 1 3 1 2 1 0 0 3 2 1 2 1 3 1 0 3 0 2 1 0 1 3 0.3102148911 1
1 1 2 2 1 3 3 1 1 0 2 1 1 3 2 2 0 3 1 0 0 2 3 3 2 2 0 2 0 3 1 0 1 1 0 1 0.4472135955 1
1 0 1 0 1 2 3 1 0 0 2 0 2 2 0 1 2 0 2 0 3 2 2 3 0 1 1 1 1 1 0 0 0 2 3 3 0.3157755779 1
2 3 1 2 1 1 0 1 2 0 3 1 0 3 3 3 1 0 2 2 2 0 1 2 1 3 2 0 1 2 2 2 3 2 2 1 0.2872959339 1
3 1 2 0 2 2 2 0 0 1 3 2 0 3 2 1 2 3 2 0 2 2 1 2 2 2 0 3 0 1 0 2 2 3 2 1 0.375585761 1
0 3 2 0 2 3 0 1 0 1 3 3 2 1 3 3 1 3 2 1 2 2 0 0 0 0 0 3 0 2 1 3 1 1 3 2 0.3210538243 1
1 1 0 0 0 3 3 3 0 0 1 2 1 0 2 3 0 0 2 2 1 3 2 1 0 3 3 3 2 1 1 1 3 0 3 2 0.3847411572 1
3 1 3 3 1 3 3 2 0 0 3 1 0 0 2 1 1 0 3 2 2 2 0 1 2 0 2 3 3 2 2 2 2 0 3 2 0.6792850868 1
2 1 0 0 1 0 0 1 1 0 3 2 1 2 0 3 2 0 3 0 3 2 1 0 0 2 2 1 1 0 2 3 2 0 0 1 0.2898979486 1
2 3 3 0 0 1 2 2 2 1 3 1 3 3 2 0 0 3 1 0 1 2 1 1 2 3 2 1 2 0 0 2 0 0 3 1 0.3510801119 1
2 3 3 1 2 0 3 1 0 2 0 1 3 1 1 1 0 3 0 2 3 2 2 2 2 1 1 1 2 3 1 1 1 2 3 3 0.3397347183 1
1 2 2 1 2 3 0 3 3 3 3 0 0 3 2 0 2 0 3 0 3 1 1 3 3 3 0 2 0 3 2 1 1 1 1 1 0.3113608708 1
1 2 2 2 0 3 3 2 2 3 1 1 2 1 1 2 0 3 3 3 2 0 3 1 0 1 1 3 2 3 2 3 3 2 2 0 0.4101114678 1
3 1 0 3 3 3 0 1 1 3 1 3 1 1 1 0 3 2 2 0 0 1 3 3 0 3 3 0 0 0 0 3 2 1 3 2 0.363892531 1
2 1 0 0 0 3 2 3 0 3 3 3 1 2 1 2 0 3 2 1 1 2 3 2 2 2 3 0 2 3 2 0 2 2 0 0 0.3018893954 1
0 3 2 0 0 1 3 0 3 1 3 0 3 1 2 2 2 0 1 3 2 0 1 0 0 0 2 3 3 3 2 1 3 3 0 1 0.4037797985 1
3 1 1 0 2 0 2 2 2 2 2 0 3 0 0 2 2 0 0 1 1 0 1 2 1 0 3 3 2 2 0 3 0 2 3 0 0.4037797985 1
1 3 1 2 2 1 0 1 3 1 1 3 3 0 3 3 1 2 1 2 3 3 1 2 0 1 3 2 0 0 2 0 2 1 3 1 0.4037797985 1
3 0 1 3 0 1 2 2 3 3 1 0 1 1 3 1 1 1 1 0 3 1 2 0 1 2 3 0 0 3 3 3 1 0 3 2 0.4184720066 1
2 1 2 0 1 3 2 0 3 2 0 1 1 3 0 3 2 1 3 0 0 2 1 0 0 3 0 1 0 0 1 0 2 3 0 1 0.2898979486 1
0 1 2 3 1 1 2 1 1 2 3 3 3 2 3 1 1 0 3 1 2 1 1 2 3 0 3 1 0 3 1 3 3 2 3 3 0.5927255389 1
2 0 3 0 1 2 1 2 2 2 2 3 3 3 0 2 2 3 2 0 1 3 3 2 0 0 3 0 3 2 0 3 2 0 0 3 0.3024094072 1
3 3 3 2 1 1 3 1 2 3 2 0 1 2 1 1 3 2 3 0 0 3 2 0 3 1 2 2 1 0 0 0 1 0 2 0 0.3835303427 1
2 1 1 1 2 0 0 2 3 3 0 3 0 2 0 1 3 2 3 2 3 2 0 1 0 3 2 1 0 3 1 0 1 3 0 0 0.304113536 1
2 3 3 3 0 0 0 0 1 2 1 0 2 1 0 2 0 0 3 1 2 0 1 3 3 0 1 1 3 0 0 1 3 1 0 2 0.3321580531 1
0 3 1 3 2 3 1 0 0 2 2 3 0 2 2 1 3 1 1 0 2 1 1 2 2 3 0 0 1 1 3 2 3 1 3 3 0.4304465009 1
1 3 1 3 1 1 0 0 3 2 2 2 2 2 2 1 3 0 1 0 1 2 3 3 2 0 2 2 3 0 0 2 1 3 3 0 0.2898979486 1
1 1 2 0 1 1 0 0 3 2 3 3 1 1 1 3 0 3 3 1 1 1 1 1 3 0 1 1 1 0 3 3 0 2 1 3 0.4142135624 1
3 0 1 1 1 2 3 3 2 2 1 1 1 0 0 0 3 3 3 0 1 0 0 0 0 0 0 2 3 0 1 3 1 2 1 2 0.3392530566 1
2 2 1 3 1 1 2 1 0 3 3 3 2 0 1 0 0 2 1 3 3 0 3 3 1 3 3 2 1 0 3 3 0 2 2 0 0.452072287 1
0 3 1 3 1 0 3 2 1 0 0 0 2 2 1 2 3 0 2 3 2 2 3 0 3 0 2 3 3 3 0 0 3 1 0 2 0.3439144051 1
3 3 3 2 3 2 3 3 2 1 2 1 1 3 2 0 1 0 0 2 2 1 1 3 2 2 2 1 2 1 3 0 0 3 2 3 0.3397347183 1
2 1 0 3 1 3 0 1 0 0 1 2 1 0 2 3 2 3 2 3 0 2 0 3 3 2 0 2 0 1 3 2 1 0 1 2 0.3102148911 1
3 0 1 1 3 2 3 1 1 1 1 1 1 1 3 0 3 3 2 0 2 1 2 2 2 1 3 2 2 3 3 1 0 3 2 2 0.3913161409 1
0 0 2 1 0 2 2 3 0 1 3 3 3 1 3 2 0 0 3 3 3 3 1 1 3 2 2 0 1 2 2 2 0 3 0 3 0.3328827005 1
2 0 3 1 3 2 0 0 2 3 1 2 2 0 0 2 1 0 0 1 3 3 1 1 0 2 2 0 2 3 3 3 1 2 2 0 0.282163914 1
3 3 3 2 2 0 0 0 0 3 2 1 2 2 0 3 3 2 0 0 0 2 0 2 1 0 3 2 0 2 3 3 1 2 1 1 0.4472135955 1
3 0 1 2 1 0 1 0 0 3 3 3 2 1 0 1 0 3 2 3 2 2 0 0 1 2 0 0 0 0 0 1 1 0 0 0 0.6962154939 1
2 1 2 3 2 1 3 1 1 0 2 3 0 3 0 0 1 2 0 3 2 0 0 2 0 2 1 3 1 3 3 0 1 3 1 3 0.3210538243 1
3 3 0 1 2 0 0 0 0 1 1 2 2 2 2 2 3 0 2 1 1 1 2 3 1 3 2 1 2 1 0 2 0 0 2 2 0.3255563301 1
2 2 2 0 3 1 0 0 0 2 2 2 3 1 1 1 1 1 3 0 2 3 3 1 2 0 2 0 0 0 3 3 2 0 2 3 0.3418020796 1
1 3 0 0 1 2 2 0 1 1 0 1 0 1 1 3 0 1 3 1 2 0 3 2 2 2 1 1 0 3 3 2 1 1 0 1 0.4000414161 1
3 1 0 0 1 2 3 0 0 1 0 2 3 2 1 0 0 3 0 2 2 2 2 1 3 0 2 3 3 3 1 2 1 2 2 3 0.2832488209 1
3 1 1 1 2 1 0 0 1 0 0 1 1 1 3 3 0 3 3 1 1 1 2 0 1 1 0 1 3 2 0 1 2 0 3 3 1 1
3 3 3 3 3 2 0 1 1 2 3 1 1 1 1 2 0 0 0 2 2 0 1 2 1 3 2 3 0 1 0 0 0 1 0 1 0.3142042283 1
2 3 0 0 2 1 3 1 3 3 2 3 2 0 3 2 3 0 0 3 0 0 1 3 1 3 2 3 1 1 0 0 3 2 0 2 0.4472135955 1
0 0 2 2 1 3 3 2 0 3 1 2 2 1 2 0 2 0 0 3 1 1 3 0 3 3 3 3 2 2 0 3 1 3 1 3 0.6492741221 1
2 2 3 3 1 0 1 1 3 2 3 2 1 3 2 0 1 2 3 2 2 0 3 1 3 1 0 2 1 1 3 2 0 0 1 1 0.304113536 1
1 1 3 0 0 1 3 3 2 2 3 1 2 3 2 2 0 2 3 1 1 2 0 2 3 3 0 1 1 2 1 2 1 0 2 1 0.488281641 1
2 0 3 2 1 3 1 2 0 0 1 1 3 1 3 3 0 2 0 0 0 1 2 2 1 1 2 2 3 3 0 2 1 0 3 0 0.3444198082 1
3 0 1 2 3 3 0 3 1 2 0 0 3 3 0 2 1 3 0 2 1 1 2 3 1 2 1 2 0 3 3 2 1 2 0 1 0.304113536 1
1 2 2 2 1 2 0 2 2 3 1 2 1 2 0 0 0 2 1 3 3 2 0 0 2 3 3 2 2 3 3 2 2 1 3 1 0.5822647419 1
3 1 1 1 3 3 2 1 0 1 1 1 0 3 2 2 3 2 0 0 2 1 2 2 3 0 2 1 3 1 1 0 0 2 0 3 0.2850346585 1
0 3 1 3 2 1 0 3 2 1 1 1 2 1 2 1 2 3 2 0 2 2 2 0 0 3 1 2 0 0 2 3 1 2 3 3 0.3157755779 1
3 0 1 0 1 0 1 3 2 1 1 3 3 1 2 0 1 1 1 3 2 1 0 3 0 3 2 2 3 0 2 2 1 1 3 3 0.2918317294 1
2 0 0 2 1 3 1 2 3 3 2 0 0 1 3 2 3 3 2 1 1 3 2 3 2 2 3 0 1 1 2 0 2 0 2 1 0.3055166403 1
3 2 3 0 3 2 0 2 1 2 1 1 3 1 2 0 1 2 2 2 1 3 2 2 1 3 0 2 2 1 2 0 3 0 0 1 0.3439144051 1
2 2 0 1 0 0 2 0 3 1 0 1 1 1 3 1 3 1 1 1 2 2 1 0 3 2 3 2 1 1 0 3 0 2 1 0 0.3439144051 1
2 0 0 3 0 3 0 2 3 3 2 3 3 0 3 3 1 1 3 1 3 0 3 2 2 0 3 2 1 2 2 3 0 0 3 3 0.3133855929 1
1 1 2 1 1 1 3 1 3 0 1 2 1 3 1 2 0 0 1 3 0 3 0 2 2 3 1 1 2 1 1 3 0 3 0 1 0.4932215826 1
2 0 0 1 3 3 3 2 0 0 2 0 1 3 0 3 1 0 0 3 3 3 1 2 0 3 0 2 0 1 0 0 0 2 0 1 0.2850346585 1
3 0 0 1 2 3 2 1 3 1 3 1 3 0 0 1 1 1 1 1 1 1 0 3 2 0 1 2 0 2 0 1 0 3 0 3 0.3496707166 1
2 1 3 2 2 0 3 0 3 1 0 1 2 0 3 1 3 3 0 0 2 2 1 2 1 0 3 2 1 1 3 0 2 3 3 2 0.2898979486 1
1 0 1 2 2 3 0 3 2 2 3 1 2 0 1 0 1 3 1 0 2 3 2 3 2 2 2 0 2 0 1 1 1 2 3 1 0.6492741221 1
3 0 2 0 2 1 0 0 2 3 0 2 1 1 1 3 1 1 0 1 0 2 1 3 1 2 0 2 2 3 2 1 1 0 1 3 0.3142042283 1
0 0 3 0 2 3 2 3 3 0 0 2 0 2 1 2 2 1 2 2 2 2 0 3 3 1 3 2 2 0 1 2 2 1 3 1 0.3340670182 1
3 2 2 1 3 1 2 1 2 3 2 1 2 1 3 3 2 2 0 0 1 3 0 2 0 0 0 2 1 0 3 0 3 2 3 1 0.3572822687 1
0 0 1 1 2 3 0 3 2 2 0 2 3 1 2 1 3 3 1 0 0 0 3 3 3 1 0 2 3 3 3 1 1 1 1 2 0.5927255389 1
3 2 0 1 1 3 3 0 3 0 0 0 3 3 1 2 0 3 0 1 2 0 0 0 0 3 2 1 0 0 3 2 2 0 1 3 0.2984058257 1
3 0 0 3 3 3 0 1 1 3 0 0 3 3 1 2 3 3 2 0 1 0 1 2 1 1 2 1 3 1 0 3 1 0 2 3 0.4806853357 1
0 2 1 2 3 1 0 2 0 0 3 2 2 1 1 2 3 3 0 1 0 3 1 3 2 2 3 2 2 1 3 2 3 0 0 0 0.3835303427 1
3 2 0 1 3 1 1 3 3 2 0 3 3 3 0 2 0 2 1 1 2 1 3 3 0 2 2 3 2 3 0 2 2 0 0 3 0.4472135955 1
3 1 3 3 2 1 3 2 3 3 2 2 0 1 0 2 3 3 0 2 3 0 3 3 1 3 0 1 1 0 3 0 3 0 0 3 0.282163914 1
3 0 3 3 0 3 3 0 3 3 2 0 3 3 2 1 2 0 3 2 0 3 1 3 1 3 3 2 3 0 1 2 1 0 2 2 0.3200220867 1
2 2 1 2 0 3 3 3 3 2 3 0 0 3 0 1 1 0 1 1 2 1 0 3 0 3 0 1 0 3 3 0 1 2 1 3 0.2930491235 1
2 2 0 2 1 2 3 2 3 1 1 0 0 1 1 0 3 0 2 2 3 3 1 3 3 1 2 2 0 1 0 1 0 2 1 0 0.304113536 1
0 0 3 3 3 1 1 0 3 2 3 0 1 1 2 0 0 2 2 0 0 3 1 1 1 1 0 1 0 1 3 0 1 0 1 2 0.3210538243 1
3 0 1 2 3 0 0 0 2 2 0 3 1 0 2 3 0 3 1 3 3 3 2 2 1 2 0 1 1 0 3 0 0 1 1 2 0.348156794 1
1 2 3 3 2 3 0 0 3 2 3 3 3 1 0 2 1 1 3 0 0 3 2 3 3 3 2 3 3 2 0 1 2 2 3 3 0.4142135624 1
3 0 2 3 0 3 3 3 2 0 3 1 1 1 0 3 1 1 0 3 2 3 0 1 1 1 0 0 3 0 2 0 2 0 0 3 0.3069422669 1
2 2 2 2 1 0 0 2 1 2 3 2 0 1 0 3 3 0 3 2 2 0 1 0 2 2 3 0 1 3 0 1 3 3 1 1 0.3418020796 1
3 1 2 0 1 3 2 0 0 1 2 0 1 2 3 3 1 3 0 1 2 0 0 1 1 2 2 1 0 2 3 1 0 2 0 3 0.2804379536 1
2 0 0 3 1 3 2 1 0 0 2 3 2 2 1 1 1 3 0 2 3 1 2 0 0 3 2 3 3 2 3 3 1 3 2 0 0.3302867025 1
1 2 2 3 3 2 3 1 3 2 2 1 0 2 1 1 2 1 0 2 0 0 1 0 1 1 3 3 3 0 2 3 0 1 1 0 0.2887244073 1
0 1 1 0 2 0 1 1 2 1 0 1 2 3 2 2 1 1 3 0 2 1 1 3 3 2 2 1 1 3 1 2 2 0 0 1 0.3183767839 1
3 0 2 0 0 2 1 1 0 0 2 3 1 0 2 2 3 3 0 2 0 0 2 1 2 1 2 2 0 1 2 2 0 1 0 0 0.3273351788 1
3 3 2 3 3 0 3 2 1 1 2 3 2 2 2 2 0 1 0 0 2 2 1 1 0 3 2 2 3 0 2 1 2 0 0 0 0.363892531 1
3 0 1 0 3 3 1 1 2 0 0 0 0 0 2 3 3 3 3 2 2 0 0 1 2 0 3 1 1 3 1 3 2 0 2 1 0.388756727 1
1 0 2 2 3 2 2 0 0 3 1 1 3 3 0 3 0 0 0 0 1 2 3 2 0 3 0 1 2 1 3 1 2 0 0 0 0.3321580531 1
1 0 1 1 2 3 3 3 0 1 3 0 2 2 3 1 1 2 0 3 1 2 3 2 0 3 3 1 3 0 2 3 3 0 2 3 0.3142042283 1
3 2 0 1 0 1 2 1 3 0 1 1 0 3 0 3 3 2 2 1 1 0 1 2 0 1 3 3 0 3 3 0 0 0 0 1 0.3913161409 1
0 2 0 3 2 0 2 3 1 2 3 0 3 0 1 3 1 2 2 1 1 3 0 1 1 3 1 2 2 0 0 3 2 3 1 0 0.4334666118 1
0 2 0 2 3 2 3 3 3 1 1 3 2 0 1 2 0 0 2 3 0 1 3 1 3 3 3 1 2 0 1 0 0 0 0 2 0.3572822687 1
1 1 2 0 2 2 0 0 0 1 0 3 0 0 2 0 3 0 0 3 0 3 3 3 2 3 3 0 3 0 3 2 0 0 1 1 0.5198763369 1
3 3 0 1 2 1 0 0 3 2 3 2 2 1 0 3 1 1 0 1 3 3 2 3 1 2 0 3 1 1 1 1 0 1 2 1 0.4076499498 1
2 2 0 1 0 1 0 0 3 0 2 0 2 2 3 0 1 3 0 2 3 0 3 0 0 2 0 1 2 1 2 3 1 2 3 3 0.30137244 1
3 1 0 2 3 1 3 3 0 1 2 0 0 1 1 3 1 0 3 1 2 1 2 0 1 0 0 2 0 3 0 2 2 1 0 0 0.3597564272 1
2 1 0 2 3 2 1 3 3 3 1 1 1 3 0 0 2 0 1 0 2 3 3 3 1 0 1 2 1 1 3 1 3 1 1 0 0.2984058257 1
0 0 1 0 3 2 0 0 2 3 1 2 1 3 2 1 3 1 1 2 0 0 2 1 1 2 2 3 1 0 1 3 2 1 3 2 0.5071671483 1
2 1 3 2 2 0 3 3 3 3 0 1 0 0 1 0 1 3 3 0 1 1 1 1 0 2 3 1 3 2 1 2 2 0 1 1 0.3173744686 1
3 3 2 2 1 2 2 3 3 2 2 0 0 2 3 2 3 1 3 0 1 2 2 2 1 3 3 0 1 2 0 0 1 3 0 0 0.5268548582 1
1 0 1 0 0 2 2 2 2 1 3 0 0 3 0 1 2 2 0 2 2 0 0 0 3 0 3 0 0 3 0 3 3 2 0 3 0.3126595927 1
3 3 0 3 0 3 3 1 3 0 0 2 1 3 2 3 2 3 2 2 1 3 1 2 0 3 0 0 2 0 3 1 2 2 0 0 0.4257225336 1
0 0 3 0 3 0 1 0 0 0 2 2 1 3 0 1 2 3 3 3 0 1 3 3 1 1 0 1 2 0 2 2 3 0 0 2 0.3314388929 1
2 2 0 1 0 2 0 0 3 2 1 3 2 1 3 2 2 2 2 0 2 1 3 0 3 1 1 0 0 3 0 2 3 0 1 2 0.363892531 1
1 0 3 1 1 1 3 3 0 3 2 3 2 2 1 1 2 0 1 3 1 2 3 0 1 3 1 0 0 3 0 0 3 0 3 1 0.2898979486 1
0 1 3 2 3 0 3 1 3 1 2 2 2 3 2 0 0 1 0 2 1 1 0 0 0 3 1 2 3 1 0 3 2 2 1 3 0.3102148911 1
3 2 3 0 3 0 3 2 1 2 3 0 1 3 1 3 0 1 1 1 2 2 2 3 3 0 0 0 0 3 0 2 3 2 3 1 0.311497102 1
3 1 0 3 1 2 1 2 3 0 3 1 3 1 3 0 0 0 1 3 2 3 2 1 3 3 1 2 3 3 3 0 2 0 3 0 0.3665354679 1
0 2 3 0 1 0 2 2 3 1 1 0 0 0 2 0 1 2 2 0 2 1 3 1 2 1 0 2 2 0 0 2 2 2 0 2 0.3200220867 1
0 3 3 3 0 3 0 3 2 1 1 1 3 2 2 0 0 1 0 1 1 3 2 2 0 0 3 2 3 3 2 2 1 3 0 1 0.3005423822 1
1 0 0 2 2 3 3 3 2 1 0 1 2 1 2 3 0 0 0 2 2 3 2 0 0 1 3 3 2 1 2 1 3 2 3 2 0.3474320193 1
3 0 2 2 0 2 2 0 0 2 0 3 1 1 0 1 2 1 3 1 2 2 1 1 3 0 2 2 3 0 2 0 3 0 0 3 0.6670121829 1
2 3 0 3 0 2 2 1 3 0 1 1 1 0 1 2 0 0 2 0 1 1 3 2 0 1 3 3 3 3 2 3 3 1 3 3 0.4142135624 1
0 3 1 2 3 1 2 2 1 1 3 1 1 2 1 0 0 1 1 0 3 1 0 3 2 3 3 1 2 3 2 0 0 2 0 1 0.3157755779 1
2 1 1 0 0 1 3 0 3 2 1 2 1 3 0 1 2 3 3 2 0 0 2 1 2 2 3 2 0 3 1 3 1 1 0 0 0.388756727 1
0 0 3 2 3 1 0 2 0 0 3 3 1 1 1 1 0 3 2 0 2 0 3 3 0 2 1 1 1 1 2 0 0 2 1 1 0.375585761 1
2 3 1 2 3 0 1 0 0 3 2 1 3 3 0 3 2 2 0 3 3 1 3 0 3 1 0 1 2 2 3 3 3 1 0 2 0.363892531 1
0 2 1 2 3 3 2 0 0 2 0 3 1 3 3 0 2 0 1 2 3 1 3 1 0 0 0 0 0 0 3 0 2 1 3 1 0.4472135955 1
2 2 1 0 2 1 2 2 1 1 2 2 1 3 3 3 3 3 1 2 3 1 3 0 0 1 1 2 0 3 1 0 3 2 3 3 0.7497091866 1
1 3 0 3 2 3 0 1 0 2 0 3 2 3 2 0 2 1 2 2 3 2 0 2 1 2 0 2 1 2 2 0 1 2 0 1 0.375585761 1
1 3 3 2 0 1 0 2 1 1 1 3 1 1 0 3 0 1 0 0 0 1 1 3 3 3 2 3 1 2 0 0 3 3 3 0 0.3142042283 1
1 1 1 1 3 1 0 0 2 0 2 1 1 0 1 0 3 0 1 3 1 1 1 3 0 2 0 3 0 1 3 1 1 2 3 0 0.363892531 1
3 0 3 0 1 0 3 1 3 2 2 1 2 1 2 3 2 1 2 0 0 2 0 1 0 3 3 0 1 1 0 2 0 1 3 3 0.3142042283 1
1 2 3 2 3 1 3 1 1 2 3 0 1 3 1 3 1 1 0 0 0 1 2 3 2 3 2 1 0 3 2 3 0 1 3 1 0.5531708459 1
1 3 0 3 1 2 3 2 1 2 2 0 2 1 1 1 3 0 3 0 3 2 3 0 3 3 0 1 0 2 1 1 2 1 3 3 0.2918317294 1
2 2 1 0 0 2 2 0 0 0 2 3 0 3 1 1 0 1 2 2 3 0 3 1 2 0 2 3 0 1 3 2 1 1 2 1 0.3709615778 1
1 1 1 2 2 1 0 0 2 1 3 3 1 0 1 0 1 0 0 2 2 1 0 1 3 3 3 3 3 1 0 2 2 3 2 0 0.5166298428 1
1 2 2 3 3 1 2 2 3 2 3 0 3 3 0 1 1 1 3 2 1 1 3 1 0 1 1 1 3 1 1 3 2 2 0 1 0.2938102447 1
1 1 3 0 2 2 2 3 3 0 2 2 1 1 3 1 2 3 3 3 3 1 0 1 3 2 3 1 3 0 1 0 2 2 0 3 0.363892531 1
1 2 3 1 3 0 2 3 2 1 3 0 2 3 0 3 0 3 1 1 3 1 3 2 1 0 0 2 2 1 1 1 1 3 1 1 0.282163914 1
3 3 2 2 0 0 3 1 3 0 2 1 1 3 0 1 0 1 2 2 3 2 2 2 1 2 1 0 3 3 1 1 1 1 0 0 0.3005423822 1
0 1 1 2 0 3 0 2 0 1 0 2 0 3 3 2 0 1 1 2 0 1 0 0 2 1 3 2 0 1 3 3 2 2 1 0 0.3474320193 1
3 1 1 1 2 2 0 3 3 0 2 3 1 3 0 2 0 2 1 0 3 0 2 1 1 1 1 3 1 1 0 2 2 1 3 3 0.3005423822 1
3 2 2 0 2 1 3 1 1 3 3 0 1 2 1 3 3 3 2 2 0 2 3 2 3 0 1 2 0 3 3 3 3 3 0 0 0.3005423822 1
1 2 3 1 1 0 0 3 1 3 3 3 0 3 2 0 3 0 1 2 0 3 0 0 2 1 3 2 2 0 1 2 3 1 2 1 0.6792850868 1
2 3 0 0 0 1 1 0 0 0 2 3 0 2 1 3 0 0 0 2 2 2 0 1 0 3 3 2 0 0 0 0 3 1 1 3 0.2910879078 1
0 0 0 2 2 2 0 1 1 2 1 0 0 1 1 2 1 2 1 0 3 1 2 1 3 0 3 3 2 2 0 3 1 3 1 3 0.4184720066 1
2 2 0 0 2 2 3 2 3 1 0 3 3 1 1 1 3 0 3 0 3 0 1 3 0 0 2 1 1 2 1 2 0 1 1 1 0.309647329 1
3 0 3 2 2 3 0 0 0 0 2 1 1 1 3 2 3 0 1 3 3 1 0 1 0 0 2 3 3 3 0 1 0 2 3 3 0.3572822687 1
3 3 2 3 2 2 0 0 2 3 0 3 3 0 1 3 1 1 0 2 0 1 3 3 1 1 0 2 2 0 3 0 2 0 1 2 0.3418020796 1
1 2 1 3 1 3 0 2 2 1 3 0 2 1 1 0 1 2 0 3 2 3 1 2 3 3 2 1 2 1 3 1 2 3 1 1 0.3055166403 1
1 1 1 1 0 1 2 1 0 1 1 0 2 3 0 1 0 1 0 0 1 1 3 3 0 2 0 2 3 0 1 0 3 3 2 2 0.3210538243 1
3 1 0 2 2 2 2 0 0 3 3 1 2 3 0 2 0 3 2 0 1 2 0 1 2 3 2 2 0 0 2 1 2 0 0 1 0.304113536 1
2 3 0 0 0 2 1 0 0 1 2 2 1 0 3 3 1 2 1 0 2 0 2 1 0 1 0 3 2 0 3 0 2 1 1 0 0.2984058257 1
2 2 1 2 1 3 1 3 1 3 0 0 0 0 0 1 1 0 1 2 2 2 2 1 1 2 2 0 0 1 2 0 3 2 3 2 0.388756727 1
3 3 0 1 1 1 2 1 3 2 3 3 3 0 3 0 2 1 2 3 2 3 3 0 3 2 3 0 1 1 1 1 0 2 1 3 0.3255563301 1
3 3 2 0 0 0 1 2 1 3 3 0 0 1 1 2 1 3 0 1 1 1 1 2 2 0 0 2 2 2 2 2 2 3 0 1 0.3842770335 1
3 1 1 2 1 2 0 0 3 3 0 2 3 0 2 3 1 3 0 1 2 3 3 2 0 0 0 0 1 1 0 0 0 2 0 0 0.3005423822 1
1 2 3 3 0 2 2 2 3 3 2 3 3 2 3 2 1 0 1 3 0 2 2 2 1 3 1 0 1 2 1 3 0 2 3 3 0.3572822687 1
1 2 2 1 0 3 3 1 3 0 3 1 0 0 3 1 2 1 2 1 0 0 3 2 3 1 1 1 2 0 1 2 0 0 3 1 0.3474320193 1
1 3 0 2 0 2 0 1 2 1 3 1 3 0 1 0 3 0 2 2 0 3 1 0 2 0 3 0 2 1 2 3 2 2 1 2 0.3102148911 1
2 0 1 0 1 3 3 3 3 1 3 1 1 2 3 1 3 3 0 1 3 1 2 1 0 2 1 2 0 0 1 0 0 2 1 3 0.4472135955 1
2 1 1 2 1 2 0 0 3 0 1 1 2 1 3 1 2 0 1 3 3 2 2 2 1 2 3 1 3 0 2 0 1 2 1 2 0.2858912294 1
3 2 1 1 3 2 1 0 0 0 3 1 1 3 1 2 1 1 1 0 3 0 3 2 3 0 1 1 2 3 2 0 2 3 2 0 0.4565940367 1
1 3 3 2 2 3 2 1 3 2 3 2 0 3 1 0 2 0 2 1 1 1 0 3 3 1 3 2 0 0 2 2 2 0 0 2 0.3474320193 1
1 2 0 1 0 1 1 2 0 2 1 2 1 2 0 2 2 2 3 0 1 0 2 2 1 3 3 3 3 2 1 0 0 0 2 1 0.3847411572 1
2 2 2 2 0 2 2 0 3 2 0 1 1 1 2 0 3 3 3 3 1 2 3 0 1 2 0 1 1 2 0 3 1 3 2 0 0.3572822687 1
2 1 3 0 3 2 2 3 1 2 3 3 1 0 2 0 0 3 1 0 2 1 2 1 2 0 3 1 2 3 1 3 3 1 2 0 0.3835303427 1
2 1 0 0 1 1 2 3 2 1 0 3 0 3 2 3 2 2 1 0 3 1 3 1 0 2 1 2 2 1 2 2 2 1 2 3 0.4472135955 1
0 2 1 3 0 3 3 3 0 0 3 3 0 3 2 0 3 3 0 0 1 1 2 2 1 1 2 0 2 2 3 0 3 0 3 0 0.2853040452 1
1 2 0 0 1 0 0 1 1 0 2 0 1 3 3 0 0 0 1 1 2 0 2 1 1 0 1 3 2 1 2 0 1 2 3 2 0.2857269627 1
0 3 0 3 1 1 1 0 2 2 3 2 1 0 0 1 3 1 3 3 1 1 3 1 1 2 3 0 3 1 0 0 3 0 0 1 0.4472135955 1
1 0 1 3 3 3 3 0 0 2 1 3 1 1 1 1 3 0 3 2 2 1 0 0 2 1 3 2 0 3 2 0 0 3 0 3 0.3426035147 1
1 2 0 0 3 3 2 0 2 3 0 2 2 0 1 1 1 0 0 0 3 1 1 2 2 1 1 1 3 0 3 1 2 0 2 2 0.3321580531 1
3 1 1 0 2 0 1 3 0 0 2 0 3 3 0 3 0 2 1 1 3 2 2 0 3 1 2 0 3 3 3 1 0 3 1 0 0.3142042283 1
2 2 2 1 2 3 0 3 0 1 2 3 2 2 2 1 3 1 1 2 1 1 3 1 3 3 2 0 1 2 2 2 3 3 0 1 0.3421074211 1
1 1 2 1 2 3 3 2 1 1 2 0 2 1 1 0 0 3 1 3 0 1 1 1 0 3 0 0 3 1 0 3 3 2 1 0 0.5808052075 1
0 3 1 2 1 2 2 0 1 1 1 1 3 3 3 0 0 0 3 2 0 3 1 2 2 0 1 3 2 2 0 1 1 1 3 3 0.3005423822 1
1 1 0 2 1 2 3 0 1 1 1 3 1 2 0 3 0 3 3 3 1 1 1 3 3 1 3 0 3 0 1 1 2 1 1 1 0.2832488209 1
3 1 2 0 3 2 0 2 3 2 1 1 0 3 0 1 0 2 0 2 2 1 0 1 0 3 3 3 2 3 1 1 1 2 3 1 0.3063950271 1
2 0 2 1 1 1 3 3 2 0 1 2 0 0 2 3 2 3 0 3 1 3 1 0 2 0 3 3 0 3 1 0 2 2 0 1 0.4334666118 1
3 0 2 3 0 2 0 0 2 1 1 0 1 2 1 0 1 3 0 0 1 3 3 1 3 3 2 0 1 3 3 0 2 3 3 1 0.363892531 1
1 3 1 1 2 1 3 1 0 3 2 3 1 0 3 2 0 3 1 2 0 3 2 2 3 1 0 3 0 3 2 0 3 1 2 1 0.4142135624 1
3 1 1 0 2 3 2 1 3 2 2 3 0 3 3 1 1 2 1 2 0 1 2 1 1 0 2 1 0 1 3 2 3 0 3 1 0.3102148911 1
2 1 0 3 0 3 0 2 1 3 1 3 0 2 1 2 3 2 2 0 1 0 3 3 0 2 0 1 0 3 1 3 2 0 0 0 0.4142135624 1
1 2 0 1 2 2 2 0 2 2 2 0 1 0 0 1 0 3 2 2 2 1 3 2 3 3 1 1 3 0 3 0 2 0 2 1 0.4565940367 1
2 2 0 3 3 0 2 3 1 2 0 3 0 3 1 1 3 1 0 2 2 3 2 0 1 2 2 3 3 2 2 3 2 3 2 2 0.3005423822 1
2 2 3 2 2 1 1 3 3 2 1 3 1 3 1 1 0 3 0 3 3 2 2 1 2 2 0 3 3 3 2 3 3 1 2 0 0.3563530578 1
1 2 1 0 0 3 0 0 1 2 3 3 0 1 2 3 3 0 1 3 0 3 0 3 1 3 0 2 0 2 3 2 2 2 2 2 0.2864008787 1
0 2 2 3 2 2 2 2 3 2 0 3 1 0 3 2 3 0 0 3 0 1 1 1 1 3 3 1 2 3 3 1 0 2 2 0 0.5453467918 1
0 0 2 3 2 3 2 0 1 0 3 2 0 0 3 3 3 2 1 1 1 3 3 2 0 3 0 0 3 3 0 1 3 1 3 0 0.4000414161 1
1 0 2 1 1 3 0 1 1 0 3 0 2 1 3 2 3 0 2 3 3 0 0 2 2 1 2 3 0 0 2 1 0 0 2 2 0.4142135624 1
3 3 2 0 2 0 0 2 3 2 0 0 3 0 2 2 1 0 0 1 3 2 1 1 2 0 0 1 1 2 2 0 2 2 3 2 0.3418020796 1
3 0 2 1 2 0 1 1 2 3 3 2 1 3 0 0 0 3 0 0 0 1 3 0 2 2 3 3 1 1 0 3 0 3 2 0 0.3126595927 1
3 0 2 0 1 3 3 1 2 1 1 1 3 0 0 3 0 1 2 0 0 2 2 3 2 3 0 0 2 1 3 3 0 1 0 1 0.2804379536 1
3 3 1 0 1 3 2 3 3 2 3 3 1 3 2 0 0 3 2 0 2 2 1 3 3 0 3 1 3 1 2 3 0 1 2 2 0.3418020796 1
3 2 1 3 0 0 2 2 3 2 1 0 2 0 1 0 0 1 1 0 3 1 2 1 1 3 1 1 2 2 1 1 2 0 3 1 0.2850346585 1
2 3 1 0 3 0 1 3 2 0 3 3 1 1 3 2 1 2 1 0 3 1 3 3 0 2 0 2 0 2 0 0 1 3 1 1 0.3142042283 1
2 0 3 0 0 3 3 0 0 2 2 2 1 3 3 2 2 0 0 3 2 2 1 0 1 1 0 2 0 3 0 2 0 1 3 2 0.282163914 1
3 2 3 2 1 3 2 1 0 0 1 1 1 0 1 2 3 2 2 3 0 2 2 0 1 3 3 3 1 0 3 1 0 3 1 2 0.5071671483 1
2 2 3 3 1 1 0 3 1 0 1 2 0 3 1 1 1 0 1 3 1 2 0 0 2 2 3 2 1 0 3 0 3 1 2 0 0.4472135955 1
2 1 2 1 2 1 1 0 3 1 1 1 2 3 3 0 2 0 1 3 1 3 3 0 2 1 1 2 0 3 1 1 1 0 2 0 0.3055166403 1
0 3 1 2 2 0 3 1 2 1 1 2 2 1 3 0 1 3 1 1 2 2 1 3 1 3 3 1 3 1 3 0 2 2 3 3 0.3835303427 1
3 3 0 3 0 0 0 1 2 0 0 2 3 1 0 0 3 0 1 3 3 0 3 0 2 2 2 0 1 3 0 3 1 0 1 3 0.3767080349 1
3 1 0 3 0 1 2 0 0 3 3 0 0 1 1 2 1 3 3 3 3 1 2 0 1 3 0 3 3 1 2 3 1 3 1 0 0.3397347183 1
2 3 0 0 1 3 1 3 2 1 1 1 1 3 1 1 0 3 0 2 1 1 2 3 0 3 2 0 1 2 1 0 1 2 0 2 0.363892531 1
3 0 1 3 1 2 2 0 0 2 0 2 1 3 3 2 1 2 1 0 2 2 0 0 1 2 3 3 3 1 3 0 1 3 0 0 0.5927255389 1
0 0 2 0 3 0 2 0 2 3 2 1 2 1 1 3 0 2 2 1 0 2 1 3 3 2 2 1 3 2 1 1 2 3 3 2 0.2903505128 1
2 0 0 2 1 3 2 1 3 2 0 0 2 0 3 3 3 3 1 2 3 2 3 0 1 2 0 0 2 2 2 2 0 2 3 1 0.3255563301 1
2 0 1 1 0 2 3 3 1 0 0 1 2 1 0 0 3 0 3 0 0 1 3 1 2 3 3 0 3 1 2 3 0 3 0 0 0.3262318082 1
1 1 0 0 0 3 3 2 0 0 0 2 0 0 1 3 1 0 0 0 1 1 0 1 0 2 2 1 2 2 2 1 3 1 2 1 0.5213554517 1
3 1 0 3 1 2 3 1 3 3 3 3 2 0 2 3 3 3 0 0 1 1 2 0 0 0 1 1 3 1 3 3 1 2 1 1 0.3210538243 1
1 3 0 1 1 3 2 3 2 1 3 0 2 1 2 3 2 2 0 1 1 3 1 3 3 1 0 2 3 0 0 3 2 3 2 1 0.4472135955 1
1 1 2 2 2 1 2 0 1 1 1 3 3 1 2 1 2 3 1 0 2 1 0 0 2 3 0 0 3 0 2 2 0 2 2 1 0.2969237719 1
3 0 0 1 1 1 2 3 1 2 1 1 0 2 0 1 1 1 1 1 2 1 2 0 1 3 2 3 3 1 3 3 3 3 3 1 0.4293135864 1
3 0 0 1 1 0 3 0 3 3 2 2 0 0 3 1 1 2 1 3 1 0 3 0 1 1 1 3 1 1 1 1 3 3 0 0 0.6164901188 1
0 3 0 2 3 3 1 0 3 1 3 3 3 2 1 1 3 1 3 1 2 0 3 3 2 0 2 3 0 0 3 0 1 3 1 3 0.3665354679 1
2 3 0 2 1 1 1 1 3 3 1 3 2 1 2 1 1 1 0 0 2 2 3 3 0 2 2 2 2 0 3 2 1 1 2 1 0.4565940367 2
3 1 0 1 1 3 0 1 3 2 1 0 2 3 0 1 0 3 0 0 0 1 3 2 0 2 3 1 0 2 3 3 0 2 3 1 0.2984058257 2
1 0 2 2 3 3 0 3 2 2 1 2 2 0 0 2 0 2 2 1 1 2 0 3 1 3 2 1 3 1 2 2 1 3 0 1 0.3280236425 2
2 1 3 1 1 1 1 2 0 3 1 0 3 0 1 2 2 0 1 0 0 1 2 2 1 0 3 1 1 3 3 2 0 3 3 0 0.4142135624 2
0 2 1 3 1 1 3 1 2 0 3 1 1 0 0 1 2 0 1 2 3 2 3 0 0 0 3 0 1 0 2 3 3 1 1 2 0.3737950927 2
1 0 3 1 2 2 0 0 3 0 0 2 0 3 3 1 0 3 3 2 3 0 3 3 3 3 1 1 1 2 3 0 1 0 3 0 0.3210538243 2
0 0 2 2 1 3 0 0 2 3 2 2 0 3 1 0 2 1 3 0 2 1 3 3 3 2 3 1 3 2 0 0 2 0 2 0 0.375585761 2
1 1 3 3 0 3 2 2 0 0 1 0 0 2 0 2 3 3 2 1 0 1 1 0 0 2 1 3 3 2 1 0 1 3 1 3 0.2898979486 2
0 1 1 3 0 2 3 0 3 2 2 0 0 1 2 3 1 0 2 1 2 3 0 1 3 1 1 0 2 2 3 3 3 2 3 0 0.304113536 2
2 3 1 1 2 0 3 1 2 0 1 0 1 3 1 2 2 3 1 3 0 1 2 2 1 2 3 2 1 2 1 0 0 3 1 0 0.3474320193 2
1 1 3 2 1 3 1 0 2 0 1 3 0 1 3 3 2 0 1 2 2 3 2 2 1 1 2 2 0 1 0 1 1 3 1 0 0.2984058257 2
2 1 3 2 1 1 0 0 0 2 0 2 3 1 2 1 1 2 0 0 2 2 3 0 0 1 2 1 3 0 0 1 1 3 3 3 0.4472135955 2
2 0 3 3 2 0 1 1 1 1 3 2 0 0 0 3 3 0 2 1 2 2 1 3 0 2 2 0 3 1 2 0 1 3 2 3 0.4142135624 2
3 2 0 0 1 3 2 2 1 3 3 0 0 2 1 2 2 0 1 3 0 0 1 3 3 3 3 2 0 1 3 2 2 0 2 2 0.6492741221 2
3 2 3 0 2 1 2 0 3 0 1 1 3 3 0 0 3 0 0 1 2 2 1 0 3 1 0 1 2 2 1 1 0 1 3 3 0.2898979486 2
3 0 0 1 0 3 2 1 0 1 1 2 2 2 1 2 0 3 3 3 3 0 0 1 1 0 0 1 2 1 1 3 2 1 0 0 0.3629008246 2
1 1 3 0 3 1 2 0 0 0 2 3 0 2 2 1 1 0 1 3 2 3 0 3 0 0 3 1 2 1 0 3 0 1 3 1 0.363892531 2
2 2 2 0 3 2 0 1 0 0 2 0 2 2 0 3 2 0 3 0 3 1 1 3 2 2 2 2 3 1 1 2 1 2 1 0 0.375585761 2
1 2 1 3 2 3 0 1 3 1 2 1 1 0 1 0 1 1 0 2 1 2 3 2 1 1 3 3 2 3 3 1 3 1 2 0 0.4142135624 2
0 2 2 2 1 2 0 0 1 2 0 1 2 0 1 2 3 0 1 3 2 3 2 3 2 0 2 0 0 3 2 2 3 3 1 1 0.375585761 2
0 2 1 1 2 3 2 1 1 1 2 1 0 0 1 0 3 3 2 2 0 1 2 2 3 1 2 2 3 2 1 2 2 1 2 3 0.2843480223 2
3 1 1 2 0 1 2 1 3 2 0 3 2 1 2 1 3 3 2 0 3 2 1 0 1 2 0 2 3 0 0 0 2 1 1 3 0.2868593513 2
0 0 2 0 0 2 1 3 2 1 0 0 0 3 1 3 1 0 2 1 0 1 2 2 1 1 1 2 3 2 2 0 1 2 3 1 0.7497091866 2
2 1 2 3 2 0 3 2 2 1 0 3 3 0 3 3 2 2 2 1 3 1 0 0 1 0 0 1 0 3 3 3 3 3 3 3 0.3572822687 2
0 1 0 0 0 0 3 0 0 1 0 2 1 0 1 1 0 0 3 1 2 1 1 1 2 2 2 3 3 2 3 1 3 1 3 0 0.304113536 2
2 2 3 2 3 3 1 0 3 1 1 1 2 1 1 1 3 0 0 1 3 2 2 1 0 1 1 1 3 1 1 2 3 0 1 3 0.4472135955 2
3 3 1 3 0 2 3 1 0 1 0 3 2 3 0 0 3 0 0 3 0 3 1 2 0 0 3 0 3 3 3 0 0 3 0 2 0.2811889801 2
3 0 1 3 3 3 1 2 1 3 0 3 0 2 1 3 3 0 1 0 2 3 1 2 2 0 0 0 1 0 2 3 1 3 2 3 0.3418020796 2
3 0 0 0 1 0 3 0 3 0 2 0 1 0 2 1 0 2 0 3 0 1 1 1 0 2 3 0 2 1 1 1 3 2 2 3 0.3102148911 2
3 0 0 2 0 1 2 2 2 1 2 3 0 3 2 0 2 0 3 2 0 2 2 1 0 1 1 1 1 3 2 2 1 0 2 1 0.2898979486 2
2 3 0 3 2 3 1 0 2 3 0 3 0 2 3 1 0 0 0 2 2 3 3 2 3 3 0 3 3 1 0 3 1 3 2 3 0.3005423822 2
3 3 0 1 3 2 2 2 3 0 0 0 3 1 2 2 1 1 1 0 2 1 1 1 3 3 0 2 2 2 3 2 1 0 3 3 0.4076499498 2
2 3 1 0 0 3 0 2 2 3 2 2 3 3 1 2 1 1 3 2 1 1 0 2 3 2 0 3 1 0 2 0 3 1 1 1 0.4142135624 2
1 0 0 1 1 0 0 0 1 1 0 0 0 3 2 1 0 1 2 0 1 0 0 1 3 0 3 0 1 3 0 3 0 0 0 2 0.3439144051 2
0 2 2 3 2 1 3 0 1 3 2 3 3 1 0 0 3 0 3 2 3 3 2 0 1 2 1 0 0 1 0 3 2 1 0 2 0.4142135624 2
3 2 0 3 3 1 1 1 1 2 3 2 3 2 0 3 0 2 1 1 3 1 0 0 3 1 3 1 3 3 1 3 3 3 2 2 0.2930491235 2
0 2 2 2 0 0 1 1 3 1 2 0 1 1 2 3 0 3 0 2 3 2 2 1 2 1 0 2 1 1 0 0 3 2 0 1 0.30137244 2
0 1 3 1 0 2 3 0 2 0 2 1 2 3 3 3 3 0 1 3 3 0 3 3 3 2 3 3 3 0 0 1 1 1 0 1 0.2974149874 2
1 3 1 2 3 1 3 0 1 0 1 0 1 0 1 2 2 0 1 0 2 1 1 1 3 0 3 2 0 3 0 3 1 0 2 3 0.3210538243 2
2 3 1 1 2 2 1 2 1 3 2 1 1 3 1 1 2 1 1 1 1 3 2 1 3 2 0 0 0 2 0 0 1 0 0 2 0.344733477 2
0 1 0 0 3 2 3 1 2 3 3 3 3 1 1 0 2 2 1 3 1 2 2 0 1 1 0 2 1 1 1 0 3 1 3 3 0.3418020796 2
3 2 2 1 0 2 0 1 0 0 0 1 0 2 0 2 2 2 2 2 0 0 0 3 2 0 1 3 3 1 2 2 3 0 0 3 0.2868593513 2
2 3 0 3 3 0 1 1 3 3 2 3 1 0 3 1 0 3 3 1 2 1 1 2 1 2 2 3 1 3 1 1 2 1 1 3 0.330997139 2
0 2 0 3 2 1 0 0 0 3 3 1 1 0 0 1 0 0 2 1 2 2 2 1 3 0 3 0 2 2 2 0 2 0 3 1 0.4334666118 2
2 2 3 1 2 1 0 3 0 0 1 0 2 0 1 2 0 3 3 3 0 1 1 2 0 0 1 2 0 3 3 2 3 1 1 1 0.4076499498 2
0 3 2 0 1 2 3 1 1 1 0 0 1 1 3 1 1 0 3 0 0 0 0 3 1 1 2 2 1 0 0 0 0 2 3 0 0.3648939865 2
0 3 2 0 2 2 0 1 0 2 1 0 3 2 2 1 1 3 1 0 0 3 1 0 2 0 3 0 0 3 3 0 1 2 1 3 0.3364806498 2
3 3 0 2 0 2 0 0 3 3 0 1 0 3 2 0 0 3 1 0 2 1 3 2 2 3 1 2 0 1 0 2 3 2 2 1 0.5336088039 2
3 0 2 1 2 3 1 0 3 3 1 2 1 0 3 1 1 1 3 2 1 3 2 1 2 2 2 0 1 1 3 3 2 2 1 0 0.388756727 2
0 0 0 3 2 3 3 2 3 2 3 2 1 3 2 1 3 0 0 0 3 3 0 1 2 2 0 1 0 2 3 2 3 3 1 3 0.3117179653 2
3 3 0 3 1 0 3 2 1 1 0 3 0 1 0 1 0 2 0 3 3 3 3 1 0 3 1 1 1 3 0 1 0 1 2 2 0.3709615778 2
2 1 2 3 2 0 3 0 0 0 3 3 1 1 2 3 0 0 0 3 2 1 3 3 1 2 2 1 3 2 0 0 0 2 0 0 0.2984058257 2
3 3 0 1 0 0 0 0 0 2 1 3 2 2 1 2 2 1 1 3 2 2 2 0 1 0 2 2 1 0 3 3 1 0 0 0 0.3392530566 2
1 0 3 0 0 1 3 2 1 1 3 2 2 1 2 3 3 0 0 3 1 0 3 2 1 3 0 1 3 0 3 3 3 1 2 3 0.2887244073 2
2 0 2 0 0 0 0 0 0 3 0 2 3 2 3 1 1 3 1 1 3 0 2 3 1 3 2 0 2 3 1 2 1 2 0 2 0.4037797985 2
3 0 2 3 2 3 1 1 1 2 2 3 2 0 1 2 3 0 0 3 1 2 0 2 1 2 0 1 3 2 0 2 0 1 2 3 0.3597564272 2
0 0 1 3 0 1 2 1 2 3 1 0 3 3 2 0 2 3 0 3 3 2 1 0 3 2 1 0 3 2 1 2 2 1 3 1 0.3762779394 2
2 3 1 0 0 1 1 0 3 0 3 2 3 2 1 2 1 1 0 1 1 0 2 3 3 3 0 2 3 1 0 0 2 1 1 1 0.3302867025 2
3 2 3 0 2 1 0 2 3 0 1 2 0 1 1 1 0 0 0 2 2 2 2 2 3 2 3 0 3 0 0 1 3 0 1 0 0.3126595927 2
3 2 2 1 2 3 3 1 1 2 0 3 0 2 2 0 0 3 0 0 3 0 2 2 0 2 2 0 3 1 1 3 0 3 1 2 0.3835303427 2
0 3 2 2 2 1 1 3 2 2 3 1 3 1 0 1 1 3 0 0 0 1 0 2 0 3 1 2 2 0 3 3 0 1 0 2 0.4142135624 2
0 3 0 0 3 3 3 2 0 3 0 2 1 2 2 1 1 2 2 1 1 0 2 2 2 3 0 3 1 2 0 1 3 2 2 2 0.3074928865 2
0 1 3 0 2 1 1 1 2 1 3 2 2 0 2 3 0 3 3 2 1 1 1 0 0 3 3 2 3 2 3 0 2 0 3 0 0.3411227695 2
3 3 3 3 1 1 0 1 1 0 3 1 3 1 1 3 1 2 3 3 3 1 1 1 1 2 2 1 2 0 3 0 2 1 1 3 0.282163914 2
0 2 1 1 1 3 0 3 2 0 2 1 3 3 0 3 3 1 0 1 3 0 0 0 2 3 1 2 1 0 2 1 1 3 0 2 0.375585761 2
3 3 2 3 2 1 1 2 1 1 1 0 2 0 1 1 2 2 1 0 0 1 0 2 2 2 1 0 3 3 2 1 2 1 3 0 0.3474320193 2
3 3 1 0 1 2 0 0 3 0 3 2 2 3 3 3 0 1 1 1 0 2 3 0 1 3 2 0 0 2 0 3 3 0 0 3 0.304978078 2
0 0 0 0 1 1 2 1 1 3 0 1 1 2 3 0 1 0 2 0 2 3 2 0 0 0 2 1 3 3 3 0 0 3 2 3 0.3496707166 2
0 1 0 3 3 0 0 1 0 3 3 2 3 2 0 0 2 3 3 0 2 0 3 0 0 1 2 3 1 1 1 3 0 3 3 3 0.4076499498 2
1 3 2 2 2 3 3 1 3 0 2 2 2 2 2 1 3 3 1 2 0 3 2 1 1 3 2 2 0 0 2 3 0 2 2 0 0.3210538243 2
2 2 1 1 0 0 0 3 1 2 1 0 2 3 1 3 1 3 3 2 2 2 1 3 1 2 2 0 2 3 2 3 0 2 3 1 0.3092983413 2
3 3 0 1 2 0 2 2 1 1 1 0 2 2 3 3 3 2 0 0 1 0 1 1 1 0 2 2 0 3 0 3 1 2 0 2 0.5071671483 2
3 2 2 1 2 3 1 0 3 1 2 3 1 0 2 3 1 3 0 0 0 0 2 3 0 3 0 3 2 1 1 0 0 0 2 1 0.4142135624 2
2 3 2 1 1 2 2 3 2 3 1 2 1 1 1 1 3 0 2 3 3 3 0 1 1 1 0 3 3 2 2 2 0 1 0 3 0.3102148911 2
2 1 3 0 3 1 3 2 0 1 1 1 1 3 3 1 3 3 2 3 3 2 0 3 2 1 3 2 2 0 1 3 1 2 1 1 0.2804379536 2
3 0 1 0 1 3 0 0 0 3 2 1 1 2 0 2 2 3 3 0 0 2 0 1 2 2 1 2 3 2 0 1 2 0 1 1 0.3727036241 2
2 2 0 1 1 1 2 0 3 2 2 2 0 2 3 1 3 3 0 0 1 3 1 1 3 0 0 3 3 2 3 1 3 2 3 2 0.3183767839 2
2 3 0 2 0 0 1 3 1 2 3 1 2 2 1 1 3 0 3 2 2 2 0 1 1 2 0 2 0 3 1 3 1 3 2 3 0.3510801119 2
3 1 3 2 0 3 3 2 3 1 2 1 1 2 0 0 2 2 0 0 0 0 1 1 1 0 3 3 1 1 0 1 1 2 1 1 0.4472135955 2
1 0 0 3 2 3 0 2 1 0 2 0 0 0 2 2 0 3 1 1 1 1 0 3 2 1 1 1 1 3 0 3 1 2 1 1 0.7497091866 2
0 0 1 2 2 1 0 2 2 2 2 1 3 1 2 1 0 0 0 2 2 0 3 3 1 3 2 3 1 0 2 3 3 2 3 3 0.317756027 2
0 0 2 3 2 1 0 2 2 0 1 0 2 1 3 1 1 2 1 1 0 0 2 2 3 0 2 1 1 2 1 3 2 0 3 0 0.3572822687 2
1 3 0 3 3 3 3 1 3 3 0 1 2 3 3 3 2 1 1 0 0 0 0 0 3 3 0 1 1 1 2 2 1 3 2 2 0.2980260261 2
0 2 3 0 1 0 3 2 1 0 0 1 2 2 3 0 0 0 0 1 0 0 0 2 1 3 0 3 1 0 2 0 2 2 1 2 0.2898979486 2
3 1 3 0 1 0 3 3 0 2 1 0 2 2 3 1 3 1 3 0 2 1 3 1 3 3 2 2 0 3 1 2 3 0 1 2 0.4472135955 2
2 2 1 0 2 2 3 2 1 1 3 1 1 3 1 1 2 3 1 3 3 3 0 3 3 3 2 3 2 1 2 3 2 3 0 1 0.2976033507 2
1 3 3 0 1 0 0 1 2 2 2 3 2 0 0 3 1 1 3 0 2 2 3 2 1 0 3 2 3 2 0 1 3 1 1 3 0.388756727 2
3 1 2 0 1 2 2 0 2 3 2 2 1 0 1 1 2 0 3 3 1 3 0 1 0 3 3 2 1 0 1 0 0 0 2 3 0.282163914 2
2 3 3 3 3 1 2 1 3 3 1 2 3 2 1 3 1 1 0 2 3 3 3 0 2 1 2 2 1 0 2 1 3 2 2 3 0.3210538243 2
3 2 2 1 0 0 3 1 3 2 2 3 1 2 0 1 1 0 3 0 0 3 2 2 1 2 2 2 2 2 2 2 1 3 2 3 0.289341856 2
2 3 1 1 3 3 1 1 0 1 1 0 1 3 0 1 3 1 3 1 0 1 2 2 3 3 0 1 0 3 0 1 1 1 2 2 0.2910879078 2
2 1 3 2 2 3 2 0 3 3 0 1 2 2 0 3 1 3 3 1 0 3 0 2 2 3 0 2 1 2 1 3 1 3 0 3 0.3835303427 2
0 2 3 2 0 1 3 1 3 3 3 3 3 2 1 3 0 3 0 1 0 1 1 0 2 3 0 2 0 2 0 3 3 0 2 2 0.3572822687 2
0 0 1 1 2 2 0 3 2 1 1 2 3 0 0 3 1 1 2 0 3 2 2 2 3 2 0 0 2 3 0 0 0 2 3 0 0.79210615 2
2 0 1 0 1 2 3 1 1 0 3 2 1 3 0 1 0 0 2 3 1 3 3 0 2 0 0 0 3 3 3 0 1 3 1 2 0.3665354679 2
2 1 3 0 0 1 2 3 0 0 3 1 3 2 0 1 0 0 1 1 0 1 1 1 3 2 2 0 1 0 3 0 2 2 3 3 0.3474320193 2
2 2 2 3 1 0 0 2 2 2 3 1 1 0 3 1 2 3 3 1 3 0 0 1 0 3 0 2 0 2 3 0 0 0 2 1 0.3572822687 2
1 2 3 0 0 3 1 0 2 1 1 2 1 2 0 1 0 0 2 2 2 0 2 1 1 0 1 3 3 3 1 0 0 3 0 2 0.4493617321 2
1 2 2 0 1 3 1 1 1 0 2 0 3 0 1 3 3 2 2 2 1 1 3 1 3 3 3 3 2 1 3 3 3 1 1 3 0.2910879078 2
1 1 3 2 3 3 3 2 1 1 2 0 3 0 0 3 1 0 3 0 1 1 3 3 3 3 3 0 1 3 3 0 0 3 1 3 0.2987143064 2
1 0 2 2 3 3 3 0 3 1 0 0 1 1 0 2 3 1 0 0 2 0 0 1 3 1 1 1 2 3 0 3 0 2 2 1 0.3005423822 2
2 0 2 1 0 0 3 1 0 3 2 3 3 0 0 0 0 1 3 0 3 2 2 2 2 3 0 2 0 3 0 0 2 0 3 3 0.4323036421 2
1 0 1 0 1 3 3 0 2 0 1 2 2 0 0 3 1 1 0 3 0 3 1 0 3 2 3 1 0 0 2 0 3 2 2 3 0.2804379536 2
1 3 3 0 3 1 2 2 1 2 2 2 3 2 1 1 1 1 0 0 3 0 2 3 2 2 0 3 0 3 0 0 3 2 2 1 0.2898979486 2
3 1 3 1 3 1 0 1 2 2 2 0 3 1 2 2 1 2 1 1 1 2 1 0 3 1 3 0 1 0 0 1 3 2 3 0 0.3321580531 2
2 3 3 0 1 3 0 1 3 2 3 2 1 3 0 0 3 1 3 3 0 0 0 1 1 2 3 3 2 3 1 0 0 1 1 2 0.2851353092 2
2 0 1 0 1 1 2 0 3 1 2 0 1 0 1 3 1 0 1 0 2 0 1 1 3 0 0 0 0 2 0 3 2 1 3 3 0.3210538243 2
2 3 2 2 1 1 2 1 0 3 0 1 2 1 3 2 2 3 0 0 0 1 0 3 3 0 3 0 3 1 0 0 2 2 3 2 0.4142135624 2
3 3 0 0 2 1 0 3 0 2 0 2 0 0 1 1 3 0 2 0 2 3 0 1 3 3 1 0 1 2 1 3 0 2 2 1 0.2898979486 2
1 2 0 2 1 2 0 3 3 3 2 3 1 1 1 3 0 0 1 1 1 1 1 0 2 1 2 0 1 3 2 3 1 0 0 2 0.304113536 2
0 0 2 3 2 3 0 3 3 0 2 3 1 3 2 1 1 3 0 0 1 0 3 1 2 3 2 2 3 0 3 2 0 2 2 2 0.3255563301 2
2 3 0 0 0 0 3 3 3 1 0 0 1 3 0 0 3 1 2 1 2 1 2 0 0 1 2 2 1 2 0 1 1 0 2 0 0.3173744686 2
3 0 1 3 0 1 3 3 3 0 0 1 1 2 0 0 3 1 1 2 0 3 2 1 1 0 3 1 3 2 1 3 0 1 3 0 0.5996278455 2
1 3 2 3 0 2 1 0 0 0 2 0 2 1 1 3 1 0 3 2 2 1 3 3 1 3 2 1 2 0 3 0 2 0 2 3 0.282163914 2
1 0 3 1 0 1 1 0 1 1 1 3 3 0 2 1 3 2 3 0 0 3 2 1 3 2 3 0 0 2 1 0 1 2 0 0 0.4472135955 2
0 3 2 0 1 3 0 0 1 3 3 2 2 3 1 1 1 2 2 1 3 3 1 3 0 2 0 1 1 0 2 3 0 3 2 1 0.3364806498 2
3 2 1 0 3 3 1 0 3 1 1 1 0 2 1 0 2 3 2 0 2 2 0 1 2 1 1 0 1 0 0 2 2 0 3 1 0.4806853357 2
2 0 2 0 2 0 2 2 2 1 1 2 3 2 1 2 3 3 0 3 2 1 2 3 3 3 1 2 0 2 0 2 2 2 0 0 0.3126595927 2
2 1 0 1 2 3 3 2 3 1 0 1 3 2 1 3 1 3 3 3 1 1 3 0 2 0 0 1 0 2 1 2 2 1 2 2 0.3804245211 2
2 3 0 3 3 3 1 0 0 3 0 0 0 0 1 2 1 1 2 1 2 2 3 3 2 0 1 2 0 3 3 3 3 3 2 3 0.3522199015 2
3 1 3 2 2 0 0 0 2 1 1 3 2 0 2 0 0 3 2 2 3 1 0 2 2 1 3 0 3 1 1 1 2 2 0 2 0.4142135624 2
3 1 1 2 0 3 1 0 2 1 2 0 2 1 2 2 3 3 1 1 2 0 3 3 1 0 2 1 1 0 0 3 0 2 1 0 0.2804379536 2
0 0 1 2 2 2 0 3 0 1 2 3 0 2 2 3 3 1 1 3 2 2 0 0 1 0 3 3 2 0 2 0 2 1 0 0 0.3655178698 2
1 0 3 0 1 2 3 1 2 1 1 0 0 1 1 0 0 2 3 3 0 1 3 2 2 0 0 2 3 2 3 0 0 1 1 3 0.3418020796 2
1 1 3 0 0 2 3 0 2 0 3 2 1 0 1 2 2 0 2 1 1 0 3 3 3 2 2 0 3 2 2 0 0 2 1 3 0.282163914 2
2 3 1 1 2 2 1 0 2 1 0 2 1 3 0 3 0 0 0 3 2 3 1 3 0 1 0 1 2 2 2 0 3 0 0 2 0.2930491235 2
0 0 3 3 1 1 3 0 3 0 0 0 1 2 2 0 1 0 1 3 1 0 1 2 1 0 3 0 0 0 3 3 0 1 1 3 0.3364806498 2
2 2 0 1 3 0 3 2 2 0 0 2 1 3 3 2 2 2 3 3 3 3 3 0 3 3 0 2 1 1 0 1 1 3 0 1 0.3142042283 2
3 2 2 3 3 2 0 0 1 3 1 3 0 0 1 2 3 1 0 1 3 2 3 1 3 1 2 2 1 1 2 1 2 2 0 1 0.3161505099 2
0 2 1 2 1 3 3 0 2 2 3 2 2 0 0 3 1 0 1 0 2 3 3 2 3 3 1 1 1 0 3 1 2 1 0 0 0.5927255389 2
2 2 1 1 1 1 1 0 3 3 1 3 3 0 2 2 1 0 3 0 1 1 1 3 2 3 3 1 1 2 1 1 1 0 0 1 0.3094314826 2
0 0 1 2 0 3 3 2 3 1 2 1 1 2 1 0 3 3 1 0 3 3 1 2 2 0 3 0 0 3 1 0 2 1 3 2 0.3364806498 2
2 1 0 2 2 3 1 3 3 1 3 2 3 0 1 2 3 1 1 3 3 2 3 3 1 3 1 1 1 3 0 0 2 0 3 2 0.3474320193 2
3 3 1 1 1 1 0 2 0 0 2 1 1 0 0 2 3 3 2 1 3 3 3 3 2 0 3 2 1 3 1 0 0 1 0 2 0.304113536 2
1 2 2 0 1 0 3 0 3 1 3 1 3 0 2 1 1 2 1 0 1 2 3 3 3 1 2 0 3 2 1 2 3 0 2 2 0.388756727 2
0 3 0 0 3 3 0 0 2 0 2 2 0 1 1 0 1 3 0 2 2 2 1 0 3 0 1 1 1 2 3 3 3 2 0 3 0.3287171837 2
0 3 1 2 0 1 2 1 1 0 0 0 0 0 1 3 0 3 0 0 2 0 1 0 0 1 1 1 0 2 3 0 1 0 1 0 0.3835303427 2
3 0 2 1 0 1 1 3 1 1 2 2 2 1 0 3 3 0 0 1 2 1 3 3 1 2 0 3 1 0 3 3 0 2 1 1 0.4932215826 2
3 0 3 2 1 1 1 2 2 2 2 3 2 3 1 0 0 1 0 1 0 3 1 3 0 0 2 1 0 3 1 1 3 3 0 3 0.2958353457 2
3 1 0 2 1 3 0 1 1 2 2 3 0 2 3 3 1 1 1 1 2 3 0 2 3 3 2 2 2 2 3 1 3 2 2 2 0.2887244073 2
0 3 1 3 2 0 1 2 0 2 2 1 3 0 0 2 0 0 0 2 1 2 2 1 3 1 2 0 1 3 3 3 1 1 3 0 0.4142135624 2
0 0 1 3 1 0 0 3 3 0 0 1 3 1 3 0 0 3 3 0 1 1 1 0 3 2 0 2 3 1 2 0 2 0 1 3 0.4076499498 2
0 2 2 0 0 3 2 0 1 1 0 2 1 1 1 1 2 3 0 0 2 0 3 3 3 3 1 3 3 2 2 1 2 0 0 0 0.441769316 2
2 2 0 3 2 3 1 0 3 1 2 2 0 3 1 3 3 1 3 0 2 1 2 3 3 0 2 1 0 3 1 1 3 2 3 0 0.3142042283 2
2 1 1 3 2 1 1 2 3 3 1 2 2 1 1 2 3 3 3 0 2 0 1 3 1 1 0 0 3 2 3 3 1 2 3 3 0.3352662227 2
2 0 0 1 2 0 0 2 2 2 0 0 3 3 1 2 1 1 2 3 3 3 2 1 1 2 1 1 1 2 0 2 1 2 2 0 0.3069422669 2
3 2 1 2 1 2 1 2 3 3 2 0 1 1 1 0 1 1 0 0 0 1 3 1 2 0 3 1 3 0 1 3 0 3 2 2 0.3102148911 2
3 0 2 2 3 3 0 1 0 2 2 3 3 1 1 0 3 3 3 3 1 2 0 0 2 3 3 2 3 3 3 0 1 3 0 2 0.4142135624 2
0 0 2 1 0 1 3 1 2 2 2 0 1 2 2 3 1 3 0 0 2 0 0 3 3 2 1 3 0 2 1 3 3 0 0 1 0.5071671483 2
3 1 0 3 0 3 3 1 3 0 3 3 1 3 2 0 1 0 0 3 0 3 2 3 2 3 2 1 3 0 0 2 1 1 1 2 0.3613164298 2
0 0 2 0 3 3 0 3 1 0 0 0 2 0 2 3 0 3 3 1 2 0 1 1 1 3 0 1 1 1 2 0 3 3 3 2 0.2898979486 2
3 0 1 0 3 0 1 0 2 0 3 1 2 3 1 3 1 3 1 2 2 1 3 0 3 0 1 3 0 3 3 3 3 1 3 1 0.4037797985 2
0 1 3 3 3 3 3 2 0 3 2 1 3 3 3 2 0 2 1 0 0 2 1 0 2 1 0 0 1 1 3 0 0 0 1 2 0.4142135624 2
0 3 3 0 2 0 1 2 2 3 1 0 3 3 2 1 3 1 3 2 3 3 3 3 0 3 2 2 1 0 2 3 2 2 3 1 0.2828327539 2
1 0 3 3 1 1 1 3 2 2 2 3 2 3 0 0 0 3 3 3 3 1 3 3 1 1 3 1 0 0 1 1 2 1 3 0 0.304978078 2
0 2 3 0 3 3 1 0 2 3 1 1 1 1 2 3 1 2 0 2 2 1 3 3 3 0 0 2 0 0 2 2 3 1 1 3 0.3804245211 2
2 3 2 0 2 3 3 2 0 1 1 0 2 0 3 3 3 2 3 1 2 2 2 1 1 2 3 3 0 2 2 0 0 1 3 3 0.3418020796 2
2 2 3 2 3 3 1 0 3 1 2 3 0 3 1 0 2 2 1 1 3 2 0 0 3 2 0 0 3 3 1 1 1 3 0 3 0.3255563301 2
2 1 2 3 0 3 0 3 2 3 3 1 3 1 0 2 1 0 2 0 3 3 3 0 3 1 1 1 0 2 3 2 0 0 1 1 0.3193901603 2
1 0 0 1 3 1 2 0 3 0 0 0 0 2 2 0 2 1 1 3 3 2 2 3 3 1 2 0 0 2 0 3 1 0 0 0 0.3474320193 2
1 3 1 0 0 3 0 0 1 1 2 0 2 2 1 0 2 0 2 3 3 1 3 0 2 2 2 2 2 0 2 2 2 3 1 3 0.4932215826 2
0 1 0 2 0 0 2 0 3 0 0 2 3 2 0 0 3 2 3 3 3 3 3 3 2 0 0 1 3 3 1 0 0 0 3 0 0.4667782661 2
1 2 0 3 2 2 0 3 0 2 1 1 2 1 3 1 1 1 1 2 1 2 3 2 2 2 0 2 1 3 1 0 3 1 1 3 0.2898979486 2
2 3 3 3 2 0 0 3 3 0 0 3 1 3 3 1 0 2 0 2 0 3 0 1 0 1 3 0 3 3 2 1 0 1 3 1 0.3510801119 2
0 3 1 0 0 1 1 0 3 0 3 1 1 3 1 3 0 0 0 2 2 2 2 2 0 1 2 0 0 1 3 1 1 2 2 1 0.3102148911 2
1 1 2 3 1 0 1 1 1 1 1 0 1 3 3 3 0 3 2 1 1 2 1 1 3 3 3 2 0 1 1 2 2 1 3 2 0.2817532212 2
2 0 0 1 2 2 1 3 0 3 2 3 3 1 0 0 0 0 3 2 2 0 1 0 1 0 1 0 1 0 2 0 2 3 3 3 0.2898979486 2
3 2 0 1 3 2 2 3 1 0 2 1 3 2 2 2 1 2 0 2 2 2 3 0 3 3 2 3 1 3 1 1 3 1 0 3 0.3107860582 2
3 3 3 1 3 1 0 0 0 1 2 1 0 2 0 3 2 0 3 1 1 3 3 2 2 3 0 1 2 1 0 0 0 1 0 0 0.3613164298 2
3 2 1 1 0 3 3 0 3 3 1 2 2 0 1 2 2 1 2 0 3 1 3 0 0 0 0 1 3 1 0 2 0 3 0 1 0.2984058257 2
0 0 2 3 2 1 2 2 3 2 1 3 2 0 0 1 1 2 3 0 2 0 1 2 0 1 0 0 0 0 0 2 1 2 1 3 0.3835303427 2
3 1 3 2 1 0 3 2 1 3 3 0 1 3 2 1 0 2 2 3 2 0 2 3 3 2 0 3 3 2 1 2 2 1 1 3 0.4627853301 2
2 3 2 2 0 0 0 1 1 2 1 1 2 3 0 1 3 0 2 0 3 0 1 2 3 2 0 1 3 3 0 0 0 0 2 3 0.354867572 2
3 0 2 3 3 1 2 3 0 3 3 2 2 0 2 3 3 2 2 1 3 3 2 2 2 0 1 2 3 3 2 1 0 0 3 0 0.4142135624 2
3 2 1 0 1 2 1 3 0 1 1 1 1 3 3 1 0 2 0 0 3 0 0 2 1 1 3 2 3 0 1 0 0 0 3 2 0.3572822687 2
0 1 2 0 0 1 0 0 2 2 3 0 0 3 2 0 0 2 3 3 3 1 1 2 0 2 3 3 0 0 2 1 0 2 3 0 0.282163914 2
3 0 3 1 0 2 0 3 0 1 3 1 1 2 1 3 0 1 0 3 1 3 2 2 3 2 1 1 1 0 0 3 3 1 2 0 0.2872959339 2
0 3 3 2 2 3 1 1 0 3 3 3 2 3 0 2 3 3 1 1 0 3 3 3 3 0 2 2 0 0 1 0 2 1 0 1 0.3364806498 2
3 1 0 1 0 3 1 1 2 1 2 1 0 0 2 1 2 1 0 0 2 1 0 0 1 0 0 3 0 3 2 2 2 3 2 2 0.7497091866 2
1 1 3 0 0 0 0 2 1 3 2 1 1 3 0 0 0 3 3 3 3 3 3 0 2 0 1 1 1 0 2 0 1 2 0 3 0.282163914 2
3 1 2 1 2 1 0 1 3 1 0 2 0 1 1 3 3 2 2 2 0 2 1 1 0 1 2 1 0 2 1 2 1 3 3 1 0.4472135955 2
0 0 2 1 0 1 0 1 1 2 2 1 2 3 3 1 0 2 1 3 3 3 3 2 2 0 2 3 3 3 2 2 3 3 1 0 0.3244736208 2
2 1 2 2 1 1 0 1 0 2 0 2 2 0 0 2 1 0 2 1 3 0 1 2 3 3 0 1 2 2 2 2 1 1 3 1 0.2861577002 2
3 3 2 2 0 3 2 1 3 2 3 1 0 3 0 0 0 2 1 0 2 2 0 1 1 0 1 1 0 1 3 1 2 1 2 3 0.3804245211 2
0 3 2 3 1 2 2 0 1 2 0 3 0 3 1 2 3 2 2 2 1 2 2 2 0 2 0 0 3 1 0 2 1 2 2 1 0.363892531 2
1 0 0 3 1 3 3 1 0 0 1 0 1 2 0 3 0 2 0 2 2 1 3 3 2 1 1 2 3 3 0 2 3 1 3 0 0.282163914 2
1 3 3 1 2 1 3 1 3 1 1 0 2 3 0 1 3 1 2 2 1 0 1 3 2 3 1 1 2 0 0 1 3 0 3 1 0.4472135955 2
1 0 3 1 0 1 3 0 3 1 1 3 3 0 1 0 0 3 2 0 1 1 2 2 2 0 0 1 2 0 3 3 0 1 1 1 0.2850346585 2
0 1 2 1 3 1 3 1 2 2 2 3 2 1 0 3 2 0 1 2 1 0 3 1 0 1 2 2 1 3 3 1 3 2 1 0 0.3102148911 2
0 2 3 0 2 3 3 1 2 2 1 2 0 3 1 3 2 1 1 2 2 2 3 0 0 0 2 1 3 0 0 2 3 2 0 2 0.3921195512 2
1 1 3 2 1 3 3 0 3 1 0 1 2 3 3 3 1 1 3 2 1 1 0 3 0 3 2 3 1 3 1 0 2 2 1 0 0.3510801119 2
1 2 2 1 0 2 0 3 1 0 0 1 0 0 0 0 3 2 3 1 0 2 1 2 2 0 0 1 1 2 1 1 3 1 1 0 0.2898979486 2
0 2 1 2 3 3 1 2 0 2 3 1 3 3 2 3 0 3 1 1 2 3 2 0 2 3 1 3 0 2 1 1 1 0 3 2 0.3474320193 2
3 0 1 1 1 2 3 2 0 1 1 3 0 3 1 1 2 1 0 1 0 0 0 1 0 0 0 2 3 1 0 1 0 1 3 2 0.4565940367 2
2 2 1 1 0 1 1 1 1 2 2 2 2 0 0 0 0 3 1 1 2 3 2 1 3 0 0 1 0 0 1 0 1 3 3 1 0.4142135624 2
3 0 2 0 1 1 2 0 3 0 1 2 0 0 0 1 0 0 0 2 3 2 1 3 0 0 0 2 1 1 0 3 2 0 2 0 0.282163914 2
2 0 0 1 1 1 2 1 3 1 1 2 0 1 0 1 2 2 1 0 1 2 3 0 1 3 2 2 0 1 3 2 3 0 1 3 0.363892531 2
0 1 1 3 1 3 0 1 2 1 0 1 3 0 3 0 1 3 3 3 2 1 3 3 0 2 0 2 1 3 0 3 3 1 0 3 0.4142135624 2
3 2 2 2 2 0 3 1 0 0 2 3 1 3 2 2 0 2 1 0 0 3 1 0 2 1 1 2 2 3 1 1 1 2 0 0 0.3102148911 2
2 2 2 2 3 1 2 3 3 1 2 2 1 3 1 3 0 0 2 2 2 0 2 2 1 1 3 3 1 3 2 0 2 3 0 0 0.4142135624 2
1 0 0 2 3 1 0 2 3 1 0 0 0 2 0 0 2 1 0 1 2 1 0 2 1 3 3 3 0 2 2 0 1 1 0 3 0.2984058257 2
3 0 3 1 2 1 0 0 2 0 0 3 2 2 1 0 2 2 3 1 0 2 3 0 1 0 2 3 0 0 2 0 2 1 3 0 0.4142135624 2
2 0 1 3 0 1 0 1 0 1 0 3 3 2 2 0 3 3 1 1 3 0 1 1 1 0 1 2 0 0 1 2 2 3 3 1 0.2984058257 2
3 2 2 1 0 3 3 3 1 0 0 2 3 0 1 1 2 1 3 1 2 3 2 1 3 3 2 2 1 0 1 2 1 2 1 0 0.3277600771 2
0 3 3 0 3 0 3 0 2 2 0 3 3 3 2 3 1 1 2 2 2 1 2 1 0 0 2 3 2 3 3 0 1 1 3 2 0.3144318014 2
2 2 1 3 3 3 0 1 0 1 1 3 2 0 0 3 1 0 1 3 1 2 3 1 0 2 0 3 3 1 0 3 3 3 2 3 0.3005423822 2
3 2 1 3 2 0 3 2 2 3 0 0 1 3 1 0 2 2 3 2 3 3 3 0 3 2 1 2 0 3 1 2 2 1 3 3 0.2857269627 2
1 1 0 2 3 3 1 0 3 0 2 3 0 1 1 0 2 3 3 2 2 3 0 2 0 1 1 2 3 2 3 3 2 2 3 3 0.3572822687 2
0 2 1 2 3 3 1 3 0 1 2 0 0 2 1 3 1 1 1 2 3 2 3 1 0 2 1 1 3 0 3 1 0 0 2 3 0.4142135624 2
3 2 2 2 3 1 2 0 3 1 3 0 2 2 2 1 2 1 1 2 0 2 3 2 2 1 1 2 3 2 3 3 3 1 3 0 0.3364806498 2
3 3 2 1 3 3 3 1 0 2 0 2 2 2 0 3 0 0 0 2 0 0 0 1 2 2 0 3 2 2 0 3 0 1 3 3 0.2804379536 2
3 1 2 1 0 0 1 0 0 0 0 0 1 2 1 3 0 3 3 1 0 3 2 2 0 2 0 0 0 0 1 0 2 3 3 2 0.4932215826 2
3 1 2 0 3 2 0 0 1 0 3 2 3 1 1 2 3 1 0 3 1 0 1 0 1 3 3 1 3 1 3 3 3 3 2 0 0.3572822687 2
3 0 2 1 1 0 2 0 0 0 0 0 2 0 0 1 2 0 1 3 1 3 2 3 2 2 1 2 2 2 3 0 0 3 1 1 0.5531708459 2
2 3 1 0 1 1 1 3 3 3 3 0 0 3 2 0 0 2 2 1 3 1 0 1 0 2 0 2 0 0 3 2 1 0 1 0 0.4142135624 2
3 0 3 2 1 2 3 1 2 3 0 2 2 1 0 0 2 0 1 0 3 3 0 2 1 2 3 0 1 3 0 0 2 3 3 1 0.3474320193 2
3 0 2 0 1 0 2 0 1 2 3 2 1 1 0 3 0 2 3 1 0 3 2 1 1 1 3 1 0 2 3 1 1 2 1 1 0.4142135624 2
1 2 3 1 2 3 3 2 3 3 3 2 0 3 3 1 3 3 1 0 0 0 3 1 0 0 2 2 3 2 3 2 2 1 3 3 0.3510801119 2
3 0 1 3 2 3 1 2 3 2 0 2 0 2 0 0 3 1 3 0 2 0 1 3 3 3 1 1 0 2 0 1 2 3 1 2 0.3418020796 2
2 3 0 3 0 3 3 2 1 3 0 1 2 0 1 2 0 3 3 1 3 0 3 1 2 1 3 2 2 2 2 1 1 2 1 3 0.3372389691 2
2 2 2 2 2 1 0 0 2 0 1 0 2 1 3 2 2 3 2 1 0 1 0 3 2 2 2 0 3 2 0 1 1 2 0 3 0.3572822687 2
0 3 2 2 0 1 2 2 3 1 0 0 0 0 3 3 2 0 3 0 2 2 0 2 3 2 0 1 0 1 1 0 3 0 1 1 0.2804379536 2
0 2 1 0 0 1 3 1 1 1 0 0 3 3 1 0 2 0 2 2 2 1 1 1 3 2 0 0 3 1 2 0 1 1 0 2 0.5071671483 2
2 0 1 3 0 2 1 0 0 0 1 2 3 0 2 0 3 1 3 1 1 0 1 3 1 2 0 3 1 1 0 2 0 3 1 0 0.4142135624 2
2 2 0 0 3 3 2 0 2 2 3 2 3 2 2 0 0 3 2 0 0 1 3 1 0 2 0 1 1 1 1 2 3 1 1 0 0.3364806498 2
0 1 2 1 2 0 1 2 2 2 0 3 0 1 0 2 2 0 1 3 1 2 1 2 2 3 0 0 1 3 2 3 1 3 0 2 0.4580268927 2
0 1 2 1 2 3 1 0 2 3 1 1 2 1 3 0 2 1 0 0 2 0 3 0 2 0 3 0 3 3 0 1 0 3 0 1 0.4107006147 2
0 1 1 1 0 2 3 2 3 2 2 0 0 3 2 0 2 2 0 1 2 1 1 2 2 3 3 1 1 1 3 0 1 1 2 3 0.3439144051 2
3 3 1 0 0 1 0 3 2 1 0 2 0 0 2 1 3 3 3 1 2 2 0 2 3 0 1 0 1 1 1 0 3 1 2 3 0.2898979486 2
3 3 2 2 2 1 1 3 0 0 0 1 1 0 2 0 3 0 0 0 3 1 2 1 1 2 3 1 3 0 0 0 0 0 3 2 0.2861577002 2
1 1 1 1 0 0 0 3 2 2 1 0 2 1 0 2 1 0 3 3 0 3 3 1 2 2 0 3 2 1 3 3 1 3 0 3 0.454311603 2
2 1 0 1 2 2 2 0 0 2 0 2 0 2 0 3 2 1 1 0 2 1 2 2 0 3 3 2 0 3 3 3 3 3 1 1 0.3255563301 2
1 0 1 1 1 0 0 2 3 1 3 2 1 3 0 3 3 1 3 3 2 2 1 3 1 0 0 2 2 2 1 3 3 3 2 0 0.3613164298 2
1 1 1 2 3 3 1 1 0 3 2 0 3 3 0 3 0 0 0 3 3 1 0 2 3 0 0 1 3 3 3 1 3 0 0 3 0.33895657 2
2 1 2 1 0 0 0 1 3 1 0 1 2 3 1 2 3 3 0 0 2 3 1 0 1 2 0 1 0 3 3 0 0 2 1 0 0.2828327539 2
1 2 1 3 2 3 0 0 1 2 1 2 0 2 1 1 3 0 1 2 1 3 0 3 2 2 3 0 0 0 3 0 0 2 1 0 0.3431021507 2
2 1 2 3 3 2 1 0 1 1 0 0 2 3 1 1 3 1 0 0 0 0 2 1 3 2 2 0 3 1 3 0 3 0 3 0 0.3255563301 2
1 2 3 0 3 0 2 0 3 2 0 1 2 2 1 2 0 0 3 3 3 3 2 0 0 1 0 3 1 0 0 1 1 0 0 0 0.4806853357 2
1 0 1 2 0 3 1 3 0 1 1 3 1 1 1 2 3 2 0 0 1 2 0 0 0 2 0 3 0 3 3 1 0 2 3 2 0.5453467918 2
3 0 2 2 1 1 0 2 0 2 1 3 2 3 1 1 1 3 0 0 3 1 0 3 0 3 1 2 2 0 1 0 3 3 3 3 0.4667782661 2
0 2 3 1 2 1 3 2 0 1 3 1 2 2 1 0 2 0 0 0 2 1 3 2 0 3 3 0 0 2 3 0 1 3 2 1 0.3210538243 2
3 0 1 3 2 3 0 1 3 0 1 1 0 1 2 3 1 3 3 0 1 3 3 1 0 2 1 2 0 3 3 0 2 3 0 0 0.282163914 2
2 3 3 3 2 3 2 1 0 2 3 0 3 3 1 2 0 2 3 1 0 0 3 1 2 2 1 0 0 2 0 2 3 3 3 0 0.4472135955 2
3 3 0 2 1 0 0 3 0 2 0 1 1 3 2 3 3 3 0 0 3 0 3 0 0 1 1 3 0 3 0 3 0 1 0 3 0.395590895 2
2 2 3 0 0 0 2 1 0 0 0 2 3 2 2 0 1 2 0 1 0 1 0 1 0 0 3 0 2 3 2 3 2 2 3 0 0.3142042283 2
2 1 1 3 2 1 1 1 3 2 3 2 0 1 0 1 0 3 3 0 0 3 3 2 2 1 1 3 1 3 3 3 0 3 3 0 0.3183767839 2
0 0 0 3 0 1 0 1 3 0 2 0 0 0 0 3 1 1 3 1 1 2 2 3 2 0 0 1 2 2 0 1 3 0 1 1 0.5407367017 2
3 2 1 3 3 0 0 2 2 2 1 3 2 3 0 1 2 3 1 1 1 2 0 3 3 0 1 1 2 0 1 3 2 1 1 0 0.5531708459 2
0 3 2 3 2 2 1 0 2 0 1 3 3 3 1 1 0 0 2 3 3 2 3 1 3 3 2 3 1 1 3 0 3 1 0 1 0.2898979486 2
3 0 1 1 1 1 1 0 0 0 0 1 1 0 1 3 0 2 1 1 2 0 3 3 2 1 0 0 1 0 0 3 2 0 0 2 0.3102148911 2
0 1 0 2 2 2 0 2 0 3 3 3 2 1 0 0 1 0 2 1 2 3 3 2 1 0 3 3 1 3 0 3 3 0 2 0 0.5901807708 2
2 2 3 1 0 0 0 2 3 0 3 3 1 1 1 1 3 3 2 3 0 2 1 3 3 0 2 0 0 2 3 3 2 1 2 0 0.375585761 2
0 1 2 2 1 3 3 2 3 0 0 0 2 2 1 3 3 0 1 2 3 1 3 3 3 2 3 1 1 1 3 0 0 1 2 2 0.304978078 2
0 2 1 0 1 2 0 3 0 0 0 0 1 3 2 1 0 1 1 2 2 2 0 0 3 0 2 0 0 0 3 0 3 2 0 3 0.2898979486 2
2 2 1 1 0 3 1 0 0 0 3 0 0 3 3 3 1 1 1 3 0 1 0 1 2 0 1 3 2 3 3 2 2 3 1 3 0.3126595927 2
3 3 1 1 1 2 1 0 3 1 1 0 1 2 0 2 2 2 2 2 1 3 3 3 1 2 1 0 3 1 0 1 3 3 3 2 0.4565940367 2
3 1 1 1 2 3 1 1 3 0 1 3 1 3 3 0 1 1 0 3 2 2 3 3 0 1 2 3 1 0 2 3 1 1 2 1 0.5336088039 2
1 3 3 3 3 1 2 0 2 1 1 2 3 0 1 2 2 0 2 2 3 1 2 3 3 1 0 2 1 1 3 1 1 0 2 2 0.3255563301 2
1 1 3 3 1 3 3 2 1 2 3 1 0 1 2 3 2 2 1 0 0 0 3 1 3 0 3 1 0 1 1 2 3 3 0 0 0.5761894145 2
3 3 3 3 3 1 2 2 1 1 3 3 0 1 3 3 0 1 3 2 0 0 2 3 2 2 0 2 2 2 1 1 0 1 3 3 0.4932215826 2
1 1 0 0 2 1 0 3 3 2 0 1 2 2 0 1 1 0 1 0 1 2 3 0 3 2 2 2 2 0 1 2 2 1 3 2 0.3220972066 2
0 3 0 1 2 3 1 0 1 3 1 2 0 3 1 2 3 3 0 2 0 0 3 2 2 0 2 1 0 0 1 3 3 2 2 3 0.4052420579 2
2 3 1 1 3 3 2 2 1 1 3 0 0 2 0 1 0 3 3 1 2 1 3 3 3 0 0 1 3 3 1 3 0 1 3 3 0.5071671483 2
1 3 0 1 0 0 0 3 0 2 2 1 1 1 2 0 3 3 1 2 3 1 1 1 2 2 3 1 2 0 1 3 3 1 1 1 0.3418020796 2
1 3 2 0 2 0 2 0 0 3 3 0 1 3 0 3 0 0 0 1 2 1 3 1 2 1 3 2 3 1 2 2 3 3 3 0 0.2907389623 2
1 1 1 1 3 3 2 2 3 3 2 2 2 1 0 1 1 3 3 3 0 2 3 0 3 3 1 1 2 3 0 0 3 1 1 3 0.3364806498 2
1 0 0 0 3 2 3 1 0 3 1 1 0 2 0 3 1 3 2 0 3 1 1 0 3 0 2 2 0 2 1 2 1 3 2 1 0.3102148911 2
3 3 1 2 1 1 3 3 0 2 1 0 2 1 1 3 0 3 0 1 0 1 1 2 0 2 2 1 2 0 2 0 0 1 1 3 0.7497091866 2
3 1 0 0 2 3 0 1 2 3 3 0 1 2 0 3 0 0 2 1 0 0 2 2 3 0 3 1 3 2 0 0 1 3 1 3 0.441769316 2
1 2 1 1 0 3 0 1 3 3 0 1 2 2 1 1 1 1 1 1 1 0 2 3 0 0 3 1 1 2 2 3 1 3 3 1 0.2925820765 2
2 3 1 3 1 0 2 0 0 2 3 1 3 3 3 1 1 0 2 1 1 1 0 3 2 0 3 0 2 0 0 1 1 0 3 3 0.4932215826 2
2 3 0 3 2 0 2 0 3 1 3 0 2 2 0 1 3 1 1 0 1 2 1 2 2 3 1 1 1 3 1 0 1 0 3 0 0.2910879078 2
0 1 2 1 1 2 2 0 2 2 2 1 3 1 0 1 1 3 3 3 1 0 3 1 0 1 2 1 3 1 1 2 3 1 1 0 0.7293039946 2
2 0 0 2 0 3 3 3 1 1 2 0 2 1 3 1 1 3 0 0 1 3 3 1 2 0 0 0 2 0 3 0 1 2 2 2 0.388756727 2
3 1 0 2 1 2 1 0 2 3 3 3 2 2 0 1 2 2 1 2 1 0 0 0 2 0 0 1 0 0 1 0 2 2 3 0 0.4076499498 2
3 2 0 0 3 3 0 3 1 1 2 2 3 0 3 1 0 0 0 2 1 0 3 1 1 0 2 1 3 2 3 1 2 1 2 3 0.3295815643 2
3 0 0 3 3 3 0 3 3 0 0 0 3 0 1 1 0 2 3 3 0 0 1 2 3 3 0 2 1 2 3 0 0 1 3 1 0.4409958058 2
2 3 1 0 0 0 2 2 0 1 3 0 0 2 0 2 1 2 0 2 3 2 3 1 1 3 0 1 2 2 0 0 3 2 1 2 1 2
2 0 2 0 1 3 2 3 3 3 0 2 2 1 0 3 1 2 1 1 0 1 3 0 3 3 0 2 2 1 1 3 3 2 0 1 0.3709615778 2
3 0 3 3 3 2 1 2 0 0 1 0 3 0 2 2 0 3 1 1 0 2 2 3 0 3 0 2 1 3 1 2 2 1 3 1 0.282163914 2
0 0 3 1 0 0 1 1 2 0 2 1 0 0 1 3 1 2 1 2 0 3 1 0 3 1 1 1 2 1 0 0 2 1 1 2 0.304113536 2
3 0 2 3 1 3 3 2 0 2 1 3 2 0 0 0 1 1 3 2 0 0 1 3 3 0 0 1 0 1 2 2 1 3 2 3 0.3510801119 2
3 1 1 3 2 0 2 2 3 3 2 1 1 2 3 2 1 2 2 0 2 0 3 1 0 3 1 3 3 0 0 3 1 1 3 3 0.4142135624 2
2 1 0 2 1 3 0 2 3 0 1 2 2 2 2 3 1 0 3 2 0 1 1 3 2 2 1 2 0 0 2 2 0 2 0 1 0.3418020796 2
2 3 3 1 1 3 2 3 0 0 0 1 0 3 0 3 3 1 1 2 1 3 3 3 2 1 1 3 3 1 1 0 1 3 2 3 0.4142135624 2
3 1 0 2 0 1 0 1 0 1 3 1 3 0 0 3 3 0 2 2 2 1 1 1 3 0 0 3 0 0 2 2 3 3 2 1 0.3157755779 2
1 3 0 0 1 0 1 3 3 2 3 0 2 1 3 3 1 3 0 2 1 1 2 2 2 1 2 2 0 3 2 1 2 1 2 0 0.282163914 2
1 2 0 1 1 1 2 3 2 2 3 2 0 3 3 1 0 0 2 1 2 3 3 2 2 1 0 2 0 1 2 2 1 1 2 0 0.3302867025 2
2 1 2 0 1 1 0 3 0 0 1 0 2 3 3 3 2 0 1 1 0 2 1 0 2 1 1 0 3 0 2 2 1 1 1 2 0.3392530566 2
3 1 3 1 2 1 2 0 2 0 3 0 0 1 0 1 3 1 1 1 3 1 0 0 3 0 2 2 1 0 3 2 3 3 0 1 0.3474320193 2
2 2 2 2 0 0 3 3 0 2 0 0 2 2 0 2 3 2 1 1 0 3 3 1 0 1 2 0 0 0 3 1 1 3 0 0 0.282163914 2
2 3 2 2 1 2 0 2 1 1 1 0 2 1 1 0 0 1 1 2 2 2 0 3 1 1 1 0 1 2 3 2 3 2 2 3 0.324885698 2
2 1 0 1 0 3 1 0 0 1 2 2 3 0 3 3 2 2 2 2 2 0 1 2 2 0 3 1 1 1 0 3 3 2 1 3 0.443517735 2
1 1 2 2 2 0 1 0 1 3 2 2 1 3 2 3 2 2 3 1 0 1 1 2 0 2 2 0 1 1 1 3 1 1 2 3 0.279388968 2
1 2 0 1 1 3 0 0 1 1 1 2 1 3 2 3 1 2 3 1 1 0 1 0 2 3 0 1 2 2 2 2 2 1 3 1 0.2984058257 2
1 2 3 3 2 0 1 3 1 1 1 3 0 2 2 3 0 2 2 1 3 1 3 3 1 0 3 2 0 2 3 1 1 0 2 1 0.3142042283 2
3 1 2 1 0 3 2 0 3 2 1 2 0 0 0 1 2 3 0 3 2 1 1 2 1 3 1 3 3 2 1 2 0 0 2 3 0.282163914 2
0 2 3 1 1 0 3 3 3 0 1 3 2 3 0 0 3 1 2 1 3 0 1 3 3 2 0 0 3 3 1 0 1 2 1 0 0.5453467918 2
1 3 1 0 2 1 3 0 3 0 0 2 1 3 2 0 0 2 2 0 2 0 3 1 0 0 0 3 2 0 3 2 2 3 2 0 0.3572822687 2
2 3 1 0 3 1 3 1 3 3 3 1 0 2 0 2 0 3 3 1 2 0 0 1 0 0 2 0 1 1 0 1 0 3 0 0 0.3835303427 2
3 3 2 0 1 0 0 1 2 2 0 2 2 1 2 3 3 1 0 2 2 3 3 1 3 2 2 1 0 0 1 1 2 1 2 3 0.7117102235 2
2 2 0 1 3 3 0 3 3 0 3 2 3 2 1 2 0 2 2 1 0 1 0 2 1 2 0 3 3 1 1 0 3 1 0 3 0.4565940367 2
0 1 3 1 1 1 0 3 3 0 0 1 0 1 1 1 0 2 2 1 2 1 0 2 1 3 1 0 3 1 1 2 2 1 0 0 0.3465901709 2
3 2 0 3 1 2 0 2 0 0 1 1 1 2 0 2 3 3 0 3 2 1 0 1 0 2 3 2 1 1 3 3 3 0 3 3 0.3005423822 2
2 0 0 2 1 3 1 0 3 1 1 2 2 3 3 3 2 1 0 3 2 0 0 0 3 0 1 3 1 0 1 3 3 0 3 3 0.2857269627 2
3 0 3 2 0 0 3 0 1 0 1 1 2 2 3 3 2 2 2 3 2 3 3 2 0 2 2 2 3 2 2 0 3 0 1 2 0.3165269877 2
3 2 2 2 3 3 1 1 3 2 3 2 2 1 3 1 2 0 3 1 2 3 1 3 2 0 2 2 2 3 3 0 2 0 3 1 0.4142135624 2
0 0 0 0 0 2 3 1 1 3 0 3 0 3 3 1 1 0 1 1 3 3 1 3 0 0 0 1 2 2 3 0 2 3 3 0 0.354867572 2
0 0 0 3 1 0 2 3 3 0 0 3 3 1 1 2 2 3 1 2 2 0 3 1 0 3 0 1 1 3 3 1 0 1 2 0 0.2984058257 2
0 3 1 2 1 2 0 0 0 0 1 2 0 1 0 0 0 3 3 1 3 3 3 3 1 1 0 3 2 1 0 3 1 1 1 2 0.4286189735 2
3 0 0 2 3 0 0 1 0 3 1 3 0 2 1 3 0 2 3 1 1 1 2 0 1 0 3 1 1 2 3 3 1 0 0 2 0.4257225336 2
1 2 2 3 1 1 1 0 1 1 0 1 0 2 0 3 3 3 0 1 2 1 3 2 1 3 0 3 1 2 1 3 2 3 3 2 0.2898979486 2
1 0 2 2 1 2 2 0 3 0 1 0 3 0 2 0 3 3 2 0 0 0 2 1 3 0 3 2 0 3 2 3 3 1 2 1 0.3613164298 2
2 3 2 1 2 3 2 1 3 2 3 1 3 3 1 3 2 3 2 0 2 0 0 2 0 2 0 1 1 2 0 2 0 1 0 0 0.4472135955 2
3 1 2 1 1 3 3 0 3 2 2 2 2 3 2 2 0 1 2 3 3 1 3 2 1 3 0 0 1 3 0 2 0 0 3 0 0.3474320193 2
0 3 3 0 1 2 0 2 1 1 0 1 0 0 3 1 2 2 2 0 3 0 2 2 0 0 3 1 1 1 3 1 0 3 1 2 0.4142135624 2
0 2 3 3 3 0 2 1 2 1 1 2 3 2 0 2 3 1 3 2 2 1 2 0 0 0 2 2 1 1 1 2 1 2 3 3 0.3397347183 2
1 3 3 3 0 2 3 0 3 0 2 1 0 0 2 1 0 3 1 3 2 1 2 0 1 0 2 2 2 0 3 1 2 1 0 3 0.375585761 2
2 0 1 1 2 1 0 0 1 3 3 0 2 1 0 0 1 0 1 2 1 0 3 3 0 3 3 3 2 0 3 0 0 1 1 0 0.3238107005 2
2 1 0 0 0 2 1 0 1 0 2 0 1 0 1 2 2 0 2 1 0 3 1 1 2 1 0 2 3 2 0 3 3 0 0 0 0.4142135624 2
2 0 0 2 2 0 0 0 3 0 2 0 1 0 1 0 3 2 0 0 1 0 1 0 3 1 0 1 0 1 2 0 0 0 2 2 0.3142042283 2
0 1 2 3 1 3 1 1 1 0 1 1 0 1 0 0 0 1 3 0 1 0 1 3 2 3 0 0 1 3 0 0 1 3 2 2 0.3418020796 2
1 0 1 1 1 2 3 0 2 0 1 3 1 2 2 2 2 0 3 1 2 2 2 1 2 0 3 0 3 0 2 0 0 0 2 3 0.485324478 2
2 3 1 2 1 2 3 1 1 1 0 3 2 3 3 1 3 0 3 2 1 0 3 1 1 0 1 2 2 2 0 2 2 2 0 1 0.3397347183 2
1 2 0 3 2 0 3 2 0 2 2 1 1 2 1 0 3 2 0 2 3 0 2 2 3 1 0 1 1 0 0 3 1 1 2 3 0.79210615 2
3 0 1 0 2 1 3 1 1 3 3 1 1 2 3 1 2 3 0 2 3 1 3 3 2 1 2 1 2 1 0 1 3 3 0 3 0.3436033523 2
2 3 2 3 1 0 3 1 3 1 1 2 2 2 0 0 0 0 3 3 1 0 2 3 2 3 0 0 0 1 1 1 3 0 3 1 0.4142135624 2
2 2 3 3 3 2 3 3 1 3 0 2 1 3 3 3 2 1 0 2 1 1 0 0 2 1 3 3 1 1 3 0 3 3 0 0 0.2963204151 2
3 1 2 0 2 1 1 0 1 0 3 1 1 3 2 1 3 2 0 2 3 1 2 3 2 3 1 0 2 1 1 3 1 1 0 1 0.2898979486 2
1 2 0 2 0 2 2 3 3 0 1 1 3 2 3 0 0 0 2 0 3 3 3 1 1 1 0 3 0 2 1 3 2 2 0 1 0.4472135955 2
0 2 3 3 3 0 3 0 1 3 0 3 1 0 0 0 2 1 1 1 1 1 3 2 3 3 1 0 2 1 1 3 3 1 1 1 0.3418020796 2
1 1 1 3 1 0 3 0 2 1 0 3 3 1 3 2 1 2 0 1 2 1 2 2 3 0 2 1 3 1 0 1 0 3 2 3 0.2875668903 2
3 3 2 3 3 3 2 2 1 1 3 2 3 0 2 0 0 1 3 1 2 1 3 1 2 0 2 2 0 2 3 2 2 3 3 3 0.363892531 2
2 3 3 3 1 3 1 2 0 0 0 0 3 3 2 0 1 3 0 0 2 2 0 1 0 2 0 3 2 3 0 2 0 1 3 2 0.5336088039 2
0 0 3 3 3 0 1 2 3 2 3 1 1 1 3 3 0 2 3 1 0 0 0 3 3 2 3 0 1 3 3 3 0 0 1 2 0.282163914 2
3 0 1 0 2 3 3 1 3 2 3 3 3 1 3 1 1 3 3 0 2 1 3 2 0 0 2 1 0 2 1 1 2 2 3 1 0.4472135955 2
0 0 1 1 0 1 0 1 3 3 0 3 3 0 2 1 3 2 1 3 2 2 3 1 1 0 0 0 2 1 0 1 2 0 2 0 0.3510801119 2
2 3 3 0 2 0 0 2 2 3 0 0 1 2 1 1 1 0 3 1 2 1 1 2 0 2 0 0 3 0 1 0 3 0 3 1 0.3496707166 2
3 0 0 3 2 2 1 1 0 2 3 0 2 0 0 2 3 2 0 0 0 2 1 1 3 2 3 3 2 1 3 1 1 2 0 3 0.5071671483 2
3 2 0 2 3 0 3 1 1 0 1 1 3 0 1 1 3 0 3 0 1 3 2 2 3 3 3 0 0 2 0 0 2 2 0 2 0.3572822687 2
1 2 2 0 2 2 0 3 3 2 2 0 3 1 1 1 0 3 3 3 3 1 3 0 3 2 3 0 0 1 0 3 3 2 0 0 0.3364806498 2
3 3 0 0 3 3 3 1 0 1 1 3 2 0 2 3 0 3 2 2 2 2 0 1 2 3 3 1 0 3 0 0 0 1 1 0 0.3467882549 2
1 2 1 1 3 3 3 0 3 3 0 3 0 1 0 3 1 1 1 2 0 3 2 0 1 1 0 0 0 3 2 0 1 1 1 2 0.3469108776 2
3 0 3 2 3 1 1 1 0 2 2 2 0 0 2 2 3 1 0 0 3 0 0 0 2 3 2 2 3 0 0 1 1 3 3 0 0.2984058257 2
2 0 0 2 1 3 3 2 0 0 1 0 0 1 0 0 2 1 1 2 2 2 3 0 1 0 1 1 0 0 2 0 0 1 2 3 0.5071671483 2
3 3 0 1 0 0 0 1 1 2 3 0 0 0 2 1 0 2 0 2 1 1 0 0 3 1 3 2 3 1 2 2 2 1 2 3 0.79210615 2
1 0 2 2 1 2 3 3 0 1 1 2 3 3 0 0 0 2 3 0 0 0 0 2 1 3 2 2 3 1 1 0 3 3 3 2 0.3847411572 2
1 2 0 1 3 3 2 2 1 2 0 1 2 3 0 2 0 3 1 1 3 3 3 1 1 2 3 2 3 2 1 0 1 1 0 1 0.5927255389 2
0 0 2 2 2 1 3 0 3 0 2 3 0 0 1 1 1 1 3 3 1 3 2 2 3 3 2 0 2 3 0 0 2 3 2 1 0.375585761 2
1 2 1 1 3 2 0 3 1 0 1 0 2 3 1 0 2 0 1 2 3 0 2 3 3 2 1 1 0 3 0 1 2 0 3 1 0.3597564272 2
0 2 1 0 2 1 3 1 3 0 2 2 1 1 0 0 2 2 3 1 2 2 1 0 3 2 2 2 0 0 3 0 1 0 2 1 0.3005423822 2
2 0 3 3 1 1 2 1 1 3 2 0 2 3 1 2 2 0 1 1 2 0 3 2 2 3 1 3 1 1 0 1 2 0 0 2 0.3102148911 2
2 1 1 3 0 0 0 3 2 0 3 3 2 1 1 2 0 2 1 2 0 0 1 0 2 0 0 2 2 2 3 1 2 0 2 2 0.3314388929 2
0 2 0 3 1 2 1 1 2 0 0 3 0 1 0 3 1 0 3 3 3 2 2 1 2 1 2 1 3 0 0 1 2 2 0 1 0.5927255389 2
1 0 1 0 2 0 1 3 0 1 3 1 3 1 1 2 2 1 1 0 0 1 2 2 2 2 3 1 2 1 3 1 2 3 0 1 0.354867572 2
3 2 0 0 0 0 1 0 2 2 2 1 0 2 0 2 1 1 3 2 2 0 1 2 1 3 0 2 2 3 0 3 1 3 2 1 0.30137244 2
1 1 1 3 0 2 0 3 2 3 3 2 0 3 2 1 3 3 1 0 0 2 3 2 0 2 3 1 3 1 0 0 1 3 3 3 0.2898979486 2
0 1 1 3 3 2 0 3 3 0 0 2 0 0 1 3 1 0 2 2 0 1 2 2 2 0 0 1 0 3 0 3 3 1 1 0 0.3737950927 2
0 3 2 3 2 3 3 1 1 0 3 1 2 1 1 3 3 2 1 0 2 2 3 2 0 3 1 1 2 3 2 3 0 2 3 2 0.3142042283 2
0 1 2 1 1 2 3 0 3 0 2 1 0 2 0 1 0 0 1 3 0 0 3 1 0 0 2 0 2 1 2 0 0 1 2 0 0.3210538243 2
1 2 3 0 3 1 3 0 1 0 0 3 0 1 3 1 3 3 0 3 2 0 0 2 0 1 2 2 0 3 0 2 2 1 0 2 0.4142135624 2
3 2 0 0 2 2 1 1 1 0 1 2 2 3 2 3 2 2 3 3 3 2 3 0 0 0 0 3 1 1 1 2 3 2 3 3 0.3018893954 2
1 0 2 0 1 0 2 0 0 1 2 1 2 3 0 1 3 0 0 1 2 2 0 3 2 0 0 3 2 1 3 1 2 3 3 0 0.485324478 2
1 2 3 0 2 1 1 3 1 2 2 1 3 1 2 0 2 0 0 1 2 3 0 0 0 3 0 2 0 0 0 0 2 2 0 3 0.375585761 2
2 3 1 2 2 0 1 2 1 2 0 0 2 0 2 2 1 2 3 1 3 2 2 1 3 3 2 1 0 2 1 2 1 3 0 1 0.3439144051 2
0 3 0 2 2 3 3 1 2 0 2 2 1 2 1 0 2 2 3 2 3 3 0 1 3 0 2 1 1 1 1 1 2 0 0 1 0.2857269627 2
3 2 3 0 1 2 0 0 2 0 1 0 2 0 1 0 1 3 3 3 2 1 2 3 1 2 0 3 3 0 3 3 3 2 3 2 0.2963204151 2
1 1 3 2 0 1 1 0 1 2 3 0 2 3 0 3 3 3 1 2 3 3 3 3 3 0 1 1 3 3 1 0 0 0 1 0 0.282163914 2
1 2 1 3 1 3 2 1 0 3 2 1 1 1 1 2 2 3 3 2 0 2 2 2 1 1 3 3 1 3 3 2 3 2 2 3 0.3397347183 2
2 0 3 2 2 3 2 3 3 2 2 0 1 0 1 0 1 1 1 1 3 1 1 2 0 1 0 0 2 3 0 0 2 0 0 3 0.445104056 2
1 3 2 2 2 2 0 3 3 3 2 0 3 1 0 2 3 0 3 1 2 3 0 3 0 3 1 3 2 3 2 0 2 2 0 3 0.3572822687 2
2 2 1 3 0 0 2 3 0 2 1 3 0 2 0 2 0 0 2 1 1 2 3 1 3 2 2 1 1 3 1 2 1 1 0 0 0.304113536 2
3 1 0 3 0 3 1 0 0 1 1 0 2 0 2 1 3 0 0 1 3 3 3 2 1 2 3 3 3 2 2 3 0 2 0 3 0.2812483678 2
1 3 3 0 3 1 0 2 2 1 2 2 1 1 0 1 0 1 3 3 0 3 1 0 1 3 3 3 0 0 0 1 3 2 3 2 0.2958353457 2
0 3 2 1 3 3 1 0 3 3 2 2 2 1 0 2 0 3 1 0 2 2 0 2 0 0 2 2 0 0 2 2 2 3 1 2 0.363892531 2
2 3 2 2 2 2 0 3 1 2 0 2 1 2 1 0 2 3 2 1 3 1 3 2 3 3 3 1 3 1 0 0 2 3 1 1 0.3018893954 2
3 0 0 1 2 3 0 3 1 2 1 1 0 1 3 1 2 0 0 3 0 1 2 2 3 1 0 1 0 2 2 0 1 1 3 3 0.6492741221 2
2 0 2 2 1 2 0 2 2 1 3 1 1 1 2 2 1 1 0 1 1 0 0 3 2 1 3 0 3 2 0 0 0 1 2 0 0.3496707166 2
0 0 0 0 2 3 3 0 0 2 2 2 2 0 0 3 0 3 3 2 2 1 2 1 2 3 2 0 1 3 0 1 3 0 3 3 0.6023616121 2
0 3 3 1 1 1 3 0 2 0 3 0 2 1 2 3 1 0 1 1 2 3 3 0 0 3 1 2 1 3 2 0 2 3 0 1 0.282163914 2
2 2 0 2 0 0 1 1 1 0 0 2 0 3 2 3 2 0 3 0 3 2 0 0 3 2 0 1 0 2 0 0 3 0 2 2 0.282163914 2
2 0 0 0 2 3 1 0 2 0 3 0 0 2 0 1 0 3 1 3 0 1 3 0 0 0 3 0 2 3 1 0 3 2 3 0 0.363892531 2
3 3 0 0 3 1 3 0 1 2 3 2 1 3 3 3 0 3 0 1 1 0 1 3 1 0 2 2 2 1 1 3 3 3 0 3 0.7293039946 2
1 3 2 2 1 0 3 3 2 2 2 3 1 3 1 3 1 1 0 0 0 1 0 1 3 3 3 3 0 2 1 1 2 2 3 1 0.4142135624 2
2 3 1 1 2 0 1 0 0 0 0 0 2 1 2 0 3 1 3 3 2 1 1 2 2 2 0 2 0 1 1 1 0 3 1 0 0.3255563301 2
3 2 0 3 1 0 1 2 3 3 3 0 2 0 3 2 1 2 0 0 3 0 3 3 0 0 0 2 1 2 1 0 0 3 2 3 0.4485365786 2
0 0 0 3 3 3 0 3 2 2 1 1 2 3 2 2 2 3 0 1 3 3 3 0 1 3 0 2 0 1 0 2 1 0 1 2 0.3842770335 2
1 1 2 1 2 0 1 1 0 3 1 2 1 3 0 1 0 1 3 2 0 3 0 1 0 0 3 1 0 0 3 3 2 1 3 3 0.3018893954 2
2 2 3 2 0 0 3 0 3 0 2 1 2 2 1 0 2 2 0 0 1 3 0 3 1 1 0 3 1 3 0 0 0 2 2 2 0.3572822687 2
2 0 1 1 0 3 2 0 1 1 3 3 1 3 0 2 0 1 0 1 3 2 0 3 2 0 2 0 0 2 1 1 0 1 3 1 0.2898979486 2
2 1 2 0 1 0 3 1 2 2 3 0 0 3 0 2 1 0 0 2 2 0 2 2 2 2 0 2 0 3 1 3 1 1 0 1 0.282163914 2
0 2 0 3 3 1 3 1 3 1 3 0 1 0 3 1 3 3 1 2 3 0 2 0 0 2 0 1 1 1 0 3 0 2 2 0 0.3018893954 2
1 1 1 2 1 2 3 0 0 2 1 0 3 1 1 2 0 2 0 3 2 1 3 0 0 2 2 3 0 3 2 1 3 1 1 1 0.3572822687 2
0 0 1 1 1 3 1 0 3 3 3 3 2 2 1 1 1 0 0 2 2 3 3 1 0 3 2 0 3 2 0 3 1 3 1 2 0.5166298428 2
1 3 1 1 1 0 2 2 3 0 1 3 3 0 2 0 1 2 3 1 1 1 0 0 0 0 2 1 2 2 1 3 3 1 1 0 0.3572822687 2
1 0 0 0 0 3 3 2 3 3 0 2 0 2 3 1 0 2 3 0 1 0 0 1 3 3 1 0 3 2 2 3 3 2 1 1 0.3255563301 2
3 0 3 3 0 1 0 1 1 1 3 2 1 1 0 0 3 0 2 1 2 3 3 3 2 3 0 0 2 2 2 3 3 3 3 0 0.452072287 2
1 3 3 0 0 1 3 1 2 1 1 0 2 0 2 2 3 2 2 3 0 3 3 0 0 0 3 3 3 3 3 2 1 1 2 1 0.3510801119 2
0 0 2 0 0 3 2 3 2 1 2 0 2 3 1 2 1 2 2 0 3 1 1 2 2 0 1 3 0 1 3 3 2 1 2 0 0.3126595927 2
3 0 1 2 3 1 3 3 1 1 1 1 1 2 0 3 0 0 2 0 0 0 1 0 1 3 3 2 1 3 0 1 1 3 2 1 0.3255563301 2
3 2 3 1 3 1 3 1 0 0 3 1 0 3 0 1 1 1 1 0 1 0 2 3 2 0 3 2 3 2 1 2 3 1 1 1 0.2910879078 2
0 2 0 3 1 3 0 0 1 2 1 1 1 0 3 0 3 3 1 2 0 0 3 1 1 3 2 2 2 2 0 0 0 0 2 0 0.3426035147 2
0 0 0 2 2 0 2 3 2 3 0 2 2 1 2 0 0 1 0 0 3 3 2 1 2 2 1 0 1 0 0 3 3 3 0 1 0.4779036016 2
2 0 1 0 3 0 3 3 0 1 3 3 2 1 3 1 3 0 2 1 1 3 0 1 2 0 3 1 1 0 3 0 0 1 2 2 0.2984058257 2
3 3 2 3 0 3 0 1 1 1 2 0 0 3 0 2 0 3 3 0 2 1 1 2 1 3 0 1 0 2 3 2 3 2 0 0 0.3210538243 2
0 2 1 1 3 0 1 1 1 0 3 0 2 3 0 0 2 0 1 1 1 1 2 2 3 0 1 2 1 3 1 2 1 2 1 1 0.4080056881 2
1 3 1 3 0 1 0 0 2 3 2 1 2 0 3 1 3 2 0 2 2 0 2 0 0 2 3 3 3 2 1 3 1 2 1 0 0.4142135624 2
1 2 1 2 2 0 3 1 0 3 1 1 1 2 2 1 1 1 3 1 3 2 0 0 0 2 3 1 2 3 0 1 2 1 2 0 0.3102148911 2
3 2 0 2 1 1 2 1 3 2 1 3 0 2 0 2 3 2 3 2 3 3 3 1 0 1 1 2 3 3 3 2 3 2 1 1 0.441769316 2
2 1 1 1 0 2 1 0 1 0 0 1 2 1 0 2 0 0 1 0 1 1 1 3 1 2 2 2 3 0 0 0 1 2 0 3 0.3035834115 2
2 1 0 2 1 0 0 1 0 2 0 0 1 3 2 3 3 3 1 1 0 1 0 3 2 1 3 1 2 0 1 3 3 3 1 0 0.3142042283 2
1 0 3 0 2 1 0 2 3 3 0 2 2 3 0 1 0 0 0 3 0 3 0 3 1 3 2 2 0 1 3 0 1 3 3 0 0.4565940367 2
2 2 3 2 0 3 2 0 3 3 3 1 0 3 0 1 3 1 0 2 2 2 0 3 3 2 2 1 2 2 0 0 1 1 3 1 0.6599561434 2
1 0 0 1 1 2 3 0 0 0 3 1 1 0 0 3 0 2 0 2 2 0 0 0 3 0 0 3 3 0 3 3 0 1 0 1 0.3674126788 2
3 2 2 3 1 2 0 3 3 0 2 3 1 0 3 2 3 0 2 3 2 3 2 3 0 2 3 0 1 3 3 1 2 2 0 3 0.388756727 2
0 3 1 1 1 2 1 0 3 0 1 1 0 2 2 0 3 3 3 0 2 1 2 0 3 2 1 2 1 1 1 1 2 0 3 3 0.3255563301 2
1 0 2 1 0 0 1 1 0 0 1 2 2 3 1 0 3 1 2 0 3 2 3 0 1 2 2 2 2 3 3 0 1 3 0 3 0.3474320193 2
0 3 2 2 0 0 2 0 1 3 2 0 2 1 2 3 2 1 2 2 1 2 2 1 2 0 0 2 0 2 3 2 2 2 3 3 0.3352662227 2
1 1 1 2 2 0 0 1 3 1 2 1 1 0 3 3 1 0 0 0 3 1 0 3 1 1 1 0 1 2 1 0 2 0 2 0 0.3126595927 2
1 3 3 3 2 3 2 1 0 1 0 1 3 0 1 3 0 1 0 0 2 1 3 1 0 3 1 0 1 2 0 2 3 3 3 0 0.2910879078 2
1 0 2 3 1 0 2 0 2 2 3 3 1 1 0 1 0 0 0 1 3 3 1 2 2 0 2 2 2 2 3 3 0 3 1 0 0.2868593513 2
1 0 2 1 1 3 1 3 0 1 1 1 2 0 0 2 2 2 0 3 2 0 0 2 3 2 2 2 1 2 2 2 2 3 2 3 0.3302867025 2
3 0 3 1 0 2 1 2 1 2 3 3 0 3 0 3 2 1 0 1 0 3 1 3 2 3 3 2 0 1 3 1 3 0 2 0 0.3238107005 2
2 2 1 1 0 3 0 0 0 1 3 3 3 2 2 0 2 3 1 0 0 1 3 3 2 0 2 3 3 3 1 2 3 2 3 2 0.4076499498 2
2 2 0 2 2 1 0 0 0 2 0 0 2 3 2 1 3 1 0 3 3 1 2 3 3 1 0 3 1 1 0 2 0 3 0 2 0.4037797985 2
3 0 2 2 0 3 0 3 3 0 0 2 1 3 2 2 1 3 1 0 2 1 0 3 0 2 2 2 0 3 1 1 0 1 0 3 0.3727036241 2
2 0 0 2 2 1 0 1 3 2 0 0 2 0 1 0 3 1 1 3 2 1 2 1 2 2 3 2 1 0 2 2 0 1 0 1 0.3255563301 2
3 3 3 2 0 0 0 3 3 3 0 3 0 3 2 1 3 0 0 2 2 2 0 1 1 3 3 0 0 2 1 1 3 2 0 2 0.279388968 2
0 1 0 2 2 2 0 0 0 0 0 0 0 2 3 2 1 3 0 3 1 1 3 0 1 1 1 3 1 2 1 1 1 2 2 0 0.2861577002 2
1 2 3 0 2 3 3 1 1 0 0 1 1 0 1 3 0 3 1 2 3 0 2 1 3 1 3 1 2 0 0 0 3 1 3 0 0.7497091866 2
0 3 0 0 0 2 3 2 3 0 2 3 2 3 1 2 3 3 3 1 2 0 0 2 0 1 3 0 2 1 0 1 1 0 3 3 0.354867572 2
0 3 3 2 1 1 0 2 0 3 3 0 2 3 3 2 1 2 0 2 1 1 1 0 0 2 0 2 3 2 1 2 0 2 3 0 0.3163830028 2
3 1 0 3 0 1 1 3 1 2 3 1 1 2 2 2 2 0 1 1 0 0 1 0 1 3 1 1 3 3 1 3 2 1 1 3 0.2918317294 2
3 3 1 1 3 0 3 1 0 3 2 0 1 2 3 1 3 0 2 0 2 2 0 3 0 0 2 2 0 1 2 0 0 3 2 2 0.4142135624 2
1 2 3 0 3 2 3 1 3 3 1 0 3 2 0 3 3 1 1 1 1 2 0 2 3 3 2 1 2 1 0 0 1 2 2 3 0.3210538243 2
0 0 2 1 3 1 2 1 2 3 3 1 3 1 0 3 1 0 0 3 1 0 3 1 2 2 0 2 1 1 0 0 3 2 0 3 0.4076499498 2
2 1 0 3 1 1 1 3 2 3 3 0 0 0 0 2 3 3 3 0 3 3 3 0 1 3 3 0 3 3 3 2 1 3 0 1 0.3337861086 2
0 2 0 0 3 3 3 2 1 0 0 0 0 2 3 3 2 2 1 3 2 2 1 0 2 1 3 3 0 2 0 2 1 0 2 0 0.3671694722 2
3 0 0 0 1 2 1 2 2 3 3 2 3 0 3 2 3 0 3 1 2 1 0 0 3 3 3 1 1 0 3 0 0 3 1 1 0.324885698 2
1 0 2 2 1 3 0 0 0 0 0 0 0 1 0 1 3 1 1 3 3 1 0 2 1 0 2 0 2 1 0 0 2 3 0 0 0.3418020796 2
2 1 3 3 0 2 1 0 0 0 0 3 2 1 2 3 3 0 1 0 2 2 0 0 2 0 3 0 2 1 3 3 3 1 2 0 0.2898979486 2
3 1 0 2 2 3 0 1 2 1 3 2 3 3 3 3 1 0 2 0 2 3 3 0 1 0 3 0 0 2 0 1 1 1 1 2 0.3410072036 2
0 1 2 3 1 3 0 2 1 0 2 2 0 0 0 1 2 3 2 1 2 1 0 1 2 3 0 2 2 2 0 2 3 1 2 0 0.3572822687 2
1 0 2 3 2 1 0 2 2 1 0 1 2 2 2 2 1 2 0 0 2 1 3 3 0 1 3 2 3 2 2 2 2 3 3 1 0.375585761 2
0 0 1 2 2 2 2 3 3 2 3 3 2 0 1 1 0 3 0 1 0 2 0 1 0 2 2 1 1 1 3 3 0 1 3 3 0.3439144051 2
0 2 1 1 1 2 0 0 3 0 3 2 1 3 1 1 0 1 1 0 2 3 3 0 1 3 0 1 2 0 2 3 1 1 1 3 0.3321580531 2
3 1 1 0 2 1 3 0 2 2 2 3 2 1 3 2 0 1 3 3 3 3 1 2 2 3 3 2 0 0 3 2 0 1 1 1 0.7497091866 2
1 3 0 3 2 1 1 3 1 1 1 1 2 3 2 2 0 0 2 0 0 3 0 3 2 3 3 0 1 3 0 1 1 1 1 2 0.5927255389 2
3 0 2 1 3 0 1 3 1 0 2 0 2 0 2 2 3 0 0 0 2 3 0 2 1 2 0 1 2 2 1 0 0 2 2 0 0.3474320193 2
3 3 3 1 0 3 3 0 3 2 1 2 0 3 1 1 2 1 1 1 0 3 2 3 2 3 2 0 3 0 2 0 0 2 3 1 0.308950706 2
3 0 2 1 2 1 0 3 2 3 0 2 1 2 1 1 0 0 3 2 2 1 3 0 0 1 0 1 0 3 2 3 3 3 1 2 0.3364806498 2
0 2 0 3 0 3 1 2 3 2 0 1 1 3 3 1 0 3 3 1 2 3 3 0 2 1 0 0 1 0 0 2 3 2 2 0 0.3572822687 2
0 2 2 1 1 1 0 3 0 1 2 3 2 0 3 3 0 3 2 2 1 0 3 0 3 3 1 3 3 0 2 2 3 2 3 0 0.3022104176 2
0 3 3 3 0 2 0 2 1 1 3 3 2 3 1 0 2 0 1 1 0 3 1 1 3 3 1 0 0 0 1 0 1 1 3 0 0.3255563301 2
2 0 3 2 3 2 0 0 1 0 1 0 2 3 0 2 1 0 2 3 3 1 0 1 1 1 2 1 3 1 3 3 3 3 2 3 0.5336088039 2
3 2 3 0 0 3 0 0 2 0 0 1 3 2 0 1 1 0 0 3 0 3 0 2 1 1 0 2 1 1 1 2 1 3 2 1 0.288894617 2
3 1 0 1 0 0 3 3 2 1 2 0 2 0 1 2 2 3 1 3 3 3 0 3 1 3 0 3 3 2 3 2 0 0 1 0 0.3418020796 2
2 2 3 3 3 1 2 3 3 3 1 2 1 0 2 3 0 0 0 2 1 3 3 2 3 2 3 1 0 3 0 3 3 0 1 3 0.4142135624 2
2 1 1 1 2 3 1 0 0 2 1 2 3 0 1 0 0 1 0 3 0 3 2 1 3 2 3 3 1 0 0 2 1 1 0 0 0.4932215826 2
3 3 1 0 2 2 0 0 1 2 0 0 0 3 0 3 3 3 3 2 2 3 1 0 3 0 3 3 1 2 3 3 3 3 1 3 0.2984058257 2
1 2 3 0 3 0 3 1 3 0 0 2 2 2 0 3 1 3 3 0 0 2 3 0 3 1 0 3 3 0 3 2 1 2 3 1 0.4501927085 2
2 0 2 0 1 1 1 3 3 2 0 3 1 2 0 1 1 3 1 3 2 3 1 0 2 1 0 1 2 3 3 3 3 1 3 0 0.3572822687 2
0 2 1 1 3 1 3 2 0 3 1 1 3 1 0 2 1 3 3 2 2 1 0 0 1 3 3 3 2 3 1 1 2 3 2 0 0.5071671483 2
2 1 1 3 0 2 3 1 0 2 2 2 2 1 2 1 1 3 1 1 2 3 1 3 1 2 3 0 2 3 3 2 1 2 0 0 0.2989055052 2
1 1 2 3 0 2 2 1 2 2 1 0 3 1 1 1 2 1 3 0 1 0 0 0 3 1 2 1 0 2 0 2 0 2 0 0 0.2898979486 2
0 0 3 0 1 1 1 2 3 1 2 0 2 3 3 2 2 3 1 1 0 2 3 2 3 1 0 2 1 2 3 2 3 2 3 0 0.3244736208 2
0 3 1 3 2 2 1 1 1 2 0 0 3 0 2 2 0 2 3 2 0 2 3 3 2 0 2 3 3 1 0 1 2 0 2 3 0.6492741221 2
2 1 0 3 2 0 2 0 0 3 0 1 0 2 1 2 2 2 2 0 2 1 1 0 2 2 2 2 3 1 2 0 3 3 1 3 0.2921175608 2
3 3 0 2 3 1 3 1 0 2 0 2 1 2 0 1 3 1 0 3 2 3 0 2 2 1 1 0 2 3 3 0 3 1 1 1 0.3572822687 2
3 1 2 2 3 0 2 1 0 3 2 2 3 0 3 0 1 0 1 2 2 3 3 1 1 1 2 2 3 1 1 3 2 2 2 3 0.6792850868 2
2 0 2 0 2 1 0 0 2 0 1 2 0 1 1 0 2 0 2 2 1 1 3 2 1 2 1 2 0 0 3 0 2 3 0 2 0.2843480223 2
2 0 0 2 0 2 0 0 0 1 1 0 1 2 1 1 2 0 3 1 3 3 2 0 1 1 3 3 0 3 3 0 1 1 0 0 0.3418020796 2
2 2 3 1 3 0 0 0 3 3 3 0 3 1 3 1 3 0 0 1 1 1 3 1 0 0 0 1 1 2 1 1 3 1 3 0 0.3522999516 2
0 3 1 0 3 1 2 0 0 0 2 3 2 1 1 2 0 3 1 1 3 1 1 0 2 2 3 1 2 1 3 3 1 3 0 1 0.3210538243 2
0 1 0 2 3 1 2 1 2 1 0 0 1 3 0 1 3 3 2 1 0 3 0 2 2 3 2 2 2 0 1 0 2 3 0 1 0.3005423822 2
0 3 2 0 2 2 0 3 1 1 2 3 0 1 3 1 1 0 0 3 0 3 1 1 1 2 2 0 0 2 2 0 3 0 1 0 0.3055166403 2
1 1 3 2 3 2 3 0 3 2 2 3 0 2 3 3 1 1 1 0 0 2 1 0 2 2 1 2 3 3 1 1 3 1 3 1 0.2804379536 2
0 3 0 2 1 1 2 3 3 3 0 2 3 1 1 1 0 0 3 3 2 1 0 0 0 1 2 0 1 0 2 2 1 3 0 3 0.5927255389 2
3 2 3 3 2 3 0 1 1 1 3 1 0 3 1 1 2 2 0 0 2 2 3 0 0 0 0 0 1 1 0 0 0 0 3 1 0.3835303427 2
3 0 0 1 3 1 3 3 0 3 2 3 1 3 1 3 1 0 2 1 3 2 0 0 1 2 3 1 2 3 3 2 3 0 2 2 0.3142042283 2
3 2 1 3 1 2 2 2 0 1 1 0 1 3 0 1 1 0 3 0 0 0 2 2 2 3 0 1 1 2 3 2 3 0 3 0 0.3737950927 2
1 1 3 0 2 2 2 2 1 0 1 1 3 0 3 3 1 3 0 1 1 1 2 3 3 3 2 3 3 3 1 2 2 3 2 0 0.3474320193 2
3 3 1 3 3 1 0 0 0 3 1 3 0 2 0 3 0 3 2 0 2 2 0 2 1 2 0 0 2 0 0 3 1 0 2 1 0.2875668903 2
3 1 3 0 0 3 3 0 0 1 3 3 3 3 2 3 3 0 2 3 3 1 1 2 3 2 3 1 2 2 1 2 0 2 3 2 0.324885698 2
1 0 0 1 1 1 0 1 1 1 1 2 1 3 1 1 2 0 2 1 1 3 0 3 2 1 2 0 3 3 3 2 2 3 2 0 0.3183767839 2
0 0 3 3 3 2 0 1 2 3 3 1 0 3 3 0 1 1 3 1 2 0 2 0 0 0 3 1 1 1 1 0 1 1 1 1 0.388756727 2
1 3 2 2 0 3 3 0 3 2 2 2 3 1 1 0 2 1 0 2 1 2 2 3 2 3 2 1 0 1 1 0 1 2 0 0 0.3474320193 2
2 0 1 0 2 3 3 1 1 0 2 0 3 2 0 3 1 1 1 1 0 3 2 3 0 1 1 3 0 0 1 2 3 3 1 0 0.3474320193 2
3 2 0 0 0 3 0 3 3 3 3 1 2 3 3 0 2 1 0 0 0 0 2 0 0 1 0 2 1 3 3 1 3 1 2 0 0.388756727 2
3 0 2 3 1 2 2 2 3 1 1 1 2 2 3 2 2 2 1 3 2 3 2 1 2 0 0 3 0 0 2 2 1 3 1 3 0.5071671483 2
0 3 3 0 0 1 2 1 1 0 2 0 2 0 0 3 2 1 2 2 2 2 0 0 1 0 0 2 0 1 2 2 0 3 2 2 0.3055166403 2
2 3 3 0 2 0 2 3 0 1 1 3 3 3 0 3 0 0 1 3 0 3 2 1 3 1 1 1 0 1 0 0 1 2 3 3 0.4142135624 2
0 2 3 1 0 2 1 3 2 3 0 1 1 3 0 0 3 3 0 3 2 1 1 0 2 1 3 3 3 0 0 1 0 3 3 2 0.5927255389 2
0 2 2 0 0 1 1 1 3 3 1 2 0 0 3 0 2 2 1 1 1 3 0 3 2 2 2 3 1 3 1 0 0 1 1 0 0.3183767839 2
3 3 0 1 1 3 3 0 3 2 0 3 1 1 1 1 1 0 1 3 0 3 2 3 3 3 0 1 0 1 0 1 0 3 0 3 0.2963204151 2
1 3 2 2 2 2 1 0 3 1 1 2 1 1 3 1 3 1 0 1 1 0 3 1 0 0 1 0 1 0 1 1 1 3 0 1 0.5336088039 2
2 2 2 2 3 1 3 1 1 3 0 0 3 2 1 3 1 2 1 3 2 2 1 2 3 1 0 1 2 3 2 2 3 1 1 2 0.4472135955 2
3 2 1 0 2 3 1 3 2 2 2 0 0 2 0 1 1 3 2 1 2 1 1 1 2 2 2 1 0 1 1 1 2 0 2 0 0.354867572 2
1 2 3 3 3 1 2 2 1 1 2 1 2 2 2 0 3 3 1 2 1 0 3 0 0 3 0 1 1 2 1 3 3 0 3 3 0.2819098524 2
3 2 3 0 2 0 3 0 3 1 1 2 0 2 0 3 3 0 1 1 0 3 1 0 3 0 0 0 3 1 1 1 2 3 1 3 0.395590895 2
3 3 2 1 2 2 3 2 3 2 1 3 3 1 2 0 1 1 2 1 0 1 3 1 3 0 1 0 3 0 2 0 2 2 0 2 0.3835303427 2
3 3 3 2 0 0 3 1 2 1 1 1 1 0 2 3 2 1 1 0 0 2 0 0 1 1 2 0 3 1 2 1 1 1 2 0 0.3157755779 2
3 1 1 3 0 2 3 1 1 3 2 2 2 0 0 3 3 0 2 0 0 1 3 0 2 3 2 3 3 0 0 1 2 0 3 3 0.2898979486 2
2 2 3 0 1 2 3 0 1 1 2 3 1 0 3 2 0 1 1 1 3 1 3 3 0 1 1 1 0 3 1 1 3 1 1 3 0.6492741221 2
0 3 1 3 3 1 1 1 0 0 1 1 3 1 0 1 0 2 1 0 2 1 1 3 2 3 1 1 3 0 3 1 3 0 1 2 0.304113536 2
1 3 2 1 3 3 2 1 1 2 1 3 3 3 1 1 1 2 3 1 1 2 3 3 2 0 2 2 0 2 2 0 1 2 2 1 0.3737950927 2
2 1 0 2 0 1 2 0 0 0 2 2 0 2 0 0 2 2 3 1 0 2 3 2 0 3 0 3 0 2 0 0 2 3 3 3 0.3804245211 2
0 0 1 1 2 3 1 3 0 1 2 1 1 3 2 0 3 3 1 2 3 0 0 2 0 2 1 2 3 0 1 1 0 1 3 1 0.3092983413 2
0 1 1 3 2 0 3 3 3 2 2 0 0 2 2 1 0 1 3 2 1 1 2 3 3 1 1 3 0 0 1 2 2 2 1 3 0.2930491235 2
1 3 1 1 1 2 0 1 2 3 2 0 2 3 1 2 2 1 3 0 2 0 3 1 3 3 1 3 0 3 1 2 3 0 2 0 0.388756727 2
3 3 0 0 0 0 1 2 2 0 3 0 0 1 0 3 0 3 3 0 3 0 0 3 3 2 2 1 0 2 1 1 2 3 0 1 0.3208092227 2
1 1 3 1 2 2 3 2 0 2 1 1 1 1 3 2 1 0 3 0 0 1 1 0 1 2 0 3 1 3 0 0 2 3 2 0 0.3474320193 2
3 0 0 2 0 0 0 2 3 2 0 1 3 0 2 3 0 1 1 0 1 2 0 1 3 3 3 1 1 3 1 0 0 1 1 1 0.3005423822 2
0 3 2 2 3 0 2 0 0 0 0 2 3 0 1 3 1 1 0 1 1 1 3 0 1 3 0 1 1 1 3 3 1 2 3 2 0.282163914 2
2 2 1 0 3 1 0 0 3 0 0 1 1 3 0 2 2 3 1 2 2 0 3 2 2 2 2 2 2 3 0 1 3 2 0 3 0.3060584883 2
2 3 0 1 1 1 0 2 3 1 2 0 1 3 2 0 1 0 3 3 3 0 2 3 0 2 0 1 3 0 2 2 3 2 1 2 0.354867572 2
0 0 3 3 2 2 1 2 2 0 1 2 1 2 1 3 0 1 3 2 3 0 1 3 2 0 0 1 2 0 1 3 3 3 1 1 0.3655178698 2
2 0 0 1 2 3 2 3 0 3 2 0 0 3 2 2 1 0 2 2 1 3 3 1 2 3 3 2 1 2 1 3 3 0 1 2 0.3000332808 2
0 2 1 0 1 3 2 3 1 0 1 2 0 3 2 1 3 3 1 2 2 2 0 0 2 2 3 1 3 3 0 3 3 0 0 1 0.3397347183 2
3 2 1 3 3 2 0 1 3 0 1 0 0 3 3 1 0 0 3 2 1 0 1 0 1 1 0 0 3 0 0 0 3 1 3 3 0.4405203074 2
3 3 0 0 3 1 0 2 0 3 2 1 0 0 1 0 2 2 3 2 1 1 3 1 0 2 1 0 3 0 2 3 0 0 3 3 0.3142042283 2
0 2 1 1 2 3 3 2 2 2 1 3 3 0 1 0 2 3 1 3 3 3 3 3 1 2 0 2 1 3 3 3 2 0 2 2 0.2898979486 2
1 3 3 3 0 2 2 1 1 3 0 0 1 2 2 3 2 0 0 0 3 1 1 0 0 3 1 0 1 3 0 1 0 1 3 1 0.3572822687 2
1 0 1 2 3 0 2 0 0 2 1 1 3 2 0 3 3 1 3 3 0 1 1 2 1 3 3 1 3 3 2 3 0 3 0 2 0.3005423822 2
0 2 1 0 2 1 1 3 2 3 2 1 2 2 3 2 1 0 0 3 0 3 3 1 2 0 3 2 3 1 2 1 1 1 3 2 0.3767080349 2
3 3 1 3 0 2 1 0 1 2 2 0 0 3 1 3 1 1 3 2 2 3 3 2 1 0 1 0 0 1 3 2 3 0 0 1 0.3005423822 2
3 1 1 3 0 2 1 1 0 2 3 0 2 1 0 2 2 3 3 0 1 0 1 3 2 1 1 1 2 1 0 2 0 3 3 2 0.354867572 2
2 0 1 1 1 0 2 1 3 2 3 2 3 2 1 1 0 2 0 2 3 0 3 3 1 1 0 2 3 1 1 2 2 2 2 0 0.4142135624 2
2 2 2 2 3 1 0 3 3 1 2 0 2 0 3 3 2 1 3 0 0 2 2 2 2 3 0 3 0 0 1 0 2 0 1 3 0.2861577002 2
3 0 1 0 0 0 1 0 3 2 0 0 3 1 0 2 3 0 1 1 3 0 2 3 1 1 2 3 3 3 0 3 1 0 3 2 0.3835303427 2
0 3 1 3 3 0 3 0 2 1 2 2 1 2 1 3 3 1 3 2 2 1 1 2 1 3 3 3 1 3 3 2 0 2 3 1 0.2984058257 2
2 3 0 1 0 1 1 3 3 0 3 3 1 2 1 2 2 3 1 0 0 2 2 2 1 0 1 2 0 2 3 0 1 3 3 1 0.3210538243 2
0 1 1 3 1 2 0 2 3 2 1 3 3 0 3 3 2 0 2 0 0 1 0 0 2 0 2 2 1 2 0 2 1 2 3 0 0.304978078 2
1 3 1 2 3 1 0 0 0 0 2 3 1 1 1 2 2 0 2 0 2 1 1 2 2 1 0 2 3 2 2 0 2 1 3 2 0.3255563301 2
3 3 0 1 3 2 2 0 2 3 0 2 0 1 2 3 3 3 1 0 2 0 3 1 1 3 2 2 3 3 0 1 0 0 3 0 0.4472135955 2
3 1 1 3 3 1 1 3 0 3 1 2 1 1 2 3 1 2 3 1 3 1 1 0 3 1 0 1 3 3 2 2 3 3 0 3 0.3418020796 2
1 0 1 1 1 0 3 0 0 0 1 0 3 3 0 1 3 0 1 0 2 0 1 0 3 3 3 2 3 2 0 3 0 0 0 0 0.2898979486 2
3 0 3 2 2 2 3 2 2 3 1 3 1 0 3 2 0 3 2 0 2 3 0 0 3 2 3 1 2 0 1 1 3 3 2 0 0.304113536 2
1 0 2 2 1 3 0 2 2 1 1 0 1 1 1 3 2 0 3 3 1 2 0 1 3 1 0 0 3 3 3 1 1 2 2 0 0.2898979486 2
3 3 3 3 0 3 3 0 1 1 3 0 1 3 0 1 1 1 1 3 2 2 2 3 2 2 1 3 3 0 1 2 2 3 1 0 0.3835303427 2
0 3 0 1 0 1 1 2 0 0 2 0 0 2 0 2 2 0 1 1 1 0 0 2 0 0 0 1 0 2 3 1 1 3 1 2 0.282163914 2
3 2 1 0 2 2 2 3 1 2 2 1 2 1 3 3 0 3 1 1 2 2 1 1 1 3 1 1 3 3 1 0 0 2 0 2 0.3964268956 2
0 1 2 3 0 1 0 1 0 0 1 1 1 1 3 0 0 0 0 0 0 2 1 1 3 0 2 3 3 1 1 0 2 0 2 1 0.375585761 2
2 3 1 2 3 0 0 2 0 1 0 2 1 1 1 1 1 3 2 3 3 0 2 3 1 3 2 2 1 3 3 1 0 0 3 3 0.3302867025 2
3 3 0 1 0 0 1 1 1 0 0 2 0 0 0 3 1 1 3 1 1 0 3 2 3 3 2 2 0 1 1 2 1 0 0 0 0.3727036241 2
2 1 3 0 0 0 3 1 0 2 2 0 0 3 1 2 0 3 0 1 3 2 3 2 0 0 3 1 0 1 3 3 0 1 3 1 0.4472135955 2
0 2 2 1 1 2 0 2 2 2 2 0 1 1 1 3 2 2 0 3 0 0 0 2 1 1 0 2 3 1 1 0 2 2 1 1 0.5362851655 2
3 0 2 1 2 1 0 2 3 2 1 1 2 3 2 3 2 0 1 0 3 0 1 0 2 3 2 2 2 2 2 0 1 3 1 1 0.3117179653 2
0 3 2 2 1 2 0 2 1 2 3 3 0 0 3 1 3 2 0 1 2 2 2 1 0 1 1 3 2 2 0 3 0 2 2 2 0.363892531 2
3 1 0 3 1 3 1 2 1 3 2 0 0 2 1 1 3 3 0 3 3 0 0 3 3 1 2 2 3 1 3 1 2 2 0 0 0.4142135624 2
2 2 1 1 1 3 0 0 1 0 0 2 1 1 0 0 1 2 3 0 3 3 1 1 3 0 0 1 0 1 3 2 2 2 1 1 0.3085228603 2
2 2 1 0 2 0 3 3 0 3 1 0 0 2 3 2 1 3 1 3 0 3 1 2 2 1 2 3 3 1 3 2 2 3 2 2 0.388756727 2
1 1 0 2 1 2 1 1 2 0 0 3 1 3 1 0 2 2 1 3 2 3 0 0 0 0 0 1 0 3 1 3 3 1 1 1 0.3142042283 2
0 0 3 1 0 3 0 3 0 1 2 1 3 1 1 2 3 3 1 0 3 0 3 2 3 2 3 1 1 1 1 3 0 0 2 0 0.2982157188 2
0 0 1 1 2 1 3 0 2 0 2 0 1 2 0 2 2 3 2 3 2 2 1 3 0 0 2 2 2 1 2 1 2 1 0 0 0.3171394447 2
3 3 3 0 0 0 2 2 0 3 0 3 2 1 2 0 1 2 1 1 3 3 2 1 3 0 2 3 2 2 1 0 3 0 2 0 0.3867300211 2
2 1 2 0 0 3 0 0 3 3 1 2 3 0 0 2 1 0 0 1 0 0 3 0 2 2 1 2 1 0 1 0 1 2 0 0 0.5071671483 2
0 3 0 1 1 0 1 1 3 1 3 0 1 2 0 3 3 1 1 0 0 1 0 3 3 3 0 1 0 1 0 3 1 0 2 1 0.3142042283 2
3 0 2 0 3 3 3 2 0 3 0 0 2 3 0 1 1 0 2 0 0 1 2 1 1 0 3 0 2 2 0 0 1 3 1 2 0.3193901603 2
3 0 3 1 3 1 1 2 1 1 2 2 1 0 1 1 3 0 1 0 3 0 2 2 2 1 2 2 2 3 0 0 2 1 0 3 0.5071671483 2
2 2 2 2 0 2 2 0 3 2 1 2 0 1 0 3 3 1 0 0 0 1 2 0 0 0 1 3 2 0 0 1 0 1 2 2 0.2804379536 2
0 0 2 3 3 2 1 0 0 2 0 0 3 0 0 1 1 1 3 2 3 2 2 0 3 2 0 3 3 1 0 1 1 1 2 1 0.3144318014 2
0 2 0 2 0 1 3 0 3 3 2 3 3 0 0 0 3 3 1 0 3 3 3 0 1 3 3 3 3 2 2 0 2 3 3 0 0.6670121829 2
0 0 3 3 1 1 1 0 0 0 1 0 1 3 3 1 3 2 0 2 2 2 2 0 3 0 1 2 1 0 3 1 3 2 3 1 0.3255563301 2
3 2 3 1 2 2 1 1 3 3 2 2 1 3 0 1 2 2 1 1 2 2 0 0 3 1 3 2 1 1 2 2 3 2 0 1 0.3055166403 2
0 2 2 3 0 0 0 2 1 3 0 0 0 0 1 1 2 3 0 2 2 1 1 1 3 3 0 2 0 1 3 2 0 1 2 1 0.282163914 2
2 3 0 1 2 2 1 3 3 3 3 0 3 3 0 3 1 3 2 1 1 1 3 3 0 1 1 3 1 0 1 0 1 3 0 1 0.3244736208 2
2 3 2 1 2 0 1 1 1 1 2 2 3 1 0 3 2 3 2 0 1 2 1 2 3 3 0 2 2 2 2 3 3 1 3 1 0.4334666118 2
1 1 3 0 0 0 1 0 0 3 3 3 1 1 2 3 0 0 2 3 0 1 0 0 0 0 2 0 3 3 3 2 1 3 3 0 0.3474320193 2
0 0 0 3 0 0 0 1 0 2 0 1 2 3 2 1 1 1 1 3 0 1 3 3 3 1 3 1 0 0 2 3 3 1 2 0 0.395590895 2
1 2 1 0 0 0 3 0 3 1 3 0 1 0 3 0 2 2 0 1 1 0 0 2 0 1 0 0 1 0 3 2 1 1 2 2 0.3081782158 2
3 2 0 1 0 2 2 0 3 2 2 1 2 2 0 1 3 3 0 3 0 3 0 3 2 0 0 3 0 0 2 3 1 2 2 0 0.43537357 2
1 1 0 1 1 2 0 1 1 3 1 3 0 0 1 1 0 2 2 3 2 3 1 0 1 3 2 3 1 0 2 3 2 3 0 0 0.3142042283 2
1 2 2 2 0 0 3 1 1 1 2 2 2 3 1 0 3 1 2 1 1 3 2 0 2 2 1 3 1 2 2 3 1 2 2 0 0.2817532212 2
3 0 0 0 1 3 1 0 0 1 1 2 3 3 2 3 0 1 0 3 0 1 3 2 0 3 1 3 0 3 0 2 2 2 3 2 0.3364806498 2
0 2 0 3 0 1 2 2 3 3 0 0 2 1 1 3 0 0 1 1 3 0 2 3 2 0 0 0 1 0 1 1 2 3 3 1 0.2850346585 2
1 1 3 3 0 3 2 3 1 1 0 1 1 2 2 2 2 0 2 2 0 0 3 1 0 0 0 2 0 0 0 3 3 1 3 0 0.4472135955 2
0 2 0 0 1 0 2 0 1 2 1 3 1 0 1 3 2 3 3 0 3 0 3 3 1 2 2 0 1 0 2 1 0 3 1 0 0.3418020796 2
1 2 0 2 1 2 3 1 3 3 3 0 1 1 3 2 1 1 3 1 2 3 3 0 3 2 2 3 1 1 3 3 2 3 2 3 0.2958353457 2
1 2 0 1 2 0 0 1 3 2 1 2 2 0 3 3 0 3 2 2 0 3 0 2 2 2 2 0 1 3 2 0 3 2 0 3 0.363892531 2
0 2 0 1 3 2 1 1 2 3 1 0 1 3 1 3 0 0 0 0 2 2 0 3 0 3 0 0 0 1 1 1 3 1 2 2 0.461294566 2
3 0 2 2 0 0 0 1 1 0 2 0 3 3 3 0 0 3 3 0 1 0 1 2 0 1 0 1 2 1 3 2 3 2 2 2 0.2963204151 2
3 1 0 1 0 0 2 0 1 2 3 3 0 2 2 3 3 2 0 1 1 0 3 0 1 2 2 1 0 3 1 1 2 0 3 3 0.3474320193 2
3 3 1 0 2 0 1 2 3 0 2 2 1 3 3 0 3 0 2 3 2 3 2 1 0 1 0 3 1 2 3 1 3 2 1 1 0.2898979486 2
2 2 3 2 1 3 3 1 3 0 1 2 1 1 3 3 0 1 0 2 3 3 1 0 0 2 3 3 1 3 3 2 0 2 3 3 0.2898979486 2
1 0 0 0 0 1 0 0 3 3 3 2 2 2 0 1 3 1 0 0 2 0 3 1 1 0 0 3 0 1 0 0 1 3 2 0 0.5927255389 2
1 0 2 2 0 3 3 0 1 3 3 3 1 2 0 2 1 3 3 0 2 3 2 1 3 1 3 2 0 1 1 2 3 0 2 0 0.2984058257 2
2 0 2 3 1 3 1 0 0 2 0 3 2 3 3 3 2 1 0 0 1 0 2 0 3 2 2 3 3 3 1 3 3 1 3 0 0.3142042283 2
1 2 2 3 0 3 3 0 0 2 3 2 3 3 2 3 1 0 0 0 2 1 2 3 2 3 1 3 2 2 2 2 3 2 3 3 0.3835303427 2
1 1 0 1 0 0 1 2 3 1 0 1 2 2 0 1 0 0 1 3 0 1 3 1 2 0 3 2 3 0 0 0 1 0 1 3 0.3613164298 2
2 3 1 1 1 0 2 1 2 3 2 1 3 3 1 3 3 1 0 2 2 3 2 3 3 2 2 0 1 3 1 0 1 2 2 1 0.3474320193 2
1 1 2 0 0 1 0 3 0 2 2 0 0 1 2 3 0 2 1 2 1 1 2 0 1 2 1 3 0 1 3 0 0 2 2 1 0.4932215826 2
0 0 3 3 0 1 2 0 2 3 1 2 0 1 3 2 1 2 3 3 2 3 3 1 0 2 1 2 2 2 3 2 3 0 1 1 0.3804245211 2
1 1 2 1 2 2 1 1 1 1 3 0 3 2 0 3 2 2 3 2 0 2 1 2 3 1 2 1 0 3 0 1 3 2 0 2 0.3613164298 2
3 3 3 2 1 0 0 3 1 2 2 1 0 1 2 3 0 1 2 2 2 0 1 2 3 1 1 0 3 3 1 3 3 1 3 0 0.3302867025 2
2 2 3 2 2 2 1 1 0 2 2 1 2 0 0 3 1 2 2 0 2 0 3 1 0 3 2 1 0 3 2 0 0 2 0 1 0.441769316 2
3 3 3 0 1 0 1 2 0 0 3 1 3 3 0 3 0 3 0 0 1 1 0 2 2 0 2 1 2 1 0 1 0 1 3 3 0.3326052574 2
2 0 0 3 2 2 3 0 0 1 1 3 3 1 0 3 2 0 3 3 0 1 1 3 1 1 0 0 2 3 0 1 3 0 2 3 0.4142135624 2
3 3 0 3 0 0 3 3 2 2 1 2 1 0 1 3 0 2 1 0 1 3 0 3 2 0 3 1 1 1 1 3 0 0 3 2 0.5761894145 2
2 0 1 1 3 3 1 1 2 1 0 3 1 1 0 1 2 0 1 0 2 3 3 1 1 1 2 1 2 1 2 0 3 0 2 1 0.4184720066 2
1 0 2 1 2 0 0 0 1 3 2 2 1 2 1 3 2 1 2 0 2 2 3 0 1 3 2 3 2 1 3 2 0 3 2 3 0.3302867025 2
1 3 3 0 1 2 0 3 0 2 2 0 1 0 0 2 1 2 3 0 2 0 1 1 1 1 3 1 0 2 2 1 2 1 3 3 0.485324478 2
3 2 3 1 2 3 3 1 3 2 1 2 3 0 1 0 3 2 0 2 2 2 0 2 3 3 0 2 3 3 0 0 1 0 3 1 0.4076499498 2
3 2 3 2 1 0 2 1 0 2 0 2 3 1 2 0 2 3 3 0 1 3 2 2 3 1 1 0 0 3 1 0 0 2 1 3 0.2850346585 2
0 3 3 3 3 0 2 3 3 2 2 2 0 2 1 2 2 2 0 2 2 2 0 0 3 3 0 1 3 3 0 3 2 1 2 0 0.303785526 2
0 0 3 2 3 1 2 0 3 2 0 0 0 0 0 2 3 0 1 2 2 0 3 1 3 3 1 0 1 0 1 3 1 3 3 1 0.2984058257 2
1 3 2 3 3 2 3 1 2 3 1 2 2 3 0 1 1 1 2 1 3 1 2 0 2 0 0 0 3 2 1 3 3 3 3 2 0.3255563301 2
0 2 2 0 0 2 0 3 1 0 1 0 1 3 0 0 3 3 2 1 2 3 2 0 3 2 3 0 3 1 3 2 3 0 2 1 0.4142135624 2
0 2 2 1 3 1 0 2 3 2 3 1 1 0 3 0 0 3 1 0 3 0 0 0 2 2 3 0 0 1 0 1 1 1 0 0 0.3496707166 2
1 2 0 0 3 3 1 0 3 1 2 0 2 3 2 1 0 2 0 3 3 2 2 0 0 0 0 2 1 1 2 2 1 2 2 0 0.3439144051 2
1 2 2 3 2 3 1 2 0 3 1 3 0 2 3 3 1 3 3 0 0 0 2 3 3 0 2 0 2 2 0 1 3 3 3 0 0.375585761 2
3 2 2 0 3 1 2 1 2 1 3 3 2 2 0 1 1 3 3 2 1 2 2 1 0 1 3 2 0 0 3 3 2 0 3 1 0.6492741221 2
3 2 1 3 1 2 1 1 1 2 3 1 1 2 3 2 3 3 2 1 0 0 1 1 1 1 2 1 1 3 2 3 0 2 2 0 0.4425479954 2
3 2 2 3 3 0 2 0 1 2 1 3 3 1 1 0 3 3 0 2 2 0 3 1 0 3 2 0 2 2 0 2 0 2 2 3 0.3018893954 2
1 1 1 2 2 0 3 0 2 2 3 3 3 2 2 2 1 0 3 0 3 3 0 3 2 3 2 0 3 0 2 1 2 1 2 2 0.5846609003 2
3 3 2 0 1 1 3 3 0 2 1 0 1 3 1 0 2 1 3 2 2 1 0 1 1 0 1 0 0 1 3 1 3 1 0 1 0.304113536 2
0 3 1 3 2 2 0 0 3 3 1 1 1 3 1 2 3 3 3 0 2 0 3 2 3 0 3 3 1 1 0 2 3 0 0 2 0.3572822687 2
0 2 2 2 3 2 2 1 1 1 3 1 1 0 2 1 3 0 0 3 1 1 3 3 3 0 1 0 0 2 1 3 3 2 3 3 0.304113536 2
0 2 1 3 0 2 1 1 2 1 2 0 2 2 1 1 1 0 0 2 0 0 3 1 1 1 0 0 1 1 2 2 3 1 0 2 0.3799789393 2
1 3 1 2 3 0 1 2 1 2 1 2 3 0 1 1 0 2 2 0 3 0 1 3 3 1 1 2 1 2 1 3 2 1 0 0 0.3519612949 2
3 3 2 3 1 0 1 2 0 1 1 1 0 3 1 0 3 2 2 3 2 0 2 0 0 1 2 3 1 2 0 1 0 2 3 0 0.3418020796 2
3 3 2 2 0 0 0 1 2 0 1 2 2 0 1 0 1 0 3 1 3 3 1 0 3 1 0 2 0 0 2 1 1 2 2 3 0.43537357 2
2 0 0 3 0 0 3 3 1 3 3 2 3 2 2 3 1 1 3 0 0 3 2 2 2 0 0 0 1 1 3 3 1 3 1 2 0.4472135955 2
3 1 1 1 1 2 0 2 3 0 2 1 0 3 1 2 2 0 3 3 3 0 2 0 3 2 0 1 0 2 1 3 2 0 0 0 0.3005423822 2
3 1 1 0 3 1 1 2 3 3 1 3 0 1 1 1 1 2 0 0 1 0 3 0 2 1 3 0 1 3 3 0 2 3 0 0 0.3321580531 2
3 1 3 2 1 0 0 3 0 3 0 3 2 0 0 2 3 1 3 0 1 0 0 1 3 2 1 2 2 0 0 1 1 1 2 3 0.3655178698 2
3 3 2 0 1 2 2 0 0 2 2 0 2 3 2 1 1 2 1 0 1 3 3 3 1 2 3 0 0 0 0 0 3 2 2 1 0.5336088039 2
3 3 1 3 1 2 3 2 0 1 3 1 0 2 1 0 2 2 2 1 1 0 2 3 1 2 3 3 3 2 2 1 1 0 2 3 0.3055166403 2
3 0 0 0 3 2 2 0 3 0 2 3 1 1 1 1 0 2 0 2 3 1 3 3 0 1 3 3 3 3 0 2 2 1 1 0 0.2971110716 2
1 3 0 3 3 2 2 0 0 2 3 1 0 1 0 2 0 0 2 2 0 3 1 3 0 1 0 2 0 3 1 1 2 3 1 3 0.3418020796 2
1 2 2 2 0 1 3 1 3 0 1 0 2 1 3 0 3 1 2 2 0 3 3 3 2 1 1 0 1 3 2 0 0 3 0 0 0.4565940367 2
3 1 0 2 1 2 2 1 0 3 0 1 1 2 0 3 1 0 0 3 0 1 1 3 3 0 2 2 1 0 0 0 1 0 3 3 0.3210538243 2
0 1 2 3 0 2 3 1 3 1 0 2 2 1 0 3 2 1 3 1 0 3 3 3 0 3 0 1 3 2 1 2 1 0 1 0 0.4142135624 2
3 3 3 2 0 3 3 2 2 3 0 0 0 3 0 3 3 0 1 2 1 0 0 2 3 3 3 3 3 0 3 3 2 3 2 3 0.3397347183 2
2 3 2 3 2 3 0 2 2 0 0 2 1 3 0 3 1 2 3 1 1 3 0 0 3 2 1 3 0 0 0 0 3 0 2 1 0.3142042283 2
3 2 1 1 1 1 2 0 0 2 1 0 1 3 2 0 0 2 1 2 2 1 1 1 3 3 3 1 1 0 0 2 3 0 1 2 0.3142042283 2
0 3 1 0 2 3 3 3 0 0 3 3 0 0 1 3 1 1 0 1 2 0 0 0 2 1 3 0 3 2 1 3 3 3 1 0 0.3173744686 2
3 0 3 1 1 3 1 2 3 2 3 2 3 3 3 1 2 3 3 2 3 1 1 0 3 3 1 0 0 0 1 3 1 2 3 1 0.3302867025 2
2 1 3 2 1 1 1 3 0 1 1 3 3 3 1 1 1 2 2 2 0 3 1 3 3 1 0 2 3 3 1 0 2 0 2 1 0.3572822687 2
3 0 1 1 2 3 1 2 1 1 2 1 0 0 2 2 2 0 2 2 3 1 3 2 0 0 2 1 0 2 0 2 2 1 0 3 0.3835303427 2
0 2 0 1 3 3 2 2 3 3 2 3 1 1 0 1 1 0 1 2 0 2 3 2 2 0 1 1 2 1 1 0 1 3 2 3 0.3102148911 2
1 3 0 2 0 0 0 0 0 2 2 0 1 1 2 2 1 1 3 0 0 2 0 0 2 1 1 2 3 0 2 3 0 2 0 0 0.3157755779 2
1 3 1 0 2 3 0 1 0 1 0 0 1 1 1 1 1 3 0 1 2 3 3 0 3 1 0 1 1 3 1 2 1 3 3 0 0.3727036241 2
2 0 2 2 3 1 1 0 2 2 1 0 3 2 0 3 3 1 1 0 0 0 1 3 0 2 1 0 1 2 2 1 0 3 0 0 0.3183767839 2
3 1 2 0 0 0 0 1 0 2 1 0 1 0 0 1 0 0 3 2 2 3 2 1 1 1 2 3 0 1 3 3 0 3 3 2 0.401454317 2
2 1 0 0 3 2 1 1 3 3 0 3 3 3 2 2 2 3 2 3 3 2 2 1 0 3 0 2 2 2 1 2 3 2 3 2 0.2802840765 2
0 1 2 3 0 2 0 2 3 1 3 3 2 0 1 1 2 1 2 1 3 3 1 3 3 0 1 1 2 2 3 1 2 1 0 0 0.2898979486 2
2 3 0 3 0 0 1 1 1 3 0 3 3 2 3 3 0 2 0 1 1 0 2 0 0 0 2 2 3 3 2 0 2 1 1 1 0.4101114678 2
2 0 3 1 2 2 0 0 3 1 1 3 3 1 3 3 1 2 0 3 1 1 3 0 3 0 0 2 1 0 0 0 3 0 0 3 0.2984058257 2
2 3 0 1 2 0 3 1 0 0 3 2 1 0 1 3 1 3 0 1 3 2 1 1 1 1 0 0 3 2 0 1 0 3 0 2 0.3255563301 2
0 2 2 2 1 2 1 0 1 0 2 2 1 2 2 0 2 3 0 2 1 3 1 0 3 0 0 2 0 2 2 2 3 2 0 1 0.4142135624 2
2 1 1 0 2 1 1 3 2 0 3 2 2 1 0 0 1 3 0 1 0 2 1 0 1 0 2 3 2 2 1 0 2 1 2 0 0.3372389691 2
1 0 3 0 2 2 3 0 2 1 1 1 3 1 1 0 1 0 0 3 1 2 3 3 3 0 2 3 0 3 2 3 3 0 2 0 0.4334666118 2
0 3 1 3 1 2 1 0 0 2 2 3 0 0 0 3 1 0 0 1 2 2 1 3 2 2 1 1 0 0 3 2 2 2 1 0 0.3216972808 2
2 0 0 1 3 2 2 3 1 0 1 1 2 0 2 2 1 0 2 0 1 3 0 3 2 3 0 0 1 1 2 1 3 1 0 2 0.3835303427 2
0 2 3 1 1 2 1 3 3 0 3 1 1 3 1 1 0 3 1 2 0 0 3 0 1 0 2 2 2 1 0 0 2 0 2 3 0.3255563301 2
1 3 2 3 0 1 2 0 0 2 0 0 0 3 2 3 0 3 1 0 1 2 2 0 3 3 2 2 3 2 0 2 0 3 1 2 0.2898979486 2
3 3 3 2 1 2 2 2 0 0 1 0 1 2 1 0 0 2 1 0 0 1 3 2 0 0 3 0 3 1 3 2 3 1 0 3 0.3005423822 2
2 0 1 1 3 0 1 1 2 3 2 3 0 1 1 3 0 2 3 2 2 0 0 3 0 1 2 3 0 3 1 3 1 0 0 0 0.3102148911 2
3 1 1 3 2 1 0 1 2 2 2 0 0 0 1 1 2 1 1 3 2 3 3 2 0 2 3 2 0 3 1 0 3 2 1 0 0.2868593513 2
3 2 1 1 0 1 1 2 3 2 3 1 1 0 1 2 1 0 0 1 0 1 1 1 3 1 2 1 0 3 3 3 3 2 2 3 0.2942840346 2
0 3 0 0 0 0 0 2 0 1 1 0 0 2 3 2 0 0 0 1 0 3 3 3 3 3 1 1 0 2 3 2 2 1 1 3 0.4304465009 2
1 1 1 3 0 0 2 2 0 2 1 1 0 1 0 1 1 0 3 1 2 3 2 3 3 1 3 2 1 0 3 0 0 0 2 3 0.3302867025 2
1 2 0 1 3 2 2 2 1 3 1 3 3 3 1 1 3 0 0 2 1 0 0 3 3 0 1 1 0 2 2 0 3 2 3 3 0.282163914 2
1 2 2 2 2 0 0 2 3 0 0 0 2 0 2 0 3 3 3 1 0 0 2 0 0 2 0 2 1 0 2 0 2 1 2 3 0.2857269627 2
2 0 2 2 2 0 1 1 0 2 0 2 1 2 1 3 3 3 1 3 2 0 0 1 0 2 3 0 3 3 3 1 0 3 1 1 0.3063950271 2
2 3 0 3 2 1 0 2 0 3 3 2 1 3 3 2 0 3 3 1 0 2 0 1 2 3 0 2 0 3 3 0 0 1 1 3 0.4228979929 2
0 2 2 3 2 3 3 1 1 2 0 0 2 1 3 3 0 1 0 1 2 0 3 1 2 3 0 1 1 1 0 2 0 1 1 0 0.3474320193 2
2 1 0 0 2 2 3 0 3 2 3 0 3 3 2 3 3 3 0 3 3 2 0 3 1 3 0 3 0 3 0 0 1 0 1 1 0.3321580531 2
2 3 0 1 3 0 1 3 3 3 0 2 2 2 0 1 3 3 1 2 3 1 3 3 3 1 2 3 2 3 1 1 3 1 3 2 0.3005423822 2
2 1 2 0 1 1 0 1 2 3 0 0 1 1 3 2 2 3 1 0 0 2 2 0 3 3 1 1 0 2 1 0 0 1 0 1 0.4565940367 2
2 0 0 2 2 3 1 2 0 2 1 1 0 2 0 1 3 0 0 0 1 1 3 0 3 2 3 2 2 3 0 0 0 2 0 0 0.4472135955 2
2 2 1 0 3 1 3 0 1 2 0 0 2 2 3 0 0 0 3 1 2 1 1 1 2 1 2 2 3 0 1 0 0 0 1 3 0.3372389691 2
0 3 2 2 1 1 0 1 2 1 0 1 2 3 2 2 2 0 1 2 0 2 2 2 1 2 1 0 0 0 0 0 0 0 3 0 0.5761894145 2
2 1 2 2 2 2 1 0 3 3 1 1 2 3 0 1 2 2 3 0 2 2 0 2 1 1 2 3 1 2 0 0 2 0 2 3 0.3142042283 2
3 2 1 3 3 1 2 3 1 1 0 3 2 3 3 2 0 1 3 3 3 2 2 3 0 3 3 1 3 3 2 3 0 3 3 0 0.3302867025 2
2 3 3 0 3 0 1 1 2 0 3 3 3 3 3 3 1 3 1 1 3 3 0 3 0 2 2 3 2 2 0 1 0 3 3 3 0.3352662227 2
3 1 1 1 1 1 3 3 3 0 2 1 3 0 1 2 2 2 0 1 3 2 0 0 0 3 2 3 3 3 2 0 2 1 2 1 0.4142135624 2
3 1 1 2 3 2 2 1 0 0 1 0 1 0 2 2 0 0 2 1 2 0 2 1 1 2 0 3 1 3 3 0 1 1 0 0 0.3255563301 2
3 2 3 1 2 1 3 0 0 0 3 0 1 3 1 0 1 3 3 1 2 1 3 0 3 3 1 3 1 0 0 3 2 2 3 0 0.2898979486 2
1 3 2 2 2 0 1 0 3 1 1 2 3 0 1 3 3 2 3 0 0 1 0 1 2 3 1 0 2 3 1 1 3 3 1 2 0.3210538243 2
3 0 0 3 0 1 1 1 1 3 3 3 0 3 3 2 0 1 0 3 3 0 2 2 2 0 0 1 2 2 1 2 1 0 2 2 0.4472135955 2
3 3 3 0 0 3 3 1 1 2 3 0 2 1 0 2 0 1 3 0 0 0 0 1 0 1 1 3 0 1 2 0 1 1 1 2 0.4627853301 2
2 0 3 0 0 3 2 0 1 1 2 2 0 3 3 3 3 1 1 0 1 0 3 1 0 0 3 2 0 2 1 0 3 3 1 1 0.4932215826 2
2 3 0 1 2 2 0 1 0 3 1 2 2 2 0 2 3 0 1 1 0 3 0 0 1 3 0 0 1 1 1 2 2 3 0 0 0.2969952663 2
2 2 1 0 1 0 3 1 1 1 3 1 1 0 0 0 1 1 2 3 0 1 0 0 2 1 2 2 0 1 2 2 1 3 0 1 0.4397550291 2
0 0 2 0 3 3 3 0 1 3 0 1 2 3 1 1 0 3 0 1 2 0 1 2 1 1 3 2 3 0 0 3 1 3 0 3 0.3421074211 2
0 3 2 1 2 1 1 0 2 2 1 0 3 3 1 0 0 0 3 0 1 0 3 3 0 2 0 0 2 1 3 2 0 1 0 0 0.4693139434 2
0 1 1 3 0 1 0 0 1 2 0 1 0 0 0 1 2 2 1 2 1 3 1 0 0 0 2 0 0 3 1 3 3 1 0 2 0.3737950927 2
2 3 3 1 1 2 1 3 0 1 3 0 3 0 2 2 3 1 2 1 3 1 1 2 0 0 0 2 1 1 1 3 3 0 1 3 0.282163914 2
2 2 3 3 1 2 2 0 3 3 3 1 1 2 1 0 2 2 0 0 0 3 3 1 1 2 3 2 3 0 2 2 1 3 2 0 0.4472135955 2
2 2 2 3 0 2 0 0 0 2 1 1 1 1 0 3 1 1 2 0 2 2 0 0 3 0 3 0 3 2 1 3 0 2 2 3 0.5531708459 2
2 3 1 0 2 1 3 3 3 0 2 3 2 1 3 3 0 3 0 2 0 3 2 0 1 1 3 3 2 2 2 3 1 0 2 1 0.4472135955 2
1 3 0 2 0 1 0 0 3 1 0 1 2 1 1 2 3 0 0 1 1 1 0 2 1 3 1 0 0 3 0 2 0 3 1 1 0.3326052574 2
2 2 1 1 1 1 0 0 2 2 3 0 2 3 0 0 1 0 1 2 1 1 3 3 2 1 3 0 1 3 3 1 2 1 0 2 0.3018893954 2
1 0 2 0 3 1 3 1 2 3 0 0 1 0 0 0 3 3 0 1 2 2 0 0 0 0 3 0 1 2 1 0 2 3 1 0 0.388756727 2
3 1 2 1 2 0 1 1 0 1 0 0 1 2 0 2 1 0 2 0 1 0 0 0 3 0 1 2 1 2 0 0 0 3 1 1 0.2910879078 2
1 3 1 3 0 2 3 2 3 0 0 1 2 0 2 1 3 2 0 3 3 3 3 3 3 0 0 0 2 3 0 3 2 3 2 1 0.3173744686 2
3 1 1 0 2 0 1 2 2 3 2 1 1 2 3 1 2 3 3 1 2 2 1 2 3 0 1 1 1 1 3 2 0 2 3 1 0.2850346585 2
3 2 0 3 1 3 3 0 1 3 0 2 1 0 1 3 0 0 0 2 1 1 3 0 3 3 3 2 2 1 3 1 0 0 0 0 0.4076499498 2
3 2 0 3 3 2 2 1 3 3 1 1 2 3 2 0 2 2 1 1 3 2 0 2 0 0 2 2 0 3 0 2 2 0 3 2 0.304113536 2
2 0 0 2 2 3 3 1 2 3 2 3 0 3 0 3 3 1 3 0 2 3 2 0 3 0 3 0 1 0 3 3 3 3 1 0 0.2942840346 2
3 2 2 3 1 0 0 0 0 1 0 0 0 3 1 2 3 1 3 3 1 1 2 3 2 2 0 2 3 2 0 1 1 2 0 0 0.5336088039 2
2 3 1 0 3 2 3 2 2 2 1 1 2 3 2 3 3 3 0 1 3 1 3 2 3 2 2 1 0 0 0 1 0 1 0 0 0.5037322066 2
1 1 2 1 1 1 3 0 3 1 2 1 1 3 3 2 3 0 2 1 3 1 3 3 1 3 2 2 0 1 0 1 3 3 1 2 0.2898979486 2
3 2 3 1 3 2 1 2 3 2 1 3 2 0 3 2 1 2 1 1 2 3 2 0 2 2 3 2 1 0 3 3 1 0 1 1 0.2898979486 2
1 2 0 2 2 0 0 1 1 0 0 1 3 1 0 0 1 0 1 1 1 2 0 3 3 3 0 2 3 0 1 0 1 1 0 0 0.4932215826 2
1 2 3 0 3 3 0 3 0 0 1 0 2 3 2 2 0 0 1 0 0 2 1 2 1 1 1 3 1 1 3 1 2 1 3 0 0.4565940367 2
1 2 2 2 1 2 0 0 2 1 1 2 3 2 1 0 3 2 0 1 2 3 0 0 1 2 2 0 0 2 3 3 0 3 0 3 0.3302867025 2
3 1 3 0 2 1 0 2 3 1 0 3 3 0 1 2 1 3 3 2 2 2 3 2 0 0 2 2 1 0 1 3 3 3 2 3 0.375585761 2
2 1 2 3 1 2 2 1 1 0 2 1 2 2 3 0 2 2 0 0 1 2 3 1 2 3 1 2 0 0 2 3 2 3 0 3 0.2825766451 2
2 0 2 0 3 3 3 0 3 2 0 3 1 1 2 2 3 2 3 0 2 0 2 3 3 2 3 2 2 1 0 3 3 1 2 3 0.3418020796 2
0 2 3 1 0 1 3 1 2 2 1 0 2 0 3 0 2 3 3 3 3 1 0 3 0 2 2 0 2 1 0 0 0 2 2 3 0.304113536 2
0 3 0 0 3 2 2 0 2 3 3 2 0 2 1 3 1 0 1 2 1 0 2 2 0 3 0 3 0 3 0 3 3 2 1 1 0.3816000776 2
1 2 2 2 1 3 2 1 0 3 3 2 0 1 1 1 2 3 0 2 0 3 1 3 0 1 0 3 1 1 3 2 2 3 2 0 0.282163914 2
1 1 0 2 2 0 1 0 3 0 1 3 1 3 0 3 1 0 3 2 2 3 3 3 0 2 2 0 3 0 2 1 1 1 2 0 0.5071671483 2
2 0 0 1 1 0 0 0 2 3 2 2 2 2 0 1 1 0 0 0 1 3 3 2 1 1 3 3 0 0 3 0 2 0 1 3 0.3223452401 2
1 0 3 1 2 2 0 3 2 1 3 2 1 0 1 2 0 0 3 0 1 0 1 0 3 1 2 1 0 2 0 0 3 1 2 1 0.375585761 2
2 1 3 2 1 3 3 3 3 1 3 0 3 2 1 2 0 1 2 3 0 1 0 0 3 1 2 1 3 3 2 3 2 1 2 0 0.3183767839 2
3 0 3 3 1 2 2 1 3 0 1 2 1 0 0 0 3 3 3 3 3 1 0 0 3 2 3 3 3 0 0 2 3 2 2 0 0.3921195512 2
1 2 3 2 3 2 0 2 0 1 3 2 2 0 2 2 3 3 3 1 0 2 2 2 0 2 2 3 0 1 3 0 1 1 2 3 0.5761894145 2
1 2 0 2 1 0 1 3 0 0 1 3 2 0 1 3 3 2 1 3 2 3 0 1 3 1 0 2 3 0 1 2 0 3 3 3 0.2898979486 2
3 1 2 0 2 1 0 3 0 1 1 1 0 3 1 3 0 3 3 3 1 2 1 1 3 1 3 1 3 3 1 0 1 3 1 3 0.3597564272 2
3 1 1 0 2 3 1 1 0 3 3 1 1 3 1 3 2 0 1 2 0 0 2 1 1 3 1 2 2 1 1 1 1 0 2 2 0.2850346585 2
2 2 0 0 3 0 3 3 2 0 0 1 2 1 0 0 1 3 3 0 0 2 1 1 0 3 0 0 0 1 1 1 1 1 1 1 0.8289598943 2
1 1 3 3 1 1 2 1 0 0 3 3 0 3 3 1 3 0 3 1 0 1 3 1 2 0 3 3 0 1 3 2 0 0 0 1 0.378989368 2
3 2 2 2 2 0 3 2 2 2 3 1 2 1 2 3 1 0 3 0 2 1 1 0 3 1 2 3 0 3 2 1 2 2 3 1 0.4142135624 2
2 2 2 0 2 0 0 1 0 1 1 2 0 0 3 2 1 2 0 2 2 0 1 1 0 1 0 2 0 0 1 0 2 2 3 1 0.3835303427 2
0 3 1 3 0 2 1 1 1 2 1 0 0 3 3 2 2 1 3 0 0 1 0 2 2 3 0 1 2 3 1 2 3 0 3 2 0.3210538243 2
0 2 2 3 1 2 0 0 3 1 3 0 3 0 1 0 3 2 3 2 2 0 2 3 3 2 1 2 1 2 1 0 3 2 0 3 0.4627853301 2
2 0 1 3 3 2 2 1 0 1 0 1 2 0 1 2 1 2 3 2 2 1 3 0 3 1 3 3 1 2 0 3 3 3 2 3 0.4257225336 2
3 3 1 3 0 2 0 3 3 2 3 1 3 3 2 2 3 1 0 2 3 3 3 3 1 0 0 2 1 3 0 3 2 0 2 0 0.3474320193 2
2 2 0 0 0 0 2 0 0 2 1 0 0 1 0 2 0 1 0 3 1 3 2 2 0 2 1 2 0 3 1 0 2 2 1 1 0.3255563301 2
3 2 3 0 0 3 3 2 1 3 3 3 2 2 0 1 0 3 0 1 2 1 2 0 2 0 0 2 2 1 2 3 3 2 3 0 0.3255563301 2
0 2 2 1 1 2 2 2 0 0 2 2 1 2 2 0 2 2 0 3 1 2 3 0 1 3 0 0 3 1 3 3 0 1 3 0 0.2958353457 2
3 1 2 3 2 1 0 3 2 3 2 0 1 3 2 0 1 0 0 2 1 1 1 3 2 0 0 2 1 1 1 0 3 3 1 3 0.4142135624 2
0 2 0 1 1 3 1 1 3 0 0 1 3 0 1 3 0 3 1 1 2 0 3 2 1 3 1 0 1 1 1 3 1 1 3 0 0.5927255389 2
0 0 0 0 1 2 3 1 0 3 3 1 0 1 2 2 1 3 0 0 2 2 1 0 2 2 1 0 1 3 3 1 3 1 1 3 0.3302867025 2
2 0 3 3 2 1 1 0 0 3 2 1 1 3 1 3 0 2 1 3 2 1 1 1 2 3 3 2 3 1 1 2 0 1 0 3 0.3665354679 2
0 3 1 3 0 2 0 1 0 2 2 1 2 3 0 3 3 3 0 2 1 3 0 0 2 3 3 2 1 1 1 3 3 2 1 1 0.4346414493 2
3 1 2 0 0 1 0 1 0 0 0 0 1 1 2 1 2 2 0 0 2 1 0 1 2 2 0 3 2 0 3 2 2 1 1 3 0.375585761 2
3 2 0 2 1 0 0 0 2 3 1 3 0 3 0 0 3 3 3 3 0 3 3 0 3 0 1 3 0 1 3 1 3 1 0 1 0.3595308249 2
0 3 1 1 0 1 0 3 1 2 1 1 2 0 0 0 2 2 1 2 2 0 0 3 3 0 3 0 0 0 0 0 0 2 2 2 0.2984058257 2
3 3 0 1 2 1 1 1 3 3 0 0 2 3 2 2 3 2 3 1 2 3 3 0 0 0 2 3 3 1 0 0 0 1 2 1 0.2887244073 2
1 1 2 1 1 0 2 0 3 0 0 0 3 1 0 2 0 1 1 2 1 1 2 3 1 0 2 2 2 2 0 2 0 1 3 1 0.4800229288 2
0 2 3 3 0 0 1 1 3 1 2 1 3 0 3 1 0 0 1 0 1 3 0 0 2 2 0 1 0 1 0 2 1 3 2 0 0.282163914 2
2 0 1 1 2 1 0 0 1 3 3 1 3 0 3 0 1 2 3 2 2 0 2 0 0 3 1 0 3 3 0 3 3 0 0 0 0.299793941 2
3 0 2 0 1 3 3 2 0 0 1 2 3 3 0 1 2 3 0 0 1 0 2 1 2 2 1 3 2 2 3 0 2 1 0 2 0.2806875398 2
3 2 0 3 1 1 2 2 0 2 3 0 3 1 3 1 0 1 0 3 0 3 3 1 0 1 3 2 0 2 3 1 2 1 2 2 0.388756727 2
1 1 3 0 1 3 0 2 1 3 0 1 0 3 3 0 1 1 1 2 0 2 2 2 1 2 2 1 0 3 1 3 0 1 1 2 0.2773302345 2
2 1 1 3 3 2 3 1 2 2 1 3 1 2 1 0 0 3 0 0 2 3 0 0 3 3 2 0 3 1 2 0 0 0 2 1 0.3157755779 2
3 1 2 0 0 0 1 3 3 2 2 1 3 1 1 1 3 3 3 2 0 0 2 3 1 1 2 3 0 3 2 0 2 3 3 0 0.3255563301 2
2 1 0 0 2 2 2 0 2 0 1 1 2 0 0 2 3 2 1 2 3 3 1 0 1 3 1 3 0 0 3 2 3 2 3 2 0.3255563301 2
0 0 2 3 1 2 1 2 1 0 0 3 2 0 2 3 3 2 0 3 0 1 3 1 1 0 3 0 3 0 3 2 2 1 2 3 0.2958353457 2
3 3 2 2 0 0 1 1 2 2 3 2 2 3 0 2 1 0 3 3 2 0 2 1 1 2 2 3 3 1 2 1 3 3 3 2 0.3510801119 2
2 2 1 2 2 0 1 0 3 1 1 1 3 1 3 1 2 3 0 0 1 0 3 3 2 3 3 3 0 2 3 3 1 1 0 2 0.282163914 2
1 0 2 3 2 2 3 0 3 3 1 1 0 1 1 1 3 3 0 2 3 2 3 1 0 1 0 3 0 3 1 0 0 1 1 3 0.4472135955 2
1 2 0 2 0 3 2 1 2 0 2 2 1 1 0 0 2 3 1 1 2 1 0 0 0 0 3 1 1 2 1 0 3 1 0 2 0.3835303427 2
2 0 2 2 3 0 3 1 2 2 0 1 2 0 0 0 0 1 1 2 1 0 0 2 3 3 1 0 3 1 2 3 2 2 2 1 0.3210538243 2
2 2 3 0 1 1 3 2 2 1 3 0 1 2 1 1 2 2 2 3 0 0 0 0 3 1 2 1 2 0 2 2 1 1 2 3 0.4871437184 2
1 1 2 3 3 1 1 1 2 2 3 1 3 2 0 1 0 0 1 0 1 0 3 3 2 0 0 2 2 2 0 3 1 0 2 2 0.3804245211 2
3 1 3 1 2 2 3 0 3 3 0 1 0 2 2 2 0 3 1 1 2 0 3 0 3 3 3 0 1 0 3 2 1 2 3 0 0.2898979486 2
2 1 3 0 1 0 0 0 2 0 3 3 0 0 0 0 3 2 3 0 1 0 2 0 1 0 2 0 2 0 1 2 2 2 3 0 0.3302867025 2
2 1 2 3 3 1 1 3 3 0 3 2 0 3 3 1 1 0 3 1 1 1 1 2 0 1 3 1 1 0 3 0 0 3 3 2 0.3484826572 2
3 3 1 1 0 2 0 2 0 1 3 1 2 0 2 2 1 2 0 0 0 0 2 0 1 1 2 2 3 2 1 2 0 2 2 0 0.3142042283 2
2 1 3 3 1 2 0 0 1 2 0 2 3 2 3 1 2 1 3 2 2 3 1 2 1 2 2 0 0 3 2 0 3 0 0 1 0.4472135955 2
3 1 0 0 1 0 3 0 0 3 0 0 3 3 1 3 2 3 0 2 0 2 1 1 3 2 3 2 0 1 3 2 1 2 3 1 0.3510801119 2
3 2 0 1 1 0 1 0 2 3 0 0 0 2 1 2 3 3 3 3 2 3 3 2 1 2 1 0 1 0 1 3 1 2 0 0 0.304113536 2
1 3 0 0 0 1 0 3 3 2 1 3 0 0 2 3 2 3 3 0 2 2 2 3 3 0 2 1 1 0 0 1 1 0 0 1 0.375585761 2
1 3 0 0 0 2 0 3 1 2 2 3 2 0 0 1 2 0 3 0 1 2 3 2 0 1 3 3 3 2 3 1 2 2 1 0 0.354867572 2
0 1 3 0 2 1 0 2 3 3 1 0 3 0 3 0 0 3 0 2 2 2 2 2 0 2 3 1 1 3 0 3 3 3 1 0 0.8289598943 2
3 3 2 0 1 0 2 2 2 2 2 0 1 3 0 2 1 0 2 3 1 3 1 0 1 0 2 3 1 3 1 0 0 1 0 0 0.4472135955 2
3 2 0 2 2 0 3 2 1 1 3 3 1 1 2 1 0 3 0 3 1 3 2 3 3 2 0 3 1 1 1 3 1 1 1 1 0.4037797985 2
2 0 0 1 1 1 2 0 2 3 0 2 1 0 1 0 2 3 0 2 3 1 3 3 3 0 1 3 2 0 3 0 2 3 3 3 0.388756727 2
0 3 3 2 0 1 0 3 2 3 0 2 2 1 0 0 3 3 3 1 1 2 1 3 2 3 0 1 3 3 0 0 2 1 0 0 0.3510801119 2
2 2 3 2 0 1 3 3 3 0 3 0 2 2 0 0 0 3 2 1 0 1 1 0 3 2 3 2 1 3 1 1 0 3 2 0 0.3005423822 2
2 2 1 1 2 3 2 1 2 2 2 2 1 0 3 3 1 2 2 0 2 2 3 0 0 3 3 2 1 1 2 3 1 1 1 2 0.4148248656 2
2 1 2 2 2 1 1 2 1 3 3 2 0 3 1 3 3 2 1 2 1 3 1 3 1 0 2 0 3 2 1 2 2 3 3 1 0.4334666118 2
2 1 0 1 1 3 3 0 3 2 3 2 2 3 0 1 0 0 0 2 1 1 3 3 2 3 2 1 2 0 0 2 3 1 2 3 0.2898979486 2
1 3 3 1 1 0 2 1 3 0 0 2 2 0 3 1 0 0 1 0 2 0 3 3 3 2 0 2 0 1 1 0 3 0 3 2 0.2898979486 2
1 2 1 2 0 1 2 0 2 3 3 3 2 2 3 3 1 1 3 3 2 1 2 3 0 2 0 1 1 3 1 0 1 1 2 0 0.4627853301 2
0 3 3 3 1 3 2 2 1 1 1 1 3 0 2 1 2 0 0 1 2 1 2 2 1 2 1 0 2 2 1 1 1 3 2 1 0.3223452401 2
3 0 3 0 2 3 0 3 2 3 1 1 0 2 2 2 0 3 0 0 0 1 0 1 0 2 0 0 3 3 3 3 0 0 1 1 0.3102148911 2
0 0 1 0 0 3 0 3 3 1 0 2 1 2 1 1 0 1 1 3 1 2 0 3 1 3 0 2 2 2 1 1 2 1 3 2 0.363892531 2
0 1 3 1 1 3 0 0 2 0 3 3 1 2 1 1 2 0 1 0 0 3 2 3 1 3 3 3 2 1 3 1 2 1 1 0 0.4472135955 2
3 3 2 3 0 1 2 1 0 3 3 1 0 3 3 1 2 1 0 0 3 1 0 0 0 3 1 1 0 1 2 1 1 0 3 2 0.3496707166 2
1 1 1 2 1 2 2 1 0 3 3 2 0 3 2 1 2 0 0 0 3 2 3 3 2 0 0 3 0 1 2 3 3 0 2 1 0.3613164298 2
2 2 3 2 3 2 1 2 3 0 3 2 2 1 0 1 1 3 1 1 3 0 1 1 3 1 3 1 0 0 3 0 0 2 2 1 0.3572822687 2
3 2 1 3 2 0 3 1 0 3 3 1 2 3 1 1 1 1 0 0 0 1 2 1 1 0 0 1 2 1 3 2 3 0 2 3 0.3991772541 2
2 2 0 3 3 2 3 1 0 0 3 1 3 0 0 0 2 0 2 1 1 2 2 2 3 0 0 1 3 1 2 2 3 2 2 2 0.36168823 2
3 2 0 3 2 1 2 0 3 1 3 0 3 2 1 2 1 2 1 0 0 3 2 3 1 3 0 1 0 1 1 2 0 2 1 0 0.5453467918 2
0 0 0 3 0 0 3 3 3 3 1 1 1 1 3 1 3 0 2 0 2 0 0 0 2 2 1 1 1 2 0 2 1 3 2 1 0.3244736208 2
3 0 1 0 0 0 0 2 0 2 3 0 1 0 3 3 2 0 2 0 0 1 0 2 2 2 1 0 0 1 2 0 0 3 3 3 0.3142042283 2
3 3 0 3 1 3 2 0 0 1 3 0 0 0 0 3 1 0 0 2 3 3 2 0 1 0 0 1 0 1 2 1 2 0 0 3 0.2832488209 2
1 0 2 3 3 1 2 1 2 3 0 1 2 2 3 1 0 0 3 3 1 1 2 1 2 1 2 2 2 0 3 2 1 2 3 2 0.3302867025 2
0 3 0 0 0 3 1 0 0 2 0 3 1 3 0 1 0 3 0 3 1 2 3 1 0 1 3 1 2 1 2 1 0 0 0 0 0.3157755779 2
2 3 2 0 3 1 1 1 3 0 2 0 2 0 0 3 2 3 1 0 2 1 1 3 0 3 0 1 0 3 1 2 1 1 1 3 0.3255563301 2
3 3 1 3 0 3 0 3 3 0 1 2 1 1 0 1 3 3 3 2 0 0 1 3 1 2 2 2 0 3 0 2 2 1 0 3 0.2976033507 2
0 3 0 3 3 2 3 2 3 3 0 0 1 3 1 3 1 1 0 2 2 0 0 2 3 2 3 1 2 3 0 2 3 1 2 3 0.3157755779 2
0 2 3 2 0 0 0 1 2 2 3 0 3 1 0 0 3 1 3 0 0 3 0 3 3 2 3 2 3 3 1 0 0 0 0 1 0.5996278455 2
0 3 2 1 1 1 1 0 3 1 0 1 1 3 0 1 1 1 3 0 1 1 2 2 3 3 0 1 0 1 2 0 3 1 3 1 0.3364806498 2
2 1 3 1 3 0 1 1 3 1 3 0 3 2 0 3 2 3 0 0 0 0 1 1 3 1 3 2 3 1 1 0 3 0 2 0 0.2984058257 2
1 0 2 0 2 3 2 3 3 0 2 1 1 2 2 0 1 2 0 1 0 1 1 2 1 1 0 1 0 2 3 3 3 1 2 3 0.3142042283 2
0 0 1 2 1 0 1 1 0 3 1 2 2 3 3 1 3 1 3 1 3 0 3 3 2 1 2 1 3 2 2 1 2 3 1 2 0.3126595927 2
3 3 0 2 3 3 3 2 0 0 2 3 2 1 1 3 3 3 1 3 2 1 3 1 0 3 2 3 0 0 1 2 3 1 2 1 0.3255563301 2
1 2 0 1 3 2 0 2 0 2 1 0 2 2 2 3 1 1 3 3 0 0 3 3 3 0 3 2 2 3 0 2 0 3 1 3 0.3921195512 2
3 1 2 2 3 0 0 1 1 0 2 0 0 2 0 3 0 0 0 3 1 3 0 1 1 1 0 2 1 2 3 0 2 1 1 0 0.4067240031 2
3 3 3 1 2 1 3 3 3 1 1 0 3 3 2 0 2 1 0 0 2 3 3 2 0 2 0 3 1 2 1 1 2 1 0 3 0.3510801119 2
0 3 2 0 3 0 0 3 3 1 1 3 2 1 0 0 2 2 1 3 0 0 1 3 1 2 0 2 2 1 3 1 1 1 3 0 0.3665354679 2
0 1 1 3 3 0 2 1 3 0 2 3 1 1 1 1 0 2 0 2 3 1 0 0 0 0 2 1 3 2 3 2 3 1 1 2 0.3572822687 2
0 2 2 3 3 0 3 0 3 0 2 0 1 0 3 0 1 2 3 0 3 0 2 3 0 2 1 0 0 3 3 2 2 2 1 3 0.3585807129 2
3 1 0 3 3 0 3 2 3 3 2 0 1 1 1 3 0 2 1 3 2 1 2 1 1 3 0 1 0 0 3 1 0 1 3 2 0.2887244073 2
3 3 1 1 1 0 3 1 1 0 3 1 3 3 0 2 3 1 2 1 2 3 3 2 1 2 2 1 3 3 0 3 3 2 1 0 0.3255563301 2
0 0 0 2 1 0 3 0 3 0 0 1 1 2 0 0 0 0 2 3 1 1 1 0 2 3 1 0 1 2 0 1 2 2 0 1 0.3418020796 2
1 2 0 3 0 1 0 1 2 2 3 2 3 3 3 2 2 3 0 0 0 0 3 3 1 1 3 2 0 1 3 2 1 3 0 0 0.3183767839 2
3 3 3 3 0 2 2 2 0 1 3 0 3 0 2 1 2 1 3 2 1 2 0 3 2 1 2 1 2 2 0 0 2 0 1 0 0.3364806498 2
0 2 3 0 1 0 0 2 1 0 1 0 1 3 2 1 0 2 3 1 2 1 1 3 0 1 2 0 2 3 3 0 2 0 3 2 0.2898979486 2
3 3 3 2 3 1 3 2 0 0 1 0 2 3 0 1 1 1 0 2 0 0 3 0 3 1 2 3 2 1 1 2 1 0 3 3 0.2857269627 2
1 0 2 0 1 1 0 3 2 2 3 0 2 3 1 2 1 0 1 0 0 3 2 0 0 3 2 3 3 2 2 1 1 1 1 3 0.5336088039 2
3 3 3 2 3 3 1 0 1 3 3 2 2 0 0 3 2 3 2 2 0 0 1 3 2 0 0 3 2 2 0 0 1 2 3 3 0.4142135624 2
3 0 0 3 1 1 1 2 1 1 3 0 2 1 0 2 1 1 3 3 3 1 1 3 0 0 0 2 0 0 3 1 3 0 3 1 0.43537357 2
2 1 2 0 3 2 3 3 0 2 1 0 0 1 3 0 0 3 2 2 1 2 3 2 3 2 2 2 0 3 0 3 3 0 1 3 0.3102148911 2
3 3 3 3 2 1 0 0 0 0 3 2 2 3 1 1 2 3 0 2 2 0 2 0 0 1 1 2 3 2 2 3 0 1 1 2 0.3469108776 2
3 2 2 3 3 0 2 3 1 0 1 2 3 0 1 1 1 2 0 3 1 1 2 3 2 2 0 2 1 3 3 3 0 0 1 3 0.4693139434 2
0 0 1 1 2 0 0 3 0 3 2 1 1 3 3 3 0 0 2 3 2 3 1 3 1 3 0 0 1 3 2 1 3 3 0 1 0.4142135624 2
3 2 1 3 2 2 1 3 1 2 2 3 2 1 1 1 1 1 1 1 3 3 0 1 0 3 3 1 2 3 1 1 1 1 3 3 0.4334666118 2
0 0 1 2 3 2 2 0 1 0 2 2 1 3 1 0 3 2 1 2 3 1 0 3 1 1 3 3 1 1 1 1 0 0 2 3 0.3572822687 2
2 1 2 1 2 0 0 2 1 3 0 3 1 2 3 1 0 0 3 2 0 1 2 3 3 3 1 0 3 3 3 0 1 0 3 2 0.5071671483 2
3 1 2 3 0 0 3 0 0 1 1 2 3 2 0 2 1 0 2 2 2 1 2 2 2 2 3 2 0 1 1 3 2 3 3 1 0.3126595927 2
1 0 0 3 0 0 0 0 2 2 1 1 2 3 1 1 2 0 0 0 3 2 3 2 3 3 2 1 0 2 1 1 2 1 0 3 0.2817532212 2
2 3 2 2 0 2 3 2 0 2 2 0 3 3 0 3 3 3 3 0 1 1 2 2 0 3 3 0 2 1 0 2 1 2 3 0 0.3921195512 2
0 3 0 1 3 3 0 2 0 2 1 2 1 2 2 0 1 2 0 0 2 2 1 3 0 0 3 0 0 1 0 1 3 2 2 3 0.304113536 2
2 2 0 2 2 3 2 1 0 1 0 1 2 1 1 1 2 2 1 2 1 2 2 3 2 1 1 2 2 2 3 3 2 3 3 2 0.3921195512 2
2 1 1 2 1 0 0 1 2 2 2 2 2 3 0 1 2 1 0 1 0 3 3 1 3 0 1 0 1 0 2 3 2 3 0 3 0.3496707166 2
1 0 1 3 2 2 1 3 3 3 3 1 3 2 3 1 1 0 2 1 3 1 3 2 1 1 1 3 0 3 2 0 0 0 0 2 0.4286189735 2
1 2 1 1 0 3 2 0 0 0 1 3 2 3 3 3 3 3 1 1 2 1 3 2 3 1 2 3 3 1 3 2 1 2 3 1 0.4323036421 2
3 2 0 2 2 1 3 2 2 0 1 3 0 1 0 1 2 3 1 2 2 2 3 2 1 2 2 3 1 1 3 2 2 2 3 0 0.3418020796 2
3 2 3 3 3 2 1 3 3 0 2 1 3 3 3 3 2 2 3 0 3 1 2 1 1 2 2 0 0 1 3 2 3 2 0 3 0.304113536 2
3 2 0 3 0 2 2 2 3 1 0 1 0 2 3 0 0 1 3 1 1 2 0 0 2 3 0 2 0 0 1 2 2 3 2 3 0.282163914 2
2 3 3 3 2 1 0 2 2 2 0 1 0 0 3 3 1 0 1 0 2 3 2 3 2 3 0 1 0 2 1 0 2 0 3 2 0.2910879078 2
2 2 0 0 1 2 2 3 2 3 3 0 0 0 2 2 3 3 3 3 0 3 0 0 1 3 0 1 1 3 0 3 1 1 1 3 0.4983662766 2
1 0 1 0 2 1 3 2 0 3 2 3 2 0 1 0 2 2 3 1 2 2 3 1 1 3 3 0 1 2 3 3 2 0 1 2 0.2898979486 2
1 1 2 0 1 0 0 0 0 2 1 2 1 3 3 3 3 0 0 1 2 1 0 1 1 0 1 2 1 3 0 1 3 2 3 3 0.3364806498 2
0 2 3 2 1 3 1 3 1 0 2 0 1 3 3 2 2 2 0 2 0 2 1 0 3 1 0 2 0 3 2 1 3 3 0 3 0.5927255389 2
1 1 3 1 1 3 1 3 3 1 3 3 2 0 0 1 1 3 2 2 2 3 2 0 0 2 0 3 2 1 0 3 0 3 0 2 0.2918317294 2
0 2 0 3 0 1 2 2 1 3 1 2 0 1 2 0 3 1 2 3 0 1 1 2 3 2 0 1 3 2 2 3 3 0 2 1 0.2918317294 2
2 0 0 1 2 3 0 0 2 0 1 2 0 0 2 0 1 2 0 0 3 0 0 2 1 0 1 1 3 0 2 0 2 1 0 1 0.3102148911 2
3 3 1 3 1 3 3 2 1 3 0 2 3 0 0 0 2 3 3 0 0 3 0 1 2 1 2 0 3 1 3 1 0 3 2 1 0.3613164298 2
3 3 2 2 2 0 3 1 2 3 2 3 0 1 2 2 0 2 0 1 2 1 2 3 0 2 1 0 2 3 0 0 2 3 0 3 0.3519612949 2
3 1 3 0 0 0 1 0 3 0 3 2 0 1 0 1 1 3 0 1 1 3 2 3 0 1 2 1 2 2 1 3 3 3 3 3 0.3055166403 2
2 2 0 3 0 3 1 3 2 3 1 3 2 3 0 1 2 0 1 2 3 2 1 0 0 3 0 0 0 0 1 0 3 0 1 0 0.375585761 2
1 2 3 3 1 3 1 2 3 2 0 1 1 3 1 2 3 2 1 2 2 3 0 3 0 2 0 2 1 0 1 2 1 2 0 3 0.4472135955 2
1 0 0 2 2 2 0 3 1 3 2 3 0 1 3 1 0 2 2 3 1 3 3 2 2 3 0 0 0 0 3 1 1 1 3 2 0.363892531 2
3 1 3 2 0 1 2 1 2 1 2 3 1 3 1 3 1 1 1 0 3 3 3 2 2 0 0 3 0 2 1 2 3 3 3 3 0.2861577002 2
2 0 0 0 2 2 3 2 1 0 3 2 2 2 3 1 1 3 2 2 1 3 3 0 2 1 2 1 3 0 0 1 2 1 0 3 0.3063950271 2
2 1 0 0 3 2 1 3 2 0 1 3 2 0 1 3 3 2 2 3 1 1 3 0 1 0 0 1 3 0 2 1 0 0 3 3 0.282163914 2
2 0 1 0 2 0 3 3 2 0 0 1 3 1 0 0 1 0 0 0 2 2 1 1 1 1 0 0 3 1 3 3 0 1 0 2 0.3210538243 2
1 3 0 2 1 0 0 3 0 0 0 0 1 0 1 3 2 3 1 0 1 2 0 0 0 2 2 0 2 2 1 3 3 3 3 2 0.3510801119 2
3 0 2 2 0 3 3 0 1 3 3 2 3 2 3 1 2 1 3 3 3 3 1 3 2 1 0 2 0 3 3 2 2 1 2 3 0.3214509738 2
3 2 3 1 0 3 0 3 3 2 2 2 3 1 1 1 3 0 0 1 3 3 0 3 2 1 2 2 3 3 3 0 1 3 0 0 0.4793640888 2
1 3 3 1 0 3 3 2 1 2 3 0 1 1 1 1 0 0 0 0 0 1 1 1 1 2 0 1 0 3 1 3 1 3 1 0 0.2920082702 2
3 0 0 0 0 3 0 1 1 3 3 2 3 0 1 3 3 3 1 1 2 3 3 2 3 0 3 3 0 0 0 2 3 0 3 1 0.5822647419 2
3 2 1 1 1 3 1 3 2 0 2 3 0 3 0 3 2 3 2 1 3 1 3 0 1 3 1 3 0 2 1 3 3 1 1 3 0.2984058257 2
2 1 0 2 0 3 3 0 2 1 1 0 2 2 1 1 2 3 0 3 2 2 0 3 0 3 2 2 3 1 0 0 3 0 0 1 0.3364806498 2
2 0 0 3 0 1 3 1 3 1 3 1 2 1 2 3 1 0 3 2 1 3 3 3 2 0 2 2 0 1 3 0 0 2 3 3 0.3102148911 2
1 3 1 0 0 0 0 2 3 2 0 2 2 3 2 1 0 1 2 0 1 1 0 2 1 1 0 2 0 1 2 1 1 3 3 0 0.4472135955 2
3 3 1 2 3 1 0 0 0 1 2 1 2 1 1 3 0 1 2 3 2 3 1 3 1 2 0 2 2 3 0 3 3 1 0 3 0.317756027 2
0 3 0 3 0 0 2 0 0 2 2 0 2 2 3 1 0 0 1 0 2 3 3 2 1 1 0 2 2 2 3 0 2 0 3 2 0.3921195512 2
0 3 3 0 0 0 1 0 1 3 0 1 3 2 0 1 3 0 3 2 2 1 1 0 3 1 1 1 3 2 2 1 3 2 3 0 0.3102148911 2
3 3 1 0 1 0 1 0 1 3 3 1 0 3 1 0 1 3 1 3 0 2 2 1 2 0 3 2 2 2 2 1 3 2 2 0 0.3210538243 2
2 2 2 3 3 1 3 3 0 3 1 1 3 2 3 0 1 3 2 0 2 3 1 2 0 2 1 0 0 2 2 0 3 3 2 1 0.2910879078 2
0 0 1 1 3 0 2 0 1 1 2 0 3 3 2 0 1 0 1 3 0 0 0 3 0 2 2 2 1 3 3 0 3 3 1 2 0.3210538243 2
3 3 1 1 2 0 0 3 1 2 1 3 0 3 1 2 3 3 1 0 1 0 2 3 0 1 3 2 0 2 0 2 2 0 0 2 0.3572822687 2
3 0 0 0 3 3 0 1 3 2 0 0 2 3 2 1 0 3 0 2 0 1 3 1 1 1 2 1 2 0 3 1 2 0 1 1 0.2947604453 2
2 1 0 1 3 3 0 0 3 1 2 3 0 1 1 2 1 1 2 2 2 0 3 0 2 2 1 0 0 2 1 0 1 3 0 2 0.3597564272 2
3 3 0 0 0 2 0 3 3 0 2 2 2 0 1 1 1 0 2 2 1 2 0 3 3 1 3 0 0 2 3 1 2 3 1 1 0.3255563301 2
3 0 1 2 0 3 0 1 3 1 1 2 1 2 0 1 3 3 0 1 2 2 1 0 1 3 2 3 3 0 3 3 0 0 1 2 0.317756027 2
2 2 3 3 3 1 1 2 1 2 3 2 0 0 2 1 1 2 3 0 3 3 2 1 3 1 3 1 3 1 0 1 3 0 3 0 0.3157755779 2
0 0 3 0 0 1 2 0 3 1 3 0 3 3 1 3 1 2 3 2 1 2 2 2 2 0 0 3 0 0 1 2 2 3 3 3 0.3258137644 2
2 1 0 0 0 0 0 0 0 1 1 2 1 3 2 3 0 3 0 2 0 2 2 1 1 3 0 2 3 3 1 3 3 2 3 0 0.5071671483 2
0 3 0 0 0 1 2 1 1 2 1 1 2 3 3 0 1 3 3 2 3 3 2 1 3 1 1 0 3 2 0 2 3 1 3 1 0.2995271242 2
3 2 1 0 1 2 0 1 2 0 1 0 1 1 3 2 2 0 3 2 3 3 0 1 0 1 3 3 1 3 3 1 0 2 2 2 1 2
1 1 2 2 2 3 1 3 3 3 3 0 1 1 3 2 3 3 0 0 1 1 3 2 2 0 1 1 3 2 1 0 2 3 0 3 0.3136111207 2
2 2 2 2 2 0 2 3 3 3 0 1 2 3 0 0 0 1 3 0 0 0 3 3 3 0 2 1 2 3 3 3 0 0 3 3 0.3193901603 2
0 3 2 0 2 0 3 2 1 2 2 1 3 3 1 3 2 3 2 1 2 0 0 1 1 2 2 2 0 3 2 0 2 3 2 2 0.4142135624 2
1 2 2 1 2 3 0 2 3 1 1 1 1 1 3 0 3 1 0 1 3 2 1 0 0 0 0 2 2 0 2 3 1 2 1 3 0.3255563301 2
1 2 2 2 2 2 0 0 3 0 1 1 0 1 3 3 2 3 3 1 0 3 0 3 3 3 0 2 2 0 1 1 0 3 2 2 0.3597564272 2
3 1 0 0 3 0 3 2 0 2 2 1 2 1 1 3 0 1 1 1 2 3 3 1 0 1 2 2 1 2 1 1 0 1 1 0 0.4037797985 2
1 0 1 0 3 1 2 0 0 3 0 0 2 0 1 0 0 3 0 2 0 2 1 3 3 2 1 0 3 0 3 3 3 1 3 3 0.3018893954 2
3 3 0 0 1 3 1 2 2 1 1 0 3 2 0 3 3 1 3 2 2 3 2 0 0 2 1 1 0 0 1 3 3 0 1 3 0.7367156879 2
2 2 1 1 1 2 2 3 2 1 1 3 0 3 2 2 2 0 3 0 1 1 0 0 2 3 0 3 1 0 2 0 2 2 3 2 0.3018893954 2
2 0 0 3 0 3 1 3 0 1 1 3 1 0 0 0 2 3 0 0 1 2 1 1 2 0 3 2 1 1 3 1 1 2 3 2 0.2877347861 2
3 0 3 0 0 3 3 0 3 0 1 0 0 0 0 3 2 3 0 1 1 0 3 3 1 0 2 0 0 3 0 1 0 1 3 2 0.3519612949 2
2 1 3 2 2 2 1 3 1 2 0 0 1 1 0 3 1 2 1 2 3 3 0 1 1 2 2 2 1 0 3 3 0 3 0 0 0.3835303427 2
2 3 2 2 1 0 3 0 0 2 1 0 3 1 0 0 1 0 2 0 2 1 1 1 1 2 0 3 0 1 3 2 1 3 0 0 0.3255563301 2
3 0 1 1 0 3 2 2 0 3 3 0 1 3 3 2 2 0 3 3 2 2 1 1 2 0 3 0 2 2 1 1 1 3 1 2 0.3117179653 2
3 2 3 1 0 1 2 1 0 1 0 0 0 2 1 3 0 0 1 0 2 3 1 1 3 3 2 0 1 3 2 2 3 2 2 2 0.5927255389 2
3 3 1 0 1 2 2 1 1 2 1 2 3 3 3 1 0 1 0 1 0 3 0 2 3 0 2 0 3 1 0 3 3 0 0 3 0.2969952663 2
3 2 2 2 0 2 3 0 3 0 0 3 2 3 1 0 1 0 2 0 3 1 2 3 0 0 2 2 0 2 2 1 1 3 1 3 0.3835303427 2
0 2 0 1 1 2 0 0 2 2 1 1 1 1 2 2 0 2 0 2 3 2 1 3 0 0 0 3 2 1 2 0 0 0 0 1 0.485324478 2
2 3 2 3 1 0 3 3 0 3 1 2 3 0 2 1 1 0 2 1 2 3 0 3 0 3 2 0 0 2 2 3 1 3 2 1 0.4257225336 2
1 2 1 2 2 1 1 0 3 3 2 1 3 0 2 0 2 3 0 2 0 1 3 0 1 2 0 3 3 1 3 2 0 2 0 3 0.282163914 2
3 3 2 2 2 1 2 1 1 3 3 3 1 3 0 2 3 3 1 0 0 3 1 2 0 0 0 3 3 0 0 0 1 2 3 1 0.3113608708 2
1 2 0 1 1 2 2 0 1 2 1 3 2 3 2 2 1 2 1 2 2 1 3 3 2 2 0 3 1 3 3 1 2 2 0 3 0.3063950271 2
3 0 2 0 0 1 0 3 1 3 2 1 1 0 1 3 3 1 1 2 2 2 3 2 3 3 3 1 2 0 2 0 2 3 1 0 0.282163914 2
1 3 3 3 2 1 1 1 3 0 0 0 2 3 0 1 2 3 1 1 1 0 1 1 1 1 0 1 3 0 0 1 2 1 1 3 0.3572822687 2
1 1 0 0 1 2 2 1 1 1 0 3 2 1 2 1 3 1 0 1 1 1 3 0 1 2 1 1 0 2 3 1 0 0 1 1 0.308950706 2
3 0 3 2 2 1 1 0 1 2 0 2 1 2 2 1 1 2 0 1 2 1 3 1 0 1 0 3 3 3 2 3 2 0 0 0 0.282163914 2
3 2 0 3 1 0 2 1 2 2 0 1 0 1 1 3 3 3 1 3 0 2 1 3 2 0 1 2 3 3 0 3 3 0 2 1 0.4142135624 2
0 0 1 2 3 0 3 1 3 3 1 0 0 1 0 2 1 1 0 2 3 1 1 2 0 3 3 3 1 2 2 3 1 2 0 2 0.4565940367 2
3 2 0 0 2 2 1 1 2 2 2 1 0 2 1 0 0 2 3 1 2 3 2 3 2 2 2 3 0 0 3 3 2 3 1 1 0.375585761 2
2 2 0 2 1 1 0 2 0 2 0 3 1 3 2 0 0 0 0 3 0 1 1 3 1 0 0 1 0 1 0 0 1 0 0 1 0.4693139434 2
0 0 2 3 1 1 1 0 3 1 1 1 1 0 1 0 3 0 1 3 2 1 2 0 3 1 1 1 2 0 1 1 2 0 3 1 0.282163914 2
1 1 0 2 1 1 0 0 0 0 0 0 0 2 1 0 2 0 2 1 0 0 2 3 0 1 0 1 3 0 3 2 2 3 3 1 0.2898979486 2
3 3 1 0 3 0 2 2 0 0 0 0 1 1 3 1 1 2 0 0 1 1 1 2 1 0 3 1 2 0 1 2 0 0 0 0 0.2875668903 2
1 3 3 2 2 2 3 0 3 2 0 0 2 3 2 2 2 2 1 0 0 3 0 1 3 0 0 3 3 1 1 0 1 0 3 3 0.3314388929 2
1 3 1 0 2 3 3 2 3 0 1 3 1 3 1 1 1 1 0 0 3 3 3 2 3 3 2 1 3 3 1 0 3 3 1 1 0.304113536 2
0 1 1 3 0 1 2 0 2 1 3 1 2 3 1 2 2 1 2 3 0 1 3 2 2 0 0 2 1 1 3 0 1 2 3 2 0.4037797985 2
2 1 2 3 2 2 1 1 1 1 1 0 3 3 1 3 1 0 2 0 2 1 2 3 2 1 1 0 2 3 3 2 2 1 0 2 0.388756727 2
3 0 3 1 0 2 0 2 1 1 2 2 0 1 0 1 2 2 3 2 1 2 0 0 3 3 1 2 3 3 2 2 0 1 0 2 0.4142135624 2
1 1 1 1 0 0 0 3 2 0 3 3 1 1 0 2 1 1 2 2 0 2 3 2 2 1 3 2 1 3 0 0 0 1 0 0 0.3255563301 2
0 3 0 0 0 1 0 0 3 3 2 3 2 1 1 2 1 2 3 1 2 3 3 0 2 3 3 0 2 0 2 0 3 2 1 1 0.3169050227 2
2 2 2 0 1 2 3 0 0 3 2 1 1 3 2 2 2 0 3 2 0 0 3 0 3 1 2 2 3 0 1 0 0 2 1 0 0.363892531 2
2 1 1 2 0 2 3 1 0 1 0 1 3 0 1 2 1 0 2 0 1 2 3 3 0 3 2 0 1 3 2 0 1 2 0 0 0.6492741221 2
3 1 1 3 3 0 0 0 2 2 0 2 3 3 2 3 2 1 1 1 0 0 1 1 3 0 2 3 3 1 2 0 2 0 1 3 0.3364806498 2
2 3 0 0 1 1 0 2 0 0 3 2 2 1 1 3 3 3 1 3 3 1 0 0 3 3 1 1 2 2 0 3 0 1 2 0 0.3613164298 2
3 3 3 3 3 1 0 3 3 0 1 2 0 0 3 2 2 3 0 2 0 2 0 2 3 3 3 3 0 1 0 3 2 1 2 1 0.375585761 2
0 0 3 2 3 0 1 0 1 0 1 3 0 1 3 2 1 3 3 1 1 1 0 1 1 2 2 1 0 2 0 0 1 2 1 0 0.2898979486 2
3 0 2 2 2 2 0 3 1 0 0 3 3 2 3 1 2 1 0 0 3 2 1 0 2 0 3 1 1 2 2 3 3 0 0 0 0.2918317294 2
1 2 1 3 1 1 1 1 3 0 0 1 1 2 2 1 0 1 2 2 2 2 3 0 1 3 0 3 3 2 2 3 1 0 2 1 0.3131606247 2
1 3 3 0 3 0 2 0 3 2 1 2 2 1 0 0 0 3 1 1 1 3 1 0 3 3 1 3 2 3 1 3 3 0 2 0 0.3357282772 2
0 1 3 0 0 1 2 1 0 2 3 3 1 0 3 3 1 0 1 3 0 1 0 3 0 0 3 1 2 1 3 0 2 1 3 2 0.3142042283 2
2 2 2 0 2 2 1 1 0 2 0 3 2 3 3 2 3 0 2 2 1 0 1 2 2 1 0 0 2 0 3 3 2 0 2 0 0.363892531 2
3 1 2 0 3 0 1 0 2 1 0 2 2 3 1 0 0 1 2 3 0 2 1 2 0 2 0 1 1 1 2 0 2 0 3 3 0.2898979486 2
2 0 1 0 1 0 1 1 0 1 2 0 2 3 0 1 0 2 1 1 0 1 0 0 2 0 3 2 3 2 1 0 0 2 0 1 0.388756727 2
0 2 2 3 3 0 2 2 1 1 0 3 2 0 1 3 1 0 3 3 1 0 3 0 3 3 3 1 3 2 3 1 1 2 0 0 0.354867572 2
3 3 3 1 3 2 0 1 3 3 2 0 0 2 1 2 1 3 0 2 3 2 3 0 2 2 1 1 1 0 2 2 0 1 2 3 0.3142042283 2
3 1 1 2 1 0 0 2 1 1 3 3 2 0 0 1 3 3 1 3 2 1 2 0 3 3 0 2 3 1 1 1 3 0 3 0 0.3142042283 2
2 3 0 0 1 2 0 2 0 3 2 3 1 2 0 1 1 2 3 1 3 2 0 3 2 0 3 1 2 1 0 2 1 3 2 0 0.3142042283 2
0 2 3 3 1 3 0 2 1 2 2 0 1 2 2 0 3 2 3 0 3 1 3 1 3 0 3 3 3 0 0 1 3 2 1 3 0.4806853357 2
2 1 1 0 3 1 0 2 3 1 2 3 1 0 2 1 2 0 1 0 0 0 3 0 3 3 1 1 3 3 1 2 2 2 0 0 0.485324478 2
3 3 2 3 1 0 2 1 3 1 1 1 2 3 0 2 0 0 0 1 3 1 0 1 3 3 2 1 2 3 2 1 3 1 2 1 0.3572822687 2
0 3 1 2 2 2 1 1 0 2 3 2 1 0 1 1 3 2 0 2 2 0 3 1 0 3 1 1 1 1 0 2 2 1 0 2 0.3255563301 2
0 0 2 2 0 0 1 1 1 1 3 3 1 1 1 2 3 1 0 3 3 2 1 3 3 1 3 1 2 1 2 3 2 1 3 0 0.3005423822 2
3 0 0 0 0 0 0 1 0 2 2 1 1 1 0 1 2 1 3 1 0 0 2 1 0 2 0 2 0 1 1 2 1 0 1 0 0.4142135624 2
2 0 0 2 2 1 3 2 0 0 2 3 1 3 0 3 0 3 3 2 3 2 3 1 3 3 0 2 0 3 1 3 3 1 1 0 0.276083229 2
3 0 3 0 2 0 3 1 0 3 0 2 1 1 3 1 0 1 3 2 3 1 0 1 2 1 3 2 2 0 0 0 2 2 3 2 0.3102148911 2
2 3 0 3 0 3 1 3 3 3 1 1 3 3 2 1 1 1 2 2 1 1 1 3 1 2 2 2 1 1 0 3 1 0 3 3 0.2963204151 2
1 0 3 2 2 0 2 1 3 3 3 2 2 3 2 3 0 3 3 1 0 3 3 3 1 1 0 2 0 2 3 2 2 0 0 3 0.3238107005 2
3 2 0 2 1 1 0 2 3 0 1 2 0 0 2 1 1 2 0 2 2 2 3 0 0 2 0 0 3 0 0 3 1 2 1 3 0.3238107005 2
0 0 0 0 1 0 3 1 3 2 3 2 0 0 1 2 0 1 1 3 2 2 0 1 3 0 2 3 3 0 2 2 0 1 2 0 0.3572822687 2
0 3 0 2 0 1 2 1 2 1 0 3 3 2 3 3 2 0 2 0 0 3 1 3 1 2 1 1 0 3 0 3 3 0 3 3 0.2976033507 2
1 2 0 3 3 2 3 2 3 2 0 2 1 1 0 2 2 3 0 3 0 3 3 0 1 3 2 1 1 1 0 3 1 2 0 3 0.4472135955 2
3 3 3 1 3 0 1 3 0 3 0 2 2 0 1 2 3 0 0 0 2 0 3 1 1 0 2 1 0 3 3 1 3 2 2 0 0.3364806498 2
3 3 2 1 1 0 2 0 3 3 1 1 3 1 1 3 2 1 1 2 2 1 3 2 2 1 1 0 0 3 2 2 3 2 0 2 0.3273351788 2
1 3 2 2 3 3 0 1 2 0 2 0 0 0 0 3 2 3 1 0 2 2 0 2 2 3 0 2 0 1 0 2 3 1 3 1 0.3418020796 2
0 1 1 1 3 1 0 0 1 2 2 0 2 3 3 2 2 2 3 0 3 0 3 3 1 2 2 2 3 1 2 0 0 3 0 3 0.3879780451 2
3 3 2 2 0 3 3 1 3 1 3 1 3 3 0 1 1 0 2 0 2 2 1 1 2 1 2 2 3 0 1 0 1 1 3 2 0.4142135624 2
0 1 0 3 1 0 3 3 1 1 0 1 3 2 1 0 3 2 3 1 0 3 0 1 3 3 3 2 3 3 0 3 1 1 0 1 0.2898979486 2
3 1 1 2 0 3 2 0 0 0 0 1 3 3 1 1 1 1 0 2 2 1 3 3 0 0 0 2 0 2 2 2 3 0 1 1 0.2930491235 2
2 3 2 3 1 0 1 3 3 1 3 3 3 3 2 2 1 3 1 3 2 1 0 2 0 2 2 3 0 0 0 1 0 1 3 0 0.2898979486 2
2 1 1 1 0 0 0 0 1 0 1 2 0 1 1 2 3 0 0 0 2 2 3 1 1 0 2 2 1 1 2 1 1 1 3 2 0.300227391 2
3 3 0 3 0 0 2 0 0 0 3 0 2 3 1 1 0 2 3 3 3 2 0 2 1 1 1 1 2 2 1 2 0 1 3 1 0.304113536 2
2 0 2 3 0 2 0 0 0 0 2 3 0 0 3 1 0 0 0 1 2 2 3 2 2 0 3 3 1 0 1 2 3 3 3 1 0.3063950271 2
3 3 1 2 3 1 0 3 1 1 0 0 2 0 0 2 2 0 0 3 3 0 1 0 1 3 0 2 3 2 3 2 1 2 1 2 0.3102148911 2
3 1 3 0 0 0 3 2 0 3 3 0 3 1 0 3 0 0 2 2 0 1 1 3 2 1 3 1 2 1 1 0 1 3 3 0 0.7445867518 2
0 3 1 1 1 1 0 2 1 1 3 2 2 3 3 2 0 0 0 3 3 0 1 2 3 3 1 0 2 3 0 3 0 1 3 1 0.3950774274 2
3 0 2 0 1 1 0 1 3 0 0 1 2 0 0 1 0 3 2 1 3 2 0 1 2 3 3 0 1 2 0 0 3 1 0 1 0.304113536 2
2 3 1 1 1 3 0 3 0 1 1 1 3 3 0 1 0 1 2 2 2 3 2 1 3 2 3 1 2 2 2 0 3 0 2 3 0.4932215826 2
2 2 2 0 0 2 0 0 3 2 1 1 2 3 0 1 1 1 0 2 3 1 3 3 3 3 3 1 0 3 1 2 0 2 2 1 0.3142042283 2
1 2 3 1 0 0 1 2 0 2 2 0 1 3 0 0 0 3 1 1 0 3 0 3 3 0 0 3 3 0 2 0 2 3 3 1 0.3835303427 2
2 2 3 1 1 2 0 0 2 1 1 1 0 1 3 2 0 1 1 3 3 2 1 3 3 2 3 1 1 0 1 1 2 1 0 3 0.375585761 2
3 3 0 1 1 1 0 1 0 3 3 0 0 1 3 1 3 1 3 2 2 2 0 2 3 3 0 1 0 1 3 2 1 3 3 3 0.4334666118 2
1 0 1 1 1 0 1 3 0 0 2 1 1 0 2 2 1 1 1 3 2 3 1 2 2 2 3 0 3 2 1 2 1 0 1 3 0.2908054948 2
3 1 0 3 1 2 1 3 0 1 2 3 1 3 1 1 1 2 3 0 1 2 0 1 2 2 2 3 0 2 1 0 1 2 3 0 0.3345232984 2
1 2 2 1 0 0 2 0 1 0 3 2 0 2 0 0 1 2 3 0 1 0 3 1 3 2 0 3 3 3 2 1 2 1 3 2 0.79210615 2
0 1 1 0 1 0 2 2 3 1 3 0 0 1 3 2 1 3 3 3 2 3 2 0 3 0 3 3 0 0 0 0 1 0 0 0 0.7497091866 2
3 1 1 1 2 1 0 3 2 3 0 3 2 0 2 0 2 2 0 3 2 3 3 2 3 2 2 3 1 3 0 0 2 1 0 2 0.375585761 2
1 3 1 2 0 2 0 0 1 1 0 3 2 0 1 1 0 1 3 1 1 2 0 3 1 3 3 1 2 2 3 1 2 0 0 3 0.3142042283 2
0 3 1 3 0 0 0 0 3 0 1 2 2 3 2 2 3 1 0 1 0 1 1 1 3 0 1 2 0 1 0 0 3 2 3 0 0.3439144051 2
2 3 2 3 3 2 3 1 1 0 3 0 1 0 1 1 1 1 3 1 3 0 1 2 0 3 1 3 0 1 1 2 3 3 1 3 0.3613164298 2
0 1 3 2 0 1 0 3 3 0 1 3 2 2 2 1 3 1 1 3 2 2 0 1 3 2 2 2 2 2 0 3 3 1 0 2 0.3474320193 2
2 1 0 1 0 3 2 0 0 1 0 1 1 0 1 2 3 0 0 2 1 0 1 0 2 0 1 3 1 1 3 0 2 0 1 1 0.3255563301 2
0 2 3 0 3 2 0 0 1 1 0 2 2 1 0 3 3 2 0 2 1 1 0 3 1 3 0 3 3 0 0 2 2 3 0 0 0.3382968845 2
3 3 2 3 3 1 3 1 1 1 0 2 2 0 2 0 3 0 2 1 2 2 2 0 3 2 3 1 1 1 3 0 1 0 3 1 0.4142135624 2
3 3 3 1 3 2 1 0 0 1 0 1 0 3 2 0 0 3 1 1 2 2 3 1 2 3 2 1 1 1 3 2 3 1 0 2 0.3210538243 2
1 0 1 1 1 2 3 0 3 2 1 1 3 3 0 1 2 2 1 1 2 0 3 2 3 2 1 0 0 0 0 2 3 0 2 3 0.388756727 2
3 2 0 2 1 1 3 2 2 1 3 3 1 2 1 2 2 2 1 0 0 1 2 2 3 2 2 3 3 2 1 0 1 3 2 3 0.4627853301 2
3 3 1 0 2 0 1 2 0 2 3 2 0 2 0 3 0 2 0 2 2 0 3 1 0 3 0 0 2 1 0 1 0 1 3 2 0.282163914 2
3 2 3 1 0 3 1 2 3 3 0 3 0 2 1 2 0 3 0 3 0 1 3 2 3 2 1 3 3 2 0 3 2 1 0 1 0.6492741221 2
3 0 3 1 2 1 1 2 2 0 0 0 1 0 3 0 3 0 2 1 0 3 3 3 2 0 2 1 3 3 3 3 2 3 1 2 0.3018893954 2
2 3 0 0 0 3 2 2 1 3 2 0 3 2 0 1 1 0 3 3 1 2 1 1 2 0 2 3 1 1 3 3 3 1 2 3 0.3835303427 2
0 2 0 0 3 0 0 1 0 0 2 1 3 0 1 1 2 1 2 1 3 1 3 1 2 3 2 2 2 2 2 1 3 3 2 2 0.4142135624 2
2 1 2 2 2 2 0 1 0 3 1 3 2 0 1 2 2 3 3 0 3 0 3 2 1 0 0 1 0 1 1 1 2 2 2 1 0.4343630259 2
0 1 3 1 2 2 0 0 1 0 1 0 2 0 0 1 1 3 3 0 2 2 3 0 0 0 3 1 3 2 3 1 3 1 3 0 0.363892531 2
2 0 3 2 2 0 2 2 1 0 0 0 0 3 2 3 3 2 0 2 2 3 2 1 3 2 1 0 3 0 0 0 2 2 1 0 0.2984058257 2
2 2 1 3 1 0 3 0 2 0 2 0 0 3 0 2 3 0 0 0 2 0 0 3 0 1 1 3 1 2 0 1 3 3 0 1 0.2976033507 2
3 2 2 1 3 2 1 3 0 2 2 3 3 0 1 3 3 1 3 0 3 0 1 1 0 1 1 1 3 3 1 2 0 3 2 0 0.5761894145 2
3 0 3 0 3 3 2 0 0 3 1 3 1 2 0 3 3 0 1 1 1 2 0 3 0 0 1 0 2 0 2 2 1 0 1 0 0.2887244073 2
3 0 1 2 1 1 0 0 3 2 2 2 1 3 0 0 2 3 1 2 2 0 1 1 1 1 2 1 3 1 3 3 3 3 2 0 0.3295815643 2
