0 3 0 0 3 0 3 1 1 0 2 2 1 1 1 3 0 2 1 0 2 2 1 0 2 0 1 2 2 1 0 3 0 3 0 2 3 0 2 1 1 0 0 2 1 1 0 0 2 3 1 1 2 0 2 0 1 0 2 1 1 3 2 2 0.5407367017 0
2 0 1 2 2 2 0 1 3 1 1 1 1 0 0 3 3 3 0 2 2 0 3 3 2 1 3 1 3 2 2 1 2 2 1 2 2 3 2 1 0 2 0 1 3 0 0 1 2 1 1 3 3 0 3 2 1 1 3 3 3 2 2 0 0.3232482132 0
3 0 3 3 0 1 3 1 0 2 1 3 3 2 0 1 2 1 0 1 0 2 3 3 3 3 3 2 3 2 1 2 3 1 2 0 2 0 0 2 2 1 1 3 3 3 0 3 1 3 3 3 1 3 1 2 3 1 0 0 1 0 2 1 0.388756727 0
1 0 0 0 1 3 1 1 2 1 2 0 2 2 0 3 0 3 1 0 1 1 3 0 0 2 0 1 2 3 3 3 3 1 1 0 2 2 3 2 2 1 1 2 2 2 2 3 0 3 0 0 0 2 3 1 2 3 0 1 0 1 1 0 0.3090326501 0
0 0 0 3 2 3 0 3 0 3 3 3 1 0 3 2 3 0 3 3 0 1 0 2 1 3 1 0 0 0 2 2 2 0 0 2 2 3 1 2 3 1 1 1 3 1 0 1 2 3 3 0 1 0 1 3 2 2 1 2 0 3 0 0 0.363892531 0
0 0 0 3 1 2 0 2 3 2 0 1 0 0 1 3 3 3 0 3 2 3 2 0 3 1 0 2 0 2 3 2 3 2 0 0 3 1 2 3 1 2 3 2 3 1 2 1 0 2 1 3 0 2 0 2 2 2 0 1 1 3 1 1 0.3069422669 0
2 2 2 3 2 0 0 1 2 0 1 3 0 2 2 1 1 3 0 1 1 3 0 1 3 0 2 1 1 3 2 2 2 3 3 3 1 1 3 2 1 0 3 1 3 0 3 3 2 1 1 1 3 2 2 2 3 3 3 2 0 0 0 2 0.3717804085 0
0 3 2 1 2 2 0 0 0 1 1 0 0 1 1 3 3 2 0 3 3 2 0 0 2 1 2 1 0 1 2 0 1 1 1 0 1 1 0 1 2 0 1 1 3 3 0 3 1 0 0 0 1 3 1 2 0 0 3 0 0 2 2 3 0.3142042283 0
2 2 0 1 0 2 3 3 3 1 0 1 0 0 3 3 0 0 3 3 3 3 2 2 0 1 0 1 1 2 1 2 1 2 0 2 1 3 2 2 2 3 2 1 3 0 3 3 3 3 1 2 0 3 2 1 1 3 3 3 0 1 2 3 0.3262318082 0
3 3 2 3 3 2 3 2 3 3 2 0 0 0 3 2 0 2 3 1 2 2 3 2 0 2 2 3 2 1 1 1 3 2 1 2 2 1 2 0 0 2 3 3 2 2 2 0 3 1 1 1 3 2 3 2 3 3 0 0 3 1 2 3 0.3273351788 0
2 3 3 1 1 2 3 1 0 2 0 3 3 3 2 0 3 3 2 0 3 0 3 2 2 1 2 1 2 2 3 1 1 0 0 3 1 3 0 0 2 0 0 1 3 2 0 3 1 3 0 3 0 2 2 2 2 2 1 0 1 2 3 2 0.2811749668 0
1 2 0 0 0 1 3 3 2 3 2 0 3 2 1 2 0 2 2 0 2 2 0 1 1 2 0 3 2 3 2 2 2 2 0 3 0 1 0 0 2 3 2 2 2 1 0 0 0 0 0 2 2 0 1 1 3 1 3 0 1 0 3 2 0.2691441788 0
2 2 2 1 1 3 3 2 1 2 1 0 0 3 1 1 0 3 0 0 0 0 3 0 0 1 2 0 0 1 3 1 2 2 1 0 1 3 1 2 0 2 3 1 0 0 0 3 2 3 3 1 2 0 2 2 0 0 1 3 3 1 3 0 0.3340670182 0
3 2 3 0 0 1 1 2 0 2 2 0 2 3 0 0 1 0 1 0 0 3 2 3 2 3 1 3 1 1 1 3 0 3 3 0 1 1 2 1 3 3 2 1 3 1 0 1 1 0 1 0 3 0 2 2 2 3 3 0 0 2 3 3 0.3022104176 0
1 2 1 1 3 1 1 3 2 2 2 3 2 0 0 1 3 2 0 0 2 1 1 0 0 2 1 0 1 2 0 3 1 3 1 2 2 0 1 2 1 2 2 1 3 0 1 1 1 3 0 1 2 0 1 3 1 2 2 2 1 3 2 2 0.3000332808 0
0 1 1 0 3 2 0 3 1 3 2 3 1 0 3 2 3 3 2 2 0 2 0 0 2 2 1 2 3 3 2 1 0 1 1 1 2 0 1 0 2 2 0 1 1 0 2 1 0 2 0 0 2 1 2 0 0 0 1 1 1 1 1 2 0.4565940367 0
1 3 0 2 1 0 3 0 2 2 1 1 3 1 3 2 0 1 1 0 0 0 2 2 0 3 0 2 2 0 3 3 0 1 3 3 2 0 2 3 1 3 3 2 1 1 1 2 1 3 2 0 2 0 3 0 1 2 2 2 3 2 1 0 0.2918317294 0
1 2 0 1 2 1 2 3 2 0 1 2 0 3 0 2 2 2 0 3 3 3 3 2 1 1 0 1 1 0 0 1 3 3 0 1 3 2 2 3 2 1 2 1 0 2 3 0 2 1 1 3 0 3 1 3 0 2 1 3 2 1 3 2 0.304978078 0
2 0 1 1 1 0 1 1 0 0 1 2 2 1 1 3 3 1 0 0 3 3 2 3 1 0 1 3 3 0 3 1 0 2 0 2 1 3 1 0 1 2 0 1 1 1 1 2 0 3 2 0 1 0 1 3 0 0 3 0 3 3 0 3 0.405805761 0
2 3 2 1 2 1 2 0 0 3 1 2 3 0 1 2 1 2 0 1 2 0 1 3 2 3 1 1 1 1 0 2 1 0 3 1 1 0 0 1 0 0 0 3 0 3 2 1 3 0 1 0 0 1 3 0 3 0 0 1 3 2 3 2 0.2874632916 0
0 0 3 2 2 1 1 0 3 2 2 3 2 3 0 1 3 2 3 1 3 1 1 1 2 1 0 3 0 1 1 2 1 2 2 2 3 3 3 0 3 2 1 2 3 3 1 2 3 3 1 3 1 3 0 0 2 2 0 0 0 3 2 3 0.6376733984 0
1 2 1 3 2 3 1 1 2 2 1 3 0 3 1 2 2 2 2 2 0 3 1 3 0 2 0 3 3 0 1 1 0 2 3 0 3 0 3 0 1 3 1 2 0 1 1 1 0 1 0 0 2 1 2 0 3 0 0 0 1 1 1 3 0.3825070337 0
2 2 3 0 1 0 2 0 2 2 1 0 1 2 0 2 0 3 0 0 1 1 3 1 1 2 2 2 1 1 0 1 2 0 1 2 1 2 2 1 1 0 0 3 2 2 0 1 0 0 0 3 1 3 1 1 2 1 0 3 1 1 2 2 0.2948137076 0
3 0 3 1 0 2 0 2 0 2 1 2 1 1 2 1 2 3 2 2 2 1 2 2 2 1 0 0 3 2 3 3 0 0 2 0 0 0 1 2 2 0 2 1 0 1 3 3 1 2 0 0 3 0 2 1 1 0 1 1 1 1 1 1 0.4076499498 0
3 3 1 3 0 1 3 0 0 2 0 2 3 3 0 0 2 0 3 3 1 3 1 2 3 0 0 3 0 0 0 0 0 3 0 1 1 2 2 2 1 3 1 0 1 1 2 3 1 3 3 3 1 2 3 2 0 3 2 0 1 3 3 2 0.2851975752 0
1 0 1 0 3 2 1 3 3 2 1 3 2 2 0 0 2 3 0 3 3 3 0 0 3 0 2 1 2 1 1 0 3 1 2 3 1 3 2 0 0 0 3 0 0 2 1 1 1 3 0 3 0 1 3 1 3 0 0 1 2 1 0 0 0.304978078 0
3 2 3 0 1 2 3 2 2 1 3 1 3 1 0 3 0 2 0 0 1 0 1 2 0 3 1 2 3 2 3 2 1 3 2 0 2 0 0 0 2 3 1 2 2 1 1 1 3 1 3 1 2 1 2 2 3 3 0 2 2 1 3 1 0.283507006 0
2 0 3 2 0 1 3 1 0 0 1 3 2 2 0 0 1 1 1 2 1 2 2 0 2 0 1 3 2 2 3 3 3 2 1 0 3 1 1 3 2 3 1 0 1 3 1 3 2 1 1 3 0 0 2 1 2 1 1 2 3 0 3 1 0.3326052574 0
0 0 1 0 3 3 3 0 3 0 1 0 0 2 1 1 2 0 3 0 2 3 2 1 3 0 0 2 3 2 0 3 0 1 3 1 0 1 0 1 0 2 2 3 2 2 1 3 2 3 2 3 3 1 0 2 1 0 1 3 0 3 2 2 0.2971110716 0
3 0 3 2 3 0 0 1 0 0 1 0 1 1 1 1 0 0 1 1 1 0 2 0 0 3 2 1 0 2 1 2 0 2 0 0 0 2 0 0 2 2 0 0 1 3 2 3 3 2 1 2 1 3 1 0 1 2 3 3 0 2 2 3 0.304978078 0
0 3 2 1 1 0 3 1 1 2 1 0 3 0 2 0 3 1 0 1 1 1 2 1 2 0 0 3 3 2 0 1 2 3 1 3 1 0 1 2 1 2 0 2 0 3 2 3 1 1 1 3 3 1 0 2 1 3 2 2 3 2 0 1 0.2861577002 0
1 0 0 1 2 3 1 2 1 3 1 1 2 3 2 2 0 2 2 1 0 3 2 0 1 1 3 2 3 1 0 3 3 3 1 0 2 0 3 3 3 3 2 2 1 0 2 0 0 1 2 3 0 1 3 3 1 3 3 0 1 2 0 0 0.420142161 0
3 3 0 1 0 2 1 1 3 3 1 1 0 2 1 2 0 2 3 3 1 1 1 1 3 2 1 0 3 3 0 3 0 1 1 3 1 0 2 3 0 0 0 3 0 2 2 2 3 2 1 2 3 3 3 0 3 2 3 1 1 0 2 2 0.2712254378 0
0 2 2 2 0 0 1 2 1 0 1 0 2 1 1 1 3 3 3 2 3 1 2 3 0 2 1 2 1 3 1 3 2 0 0 2 1 3 1 1 1 0 3 2 0 1 3 2 3 1 2 2 0 3 2 3 0 0 2 2 2 1 1 0 0.3510801119 0
2 2 1 2 2 3 3 0 3 1 2 2 1 2 1 0 3 1 3 3 1 1 2 2 1 0 0 3 2 2 0 2 2 3 2 3 2 2 1 2 0 0 3 3 2 3 1 1 0 2 2 2 3 2 3 2 2 3 3 1 1 1 3 0 0.4774086164 0
1 3 3 0 2 3 3 2 0 2 2 2 0 0 0 1 2 2 0 2 1 0 3 1 1 0 3 1 0 0 2 1 2 0 2 0 1 1 3 1 1 2 1 3 3 2 3 3 1 0 3 1 1 3 3 0 0 0 1 3 0 1 1 3 0.4000414161 0
2 3 2 2 0 0 3 1 2 1 2 0 2 3 3 0 2 3 0 1 2 0 0 3 1 2 0 3 3 3 1 3 1 3 1 0 0 3 1 0 1 2 3 3 2 1 0 1 3 2 3 3 3 0 3 1 2 3 0 0 2 0 0 1 0.2735033719 0
1 3 0 2 2 3 3 1 2 2 0 0 1 0 0 0 1 3 1 2 1 2 2 3 1 3 3 3 2 2 0 2 2 0 0 1 2 0 3 2 0 0 2 3 3 1 1 3 3 1 1 2 2 2 0 1 3 3 2 2 2 1 0 3 0.3069422669 0
3 2 2 1 0 3 0 2 3 3 3 3 1 0 2 2 3 0 2 1 1 2 2 3 3 2 3 3 2 3 1 1 2 0 3 2 3 2 3 1 2 3 0 2 0 3 0 3 3 0 0 3 2 0 1 0 0 1 0 1 1 2 2 0 0.3572822687 0
3 3 1 2 1 2 0 2 1 0 1 2 1 3 0 3 2 3 2 2 0 2 1 3 1 0 3 3 2 1 1 0 0 3 2 3 0 0 1 3 1 0 3 1 1 1 2 1 1 1 2 0 3 0 0 2 0 1 3 0 1 0 2 1 0.3507455854 0
3 1 1 1 0 3 0 0 2 2 1 2 1 2 1 0 3 0 2 3 3 1 3 2 3 0 1 3 0 0 3 0 2 2 2 2 0 3 1 3 2 3 3 0 1 0 3 2 0 0 0 3 0 3 0 1 3 2 3 1 0 3 2 0 0.304113536 0
0 0 2 2 0 1 1 1 2 1 2 2 0 0 3 0 3 0 1 2 1 0 1 2 2 1 3 1 0 0 1 0 0 2 3 2 2 0 3 0 1 3 1 2 3 0 0 2 3 2 3 1 2 0 2 3 1 1 1 3 0 0 2 0 0.3255563301 0
3 3 1 2 0 3 1 1 3 2 0 0 1 3 3 0 0 0 0 2 0 0 1 1 2 1 0 3 1 0 0 1 3 2 2 2 2 3 1 1 2 3 0 2 2 0 3 2 3 1 1 1 3 2 1 2 2 0 0 0 0 0 3 0 0.3232116302 0
1 3 3 1 3 1 0 2 3 2 0 0 2 3 3 1 2 0 1 1 2 2 2 1 2 1 1 3 2 1 2 2 2 3 2 1 1 1 1 2 3 3 0 0 0 0 0 3 1 0 2 0 3 0 1 1 2 0 1 3 1 0 2 0 0.4162039862 0
2 1 2 3 2 3 2 1 2 2 2 2 0 0 2 3 3 2 2 3 1 3 2 0 2 0 0 2 0 2 1 3 0 2 0 3 3 1 3 3 0 2 0 3 2 1 3 2 2 3 2 1 2 0 2 3 3 3 2 2 2 0 1 0 0.391622308 0
0 1 0 1 2 3 1 0 2 1 0 3 3 0 2 0 2 0 2 2 3 3 2 3 3 1 1 1 0 3 1 2 0 3 0 2 2 1 3 1 3 1 2 1 0 3 2 3 1 1 3 0 3 1 3 2 3 2 3 0 0 1 1 2 0.3418020796 0
1 3 2 0 2 3 0 2 0 2 0 2 2 1 1 2 1 2 0 2 1 0 3 3 2 2 3 1 2 2 1 2 1 2 2 2 3 1 2 1 2 2 2 2 2 1 3 1 2 0 2 3 0 0 2 2 0 2 3 2 2 3 3 2 0.2994990031 0
2 0 1 0 0 0 3 0 1 2 1 2 0 0 2 0 0 1 1 0 1 2 1 2 2 0 0 3 3 2 3 0 3 2 0 3 1 1 3 0 2 3 0 0 2 0 1 1 3 2 1 3 3 3 2 1 2 1 3 1 0 2 3 0 0.2632083494 0
0 0 3 1 2 2 3 1 1 3 2 1 3 0 0 1 2 3 1 1 1 3 0 1 1 1 1 2 1 3 2 3 3 2 1 2 1 3 1 2 2 2 2 1 3 1 2 2 0 1 1 2 2 0 2 1 1 0 0 0 3 1 2 3 0.3107860582 0
0 2 2 3 0 3 2 0 2 3 2 1 1 2 0 2 2 0 1 3 0 0 0 1 3 1 3 1 3 0 0 0 0 3 3 3 2 2 2 1 0 2 3 2 1 1 2 2 3 1 1 0 1 0 3 2 2 2 2 0 3 2 1 2 0.3209025758 0
1 3 2 2 0 2 2 3 1 0 2 1 3 3 0 3 0 0 1 1 0 0 2 1 3 2 1 1 2 1 2 1 0 3 3 3 0 0 0 0 3 1 1 1 1 1 3 3 3 2 0 3 0 1 3 3 2 2 1 2 3 1 0 2 0.3315035164 0
0 0 2 1 0 2 0 0 2 0 3 3 2 3 2 1 0 1 1 3 2 0 2 3 3 1 0 2 1 2 2 0 3 3 0 1 0 1 2 2 0 0 2 2 0 3 2 1 0 0 3 1 1 0 0 0 2 0 0 3 1 3 0 1 0.3597564272 0
0 2 0 2 2 0 3 0 1 3 0 2 0 1 2 3 1 3 2 3 0 0 1 2 2 2 1 3 3 1 3 2 0 2 3 0 1 3 0 1 1 1 2 3 2 3 1 3 1 0 2 3 2 3 0 0 0 3 2 2 0 1 3 2 0.3107860582 0
2 3 3 2 0 0 0 0 2 0 1 0 0 1 3 1 1 0 1 2 0 1 1 1 2 2 2 3 1 0 1 2 3 2 3 1 3 1 2 3 2 0 0 1 1 3 0 1 3 1 3 3 0 2 1 3 2 2 0 2 0 2 2 1 0.3364806498 0
3 0 1 1 3 2 2 2 0 0 1 1 2 2 2 0 0 2 0 2 0 1 2 0 1 1 1 1 2 3 0 1 2 1 0 0 0 1 1 1 0 3 0 2 2 0 2 1 2 2 2 0 0 3 1 1 2 0 0 3 3 3 1 0 0.3326706799 0
3 0 3 3 0 1 1 0 1 2 1 1 3 0 1 0 3 1 2 1 2 3 2 2 0 3 1 3 3 2 1 2 2 0 0 0 1 3 1 0 1 1 0 2 2 3 2 1 2 2 2 0 1 3 0 1 1 3 2 0 0 1 3 3 0.3210538243 0
3 3 0 2 1 1 1 0 3 0 2 0 0 3 1 0 0 3 1 3 3 2 2 2 2 0 2 3 3 0 2 3 0 3 2 3 0 3 2 3 1 3 3 1 1 3 2 0 1 2 2 1 3 0 3 2 3 0 1 0 3 1 1 1 0.3012508459 0
3 3 0 2 3 1 2 0 1 1 3 0 2 3 3 3 3 1 1 1 0 3 2 1 3 1 0 0 3 0 3 1 0 3 3 1 2 0 3 2 0 3 3 3 0 2 0 1 1 0 0 0 2 0 0 3 1 3 0 0 2 0 1 1 0.3648939865 0
0 0 3 0 2 0 0 1 0 3 3 1 0 0 2 2 1 0 3 0 3 3 2 0 1 1 2 0 1 1 1 1 1 1 1 1 0 3 1 3 1 3 3 1 2 2 0 3 3 0 0 2 2 3 0 0 3 0 3 1 2 1 3 0 0.3273351788 0
1 2 3 1 1 2 0 1 2 2 3 0 1 1 3 1 1 1 3 1 3 0 1 0 1 1 1 1 3 2 3 3 2 0 0 0 2 1 2 3 0 3 2 0 2 1 3 0 1 3 0 3 0 2 1 1 2 3 1 1 0 3 0 3 0.3280236425 0
3 3 3 2 3 3 2 0 0 2 0 3 2 2 1 0 1 1 2 2 1 2 0 1 1 2 2 3 1 2 3 3 0 3 2 1 3 1 1 1 0 2 3 1 3 1 0 2 3 1 2 0 2 0 2 2 3 2 0 1 0 2 0 3 0.3193901603 0
3 1 2 2 3 3 1 0 2 3 2 1 3 1 3 1 1 0 1 1 1 1 3 3 3 0 3 3 3 2 2 1 3 0 1 3 0 2 2 2 3 0 0 3 1 3 3 0 3 2 2 0 2 2 2 1 3 2 2 2 0 2 3 0 0.3722897324 0
0 0 1 1 2 3 3 3 2 2 0 1 3 1 1 0 3 0 2 2 3 3 0 1 3 0 0 1 1 3 1 3 0 2 1 1 2 2 2 3 1 3 2 2 0 2 3 3 2 1 3 3 1 0 2 0 3 1 1 1 1 3 0 1 0.3867300211 0
0 2 3 1 1 2 2 2 2 2 1 0 3 3 3 3 3 2 1 2 1 1 1 2 1 0 0 0 3 1 2 2 2 0 2 1 1 0 0 3 2 0 0 3 2 2 1 1 3 3 2 0 1 3 3 0 3 3 3 3 3 1 3 2 0.3359053565 0
1 3 1 2 2 2 3 1 2 1 0 1 0 2 3 1 2 0 0 1 0 2 0 0 3 3 3 2 1 0 3 0 2 2 0 0 2 1 2 0 1 0 1 1 2 3 3 0 0 0 2 3 1 0 0 1 1 1 1 1 1 3 2 1 0.3188538438 0
1 3 1 2 0 3 3 3 2 0 1 1 1 0 2 1 2 3 0 3 1 0 3 0 2 1 2 3 1 3 2 0 3 3 0 1 1 0 2 0 3 1 0 1 3 3 1 2 1 2 3 0 1 3 0 0 2 2 1 3 2 2 0 0 0.388756727 0
2 2 2 2 3 0 2 3 1 2 2 1 0 0 0 3 1 3 2 1 3 2 3 0 2 0 3 0 0 1 0 3 3 0 0 2 2 1 0 0 3 1 1 0 3 3 2 0 3 0 0 0 1 2 0 2 1 0 3 2 1 1 0 0 0.3000332808 0
3 3 2 1 1 0 1 0 3 2 0 0 3 3 1 1 3 2 2 2 1 0 0 3 2 3 2 2 1 2 0 3 3 3 2 1 2 2 2 0 2 0 3 1 2 2 1 1 1 2 3 0 2 3 3 1 1 0 2 3 2 2 2 3 0.2802115249 0
1 3 1 2 0 2 0 1 0 3 0 3 3 2 3 0 0 3 1 0 3 3 2 3 1 3 3 3 3 2 0 3 2 0 3 0 0 1 0 1 0 3 0 1 1 3 3 3 1 0 0 3 3 0 1 2 0 0 3 1 3 0 2 0 0.4996123991 0
1 0 1 3 0 0 0 1 3 3 0 0 3 2 0 0 0 3 1 1 2 2 2 2 3 2 1 2 1 1 3 0 3 3 1 1 1 3 1 3 1 0 2 2 0 0 2 3 0 1 0 2 1 3 1 0 1 2 3 1 2 2 0 0 0.3280236425 0
3 1 0 0 2 2 0 1 0 2 0 3 2 2 3 2 1 0 0 1 3 0 0 2 2 2 1 3 2 3 1 1 1 3 1 1 3 1 0 1 1 3 0 3 3 1 2 0 2 3 1 1 3 0 3 2 0 0 2 1 3 2 2 1 0.4565940367 0
3 2 1 1 0 1 2 1 2 0 2 1 0 3 2 1 1 3 1 3 0 1 1 1 3 1 0 3 2 1 3 2 1 3 2 0 2 3 1 1 1 1 1 2 0 1 3 0 0 1 2 2 3 2 0 2 3 3 1 3 1 1 2 1 0.3055166403 0
2 0 1 2 2 2 3 1 2 2 2 3 1 2 2 2 0 3 1 1 2 3 2 0 3 1 0 2 1 2 0 1 0 1 0 1 3 0 3 2 0 0 1 0 2 2 1 0 1 2 2 1 1 1 0 0 0 0 0 0 2 2 3 3 0.2932281927 0
0 2 3 2 0 0 3 3 1 1 2 3 2 2 3 0 2 2 3 0 3 3 1 0 0 2 3 1 1 1 3 1 0 2 3 1 2 0 0 0 1 0 2 1 1 2 2 3 1 1 1 0 2 1 0 1 0 1 1 1 2 0 1 1 0.3950774274 0
0 0 0 2 1 0 0 3 0 3 2 0 1 2 1 1 3 2 0 1 1 1 1 3 0 0 2 2 2 2 1 0 2 1 3 3 0 2 3 3 2 1 3 3 3 1 3 3 2 2 2 1 3 3 2 2 1 3 2 1 1 0 1 0 0.282163914 0
0 0 0 3 3 0 3 2 0 3 1 3 2 0 0 1 2 2 2 3 3 3 3 0 0 3 2 2 3 1 1 0 3 3 2 0 3 1 1 0 0 1 0 3 0 1 0 3 0 2 1 2 1 2 0 0 1 2 0 0 1 2 3 2 0.3082594558 0
0 1 0 1 3 3 1 0 2 0 3 0 3 1 0 0 0 0 0 2 1 2 0 0 0 2 1 0 2 2 3 3 1 3 2 2 1 2 0 0 2 1 0 1 3 0 2 3 3 2 1 0 1 3 2 1 2 0 3 3 2 3 3 0 0.3193901603 0
0 3 1 1 0 1 1 1 1 0 1 2 3 0 3 2 0 2 1 3 1 0 0 0 0 0 0 1 0 3 2 2 0 0 1 0 1 1 0 3 0 3 2 3 3 2 3 0 0 2 0 2 3 0 2 0 0 0 0 0 0 3 3 1 0.4779036016 0
2 0 2 3 2 3 0 0 2 3 1 2 0 1 2 2 1 1 3 2 2 3 2 3 1 1 2 0 2 3 3 1 3 2 2 1 3 1 0 1 3 1 0 3 3 0 1 0 1 3 3 3 3 1 0 1 3 1 1 3 1 1 0 3 0.3000332808 0
1 3 1 1 2 1 1 0 2 2 3 0 0 2 2 1 3 1 1 2 0 2 1 0 3 1 3 2 3 2 3 1 1 3 2 0 3 1 3 0 1 2 1 3 3 0 3 1 0 2 3 3 2 3 1 0 1 3 1 3 1 1 1 2 0.3171394447 0
0 0 1 2 1 0 3 2 3 0 2 1 0 0 1 2 2 0 1 3 1 0 0 0 2 2 1 2 0 2 3 0 0 3 0 2 1 1 2 3 1 0 0 0 3 1 3 2 2 2 0 3 3 3 0 1 2 0 2 0 2 3 1 2 0.5166298428 0
2 0 1 1 2 2 1 0 0 0 0 0 2 0 2 0 3 1 2 0 3 3 3 0 0 0 3 1 1 2 3 0 1 0 3 0 0 2 3 1 0 2 0 2 2 0 2 3 1 3 1 2 1 0 2 3 0 0 2 3 1 2 3 0 0.4373125559 0
2 2 2 2 2 2 1 2 1 3 0 3 1 3 2 3 2 1 2 1 1 3 0 1 3 2 0 1 1 3 1 0 2 1 3 3 1 0 2 0 0 1 3 0 1 0 2 3 1 1 0 0 2 3 0 1 2 0 0 0 1 3 1 3 0.4472135955 0
1 2 0 2 1 1 0 3 0 1 0 2 3 1 1 1 3 0 3 3 2 3 1 3 2 0 0 1 2 0 0 0 1 3 3 1 3 1 2 2 2 2 3 1 1 0 1 2 0 3 0 0 2 1 3 3 2 1 1 3 3 2 2 0 0.2797880738 0
2 3 3 3 2 3 2 1 1 2 3 0 3 3 0 1 0 0 3 2 2 0 3 2 2 2 1 0 1 0 0 1 2 1 2 3 3 2 1 0 2 2 3 2 3 0 1 1 2 2 1 2 0 2 2 0 3 2 0 2 0 3 3 1 0.3136111207 0
2 1 3 0 0 2 0 2 1 0 1 3 2 3 1 3 1 0 1 3 0 2 1 1 2 3 0 0 2 2 1 2 1 2 0 2 0 2 1 3 3 2 0 2 3 0 0 3 0 3 1 0 2 3 3 3 1 0 3 3 2 0 2 1 0.2987143064 0
1 2 3 0 1 3 0 0 2 2 2 2 2 2 3 2 0 1 3 2 3 2 0 2 3 1 3 2 1 0 1 0 2 2 1 3 0 2 2 3 1 1 1 0 2 2 0 3 0 0 0 0 3 1 2 0 2 2 3 2 0 2 1 2 0.2898979486 0
0 2 0 3 2 3 0 2 1 3 1 2 3 1 1 1 1 1 1 3 2 2 3 1 3 2 2 3 3 3 2 1 2 2 0 0 0 1 3 1 2 2 3 1 3 0 0 2 1 1 3 1 3 3 3 3 0 1 2 3 1 0 0 0 0.2984058257 0
2 2 2 2 1 0 0 0 1 2 1 3 0 3 1 1 0 0 0 2 3 1 3 3 2 0 1 1 0 3 2 3 0 0 1 0 0 2 2 3 1 3 0 1 3 3 2 0 2 1 2 2 1 2 1 3 3 1 3 2 3 1 1 1 0.3847411572 0
1 2 3 2 3 2 1 3 1 2 2 3 0 1 3 2 1 1 3 0 0 2 1 3 0 2 1 0 1 1 2 3 1 3 2 3 1 3 0 0 1 2 2 3 1 1 2 3 0 1 1 3 0 3 2 0 3 1 2 3 1 1 2 2 0.3364806498 0
3 0 3 2 3 3 3 1 1 2 0 0 1 0 0 3 1 2 0 0 1 3 0 2 1 1 0 0 3 1 3 1 2 3 1 3 0 2 3 1 1 0 2 0 1 3 1 1 1 1 2 0 3 0 3 2 3 1 3 2 3 2 0 0 0.3055166403 0
0 3 3 1 3 1 3 2 2 0 2 3 2 3 1 2 2 2 2 3 0 2 1 2 3 1 0 2 3 3 0 0 1 1 0 3 2 2 2 2 0 1 1 0 0 0 1 0 0 1 1 3 0 0 3 3 2 3 3 0 0 2 0 0 0.3372389691 0
1 3 2 3 1 2 0 1 0 0 1 1 1 3 3 3 0 0 1 2 3 1 2 2 1 0 0 2 1 1 0 3 3 0 2 3 0 1 3 1 0 0 0 1 1 1 1 0 0 0 0 2 1 2 1 1 1 0 0 3 3 2 3 2 0.2865515232 0
3 1 1 0 0 1 3 2 3 2 2 1 1 1 2 1 2 0 3 0 1 2 1 2 0 1 0 1 0 0 1 0 1 1 1 1 2 2 1 1 1 3 3 0 2 1 1 2 0 2 3 3 0 0 1 2 1 0 1 1 3 0 0 1 0.3086548539 0
2 1 0 2 1 3 3 3 0 0 3 2 1 2 0 3 2 0 2 0 1 2 0 1 3 0 3 3 1 1 1 3 1 1 2 3 1 0 0 3 3 0 1 1 0 1 1 3 2 0 2 1 0 0 3 3 2 1 1 2 3 0 0 1 0.3835303427 0
2 2 1 0 0 3 2 0 2 0 0 2 1 0 2 3 2 3 3 0 0 0 1 3 3 2 3 0 2 3 1 1 3 3 2 1 0 1 3 1 2 0 0 2 3 2 1 0 1 2 3 0 2 0 2 3 3 0 0 3 3 3 2 3 0.3835303427 0
3 3 0 2 1 3 1 0 1 1 3 1 1 2 0 1 2 1 3 1 0 0 0 0 0 1 3 0 2 2 2 2 3 3 0 3 3 3 2 0 1 1 0 2 2 1 3 3 1 3 1 2 2 2 3 1 1 1 2 0 1 3 2 1 0.4239685927 0
0 2 0 0 2 0 0 2 2 3 2 2 2 1 0 1 1 2 0 0 1 1 1 3 3 1 1 2 3 2 0 0 2 3 3 0 1 3 1 2 1 0 2 2 1 1 3 1 2 3 3 1 1 2 2 1 2 0 3 2 1 3 2 2 0.3214509738 0
0 1 0 1 0 2 1 1 1 0 0 3 0 1 0 3 0 1 0 3 1 1 0 0 2 2 0 0 2 2 0 1 2 0 2 1 1 3 0 2 3 1 1 0 2 1 3 3 1 0 0 0 1 0 2 3 2 2 1 0 0 0 2 2 0.2984058257 0
1 3 0 0 3 0 3 1 3 3 3 0 3 3 0 1 0 1 3 3 2 2 0 2 1 1 1 3 2 1 2 2 2 0 0 0 2 1 3 2 0 2 3 3 1 1 1 3 0 2 0 2 2 2 3 0 0 3 2 0 1 1 0 2 0.4085837192 0
2 0 0 3 3 1 3 2 2 2 1 2 2 0 1 0 2 1 0 3 1 0 3 1 1 1 0 1 1 0 0 1 0 3 1 3 3 1 1 3 0 2 0 2 2 1 1 0 2 1 3 0 2 1 3 2 2 3 2 3 1 1 2 2 0.3273351788 0
2 2 1 1 0 1 1 3 0 2 2 2 3 3 2 3 3 1 3 0 0 2 2 1 2 2 3 3 1 3 2 1 3 0 0 2 2 1 3 3 2 2 0 1 2 0 2 1 0 0 0 0 2 3 3 1 2 3 2 3 1 0 1 3 0.5071671483 0
0 0 2 0 0 2 1 1 3 3 2 1 2 0 2 1 2 0 1 3 1 0 2 3 3 2 2 2 3 2 0 0 1 3 2 0 3 3 3 3 3 1 2 0 1 0 3 2 2 0 1 2 1 0 1 2 3 1 3 0 3 0 2 3 0.4565940367 0
3 3 0 1 3 1 1 2 0 0 1 1 0 2 3 2 2 2 0 1 0 1 1 2 1 1 1 1 3 3 3 1 0 0 3 1 0 0 3 0 2 0 2 1 3 0 3 1 3 2 1 1 0 2 3 3 1 1 2 1 1 0 0 2 0.5166298428 0
2 2 0 2 0 2 0 0 2 2 1 1 3 2 1 1 3 0 1 1 2 3 3 3 1 2 1 3 0 1 1 0 1 1 0 3 2 3 1 3 0 1 0 1 0 0 0 3 2 1 1 1 3 2 2 0 2 0 3 0 1 3 2 1 0.4932215826 0
0 1 0 2 0 0 2 1 2 1 3 0 0 1 1 0 3 3 0 3 0 2 2 2 2 1 0 0 3 3 0 1 1 2 0 3 1 3 1 2 1 0 0 3 1 3 3 1 0 1 3 3 0 1 2 3 0 0 2 3 3 1 1 0 0.441769316 0
0 3 2 1 3 2 2 3 0 3 2 3 2 0 3 0 2 0 3 2 3 0 2 0 1 1 1 3 1 2 1 2 1 2 1 2 3 3 0 1 2 3 2 2 1 0 1 2 3 0 2 2 3 0 3 3 0 2 1 0 1 3 3 1 0.4365680863 0
1 3 0 2 0 3 3 1 3 2 3 0 2 2 2 0 0 2 0 0 2 2 2 0 0 0 0 0 0 2 0 0 1 1 0 2 0 3 1 0 0 2 1 1 1 0 0 0 0 3 1 1 2 2 0 0 1 3 0 1 0 3 0 2 0.3321580531 0
2 3 3 3 2 0 2 1 1 2 1 0 1 3 3 3 3 3 1 2 3 2 2 2 2 1 0 2 0 0 0 0 0 2 1 3 1 2 2 2 1 3 1 1 0 3 0 2 2 0 3 0 2 0 1 1 1 3 2 1 1 1 0 3 0.3092983413 0
2 2 3 1 0 0 1 1 1 2 1 3 1 1 2 0 1 0 2 0 3 2 0 3 3 2 1 0 1 3 0 3 3 2 2 1 2 0 2 2 3 3 0 2 1 2 2 2 0 3 3 2 3 3 2 2 2 0 1 0 0 1 0 1 0.5386158533 0
0 1 2 0 3 3 0 1 0 1 2 0 2 2 2 1 3 1 2 2 1 2 2 0 3 2 3 2 3 3 3 2 1 2 1 0 1 1 0 3 3 1 3 1 0 2 1 3 3 1 0 2 3 2 3 0 3 1 0 3 2 2 2 2 0.282163914 0
0 3 0 3 3 2 1 1 0 1 3 1 2 2 0 3 3 0 3 3 1 1 0 3 2 3 1 2 0 0 1 1 3 3 2 1 2 2 0 0 1 1 3 0 2 2 2 3 2 2 1 3 1 3 1 3 3 0 1 3 0 0 3 1 0.3010544585 0
3 1 3 0 3 3 3 2 0 3 0 3 1 2 3 1 1 2 3 0 0 3 2 0 2 1 2 3 3 1 3 2 1 0 0 3 0 1 0 3 2 3 3 0 0 2 3 3 1 1 0 0 3 0 2 0 2 0 0 3 3 1 2 3 0.3302867025 0
0 1 2 2 0 3 3 0 1 3 2 2 2 3 1 1 2 2 0 3 3 2 1 2 2 0 1 2 2 0 3 3 2 0 0 2 0 0 0 0 3 3 1 0 0 0 3 2 3 3 3 0 2 0 3 0 1 2 1 3 2 3 2 3 0.3259732226 0
1 3 2 2 3 3 2 2 3 0 0 0 3 3 0 0 2 2 2 3 0 2 1 0 0 2 1 0 0 3 2 3 2 3 2 0 1 2 3 2 2 1 1 0 0 3 1 3 1 2 3 1 0 2 2 0 2 2 3 1 3 1 1 0 0.2898979486 0
0 2 3 3 3 2 0 2 3 0 2 0 3 2 3 1 3 2 2 1 0 0 1 2 1 0 3 3 3 2 3 0 0 3 0 1 1 1 0 1 0 3 2 0 2 0 1 3 2 2 2 2 3 0 3 1 2 0 2 1 2 1 3 1 0.4142135624 0
0 1 1 3 1 3 0 0 0 2 3 3 2 1 3 2 3 3 2 0 1 0 3 0 2 1 3 0 2 1 2 0 1 2 2 3 2 1 1 0 3 0 0 3 1 0 0 1 1 1 0 2 1 2 1 1 0 3 2 0 1 2 0 3 0.3063950271 0
2 1 2 1 1 0 0 2 2 2 1 1 0 0 1 1 3 3 0 0 0 3 3 2 2 3 0 1 0 1 0 0 0 3 1 0 1 3 1 2 0 0 3 2 3 3 1 3 2 1 2 0 2 1 0 2 3 1 2 3 0 2 3 0 0.2830896523 0
3 2 2 0 3 0 0 2 1 3 2 2 3 1 1 3 1 3 2 3 3 1 0 2 2 3 2 3 3 2 2 1 2 1 3 2 2 3 0 0 1 1 2 2 2 0 1 0 1 0 2 3 1 1 0 2 1 3 3 1 1 2 1 3 0.388756727 0
0 0 0 0 2 0 3 0 0 3 0 0 2 1 3 2 0 2 0 3 3 3 3 2 3 2 2 1 1 3 1 2 1 3 3 3 1 3 2 3 3 1 1 0 1 3 3 2 0 3 3 0 1 0 1 2 1 3 0 2 1 2 2 0 0.3199296194 0
2 2 2 0 3 3 3 2 2 0 2 1 0 3 2 0 0 0 2 0 2 0 2 2 1 1 0 1 3 3 0 1 3 3 0 1 1 1 1 2 2 3 3 1 3 2 3 2 2 3 3 0 1 0 1 3 2 0 0 1 0 2 2 0 0.3174643992 0
1 3 0 0 0 2 1 0 0 0 2 3 0 2 2 2 2 3 3 0 1 2 0 1 0 3 3 2 3 3 0 0 1 1 0 0 2 3 3 3 2 3 3 3 0 2 1 2 2 3 2 3 3 1 1 1 2 1 0 3 1 3 0 2 0.2913712585 0
2 1 2 2 0 1 3 3 2 1 3 0 0 1 3 1 0 0 1 0 1 2 1 3 3 1 3 0 2 2 3 1 2 0 3 3 3 2 3 1 2 3 1 2 1 2 0 3 0 0 0 3 2 0 3 0 3 3 2 1 0 3 1 1 0.282163914 0
1 1 3 2 3 3 2 1 2 1 1 3 0 1 0 0 2 3 0 0 0 1 3 2 2 1 2 2 0 2 3 2 2 0 0 0 3 0 1 3 1 3 2 0 1 2 0 0 0 0 2 3 3 3 0 2 2 1 3 3 1 0 1 3 0.4037797985 0
0 1 2 1 0 0 3 3 0 0 1 3 2 3 1 0 3 0 0 1 1 3 2 0 3 1 1 0 2 2 2 3 2 3 0 3 3 3 0 3 0 0 0 0 0 2 0 1 0 0 2 3 3 2 1 1 0 0 1 2 2 1 0 2 0.3809933712 0
0 2 1 2 0 2 2 2 1 1 1 1 2 2 2 0 3 0 2 2 3 0 2 2 1 0 1 1 0 3 0 1 1 1 0 1 2 2 1 2 3 0 1 0 2 3 1 0 3 2 2 0 0 1 0 0 1 3 2 2 1 2 0 2 0.4142135624 0
0 3 0 2 1 1 3 2 2 0 1 3 3 2 1 2 3 3 0 3 1 0 1 3 3 1 0 0 1 1 1 1 1 0 3 3 2 1 0 0 1 3 0 3 2 2 3 1 2 1 3 3 2 2 3 3 3 2 3 0 3 3 2 3 0.3593916466 0
1 2 1 1 3 0 0 3 1 3 0 1 1 2 0 3 3 1 2 2 1 0 0 0 1 3 1 0 2 1 0 0 0 1 2 0 3 2 2 2 2 2 2 3 0 0 2 0 3 3 1 3 1 2 1 0 2 2 2 1 3 2 3 2 0.30137244 0
3 3 3 2 1 0 0 2 2 1 0 2 2 0 3 1 3 3 1 3 3 0 2 3 0 2 3 3 2 3 3 2 2 0 1 2 3 1 3 1 1 1 2 3 1 0 3 1 1 2 1 0 2 0 3 2 1 2 0 2 3 0 1 3 0.354867572 0
3 0 0 1 1 0 1 3 0 2 1 0 3 1 1 3 1 3 2 3 0 3 2 3 2 3 2 3 2 3 0 0 2 0 1 0 0 3 1 2 0 1 0 0 1 2 3 3 0 2 3 1 3 3 2 0 2 3 3 0 3 0 1 2 0.4000414161 0
0 2 0 3 3 0 3 3 3 0 3 2 0 1 2 0 1 0 2 3 2 0 0 2 1 0 0 0 1 3 0 3 2 0 3 2 3 0 1 1 0 1 2 3 1 3 3 2 3 3 2 2 1 3 2 2 0 2 3 2 2 0 2 1 0.3255563301 0
1 3 1 0 1 0 3 1 2 3 2 1 2 0 1 1 0 2 2 1 3 1 3 1 1 2 3 2 3 1 2 1 2 3 2 2 3 0 3 1 1 3 2 2 2 0 3 1 0 1 0 2 1 0 2 0 0 1 0 0 3 3 2 1 0.282163914 0
1 2 2 2 0 0 3 0 2 0 0 3 0 3 3 0 1 0 0 1 3 1 1 3 0 0 1 0 1 2 1 1 3 1 2 0 0 0 2 0 2 0 1 1 0 0 1 1 0 0 1 3 1 3 2 0 2 2 2 0 3 0 3 2 0.3018893954 0
0 0 2 2 2 0 3 2 2 3 0 0 3 1 1 2 2 0 0 3 1 0 1 1 3 0 0 0 3 0 0 3 3 3 2 1 0 3 0 2 3 1 0 1 3 1 1 3 2 2 0 3 2 0 1 1 2 3 1 2 1 3 0 3 0.3578608802 0
2 0 3 2 3 1 3 0 1 3 1 1 0 0 3 3 2 3 2 3 3 1 2 1 3 2 0 1 1 3 1 0 2 0 3 3 3 0 1 1 2 2 0 3 1 0 3 3 0 2 0 3 3 1 1 1 2 2 3 3 2 3 1 2 0.2910879078 0
2 0 1 1 3 2 2 0 2 1 2 2 0 2 1 1 0 2 2 2 1 0 3 0 0 1 2 0 0 3 3 1 1 1 2 3 1 2 0 2 3 0 1 0 0 2 1 2 1 3 1 3 1 2 1 2 1 2 2 0 0 2 3 2 0.3110890242 0
1 2 2 2 0 0 3 2 1 2 1 1 1 3 3 3 1 3 0 2 2 1 0 2 2 2 1 2 3 1 0 2 1 3 0 2 2 1 0 3 2 1 1 0 2 2 2 1 1 2 0 2 3 1 0 0 0 1 2 0 0 2 2 1 0.3131075983 0
1 3 2 3 1 2 2 3 2 1 3 3 0 0 3 3 0 1 1 0 0 2 0 0 2 1 3 1 0 1 3 2 1 3 1 2 2 2 0 2 2 2 1 1 0 0 0 1 3 1 2 2 3 1 2 0 3 3 0 1 3 3 0 1 0.3674126788 0
0 3 2 0 1 3 1 3 0 2 3 3 1 2 2 0 1 0 2 2 2 3 3 2 1 0 0 3 0 2 2 1 2 3 3 3 3 3 2 1 1 3 2 2 3 1 3 1 0 2 0 3 3 3 0 2 1 0 1 3 1 1 1 0 0.3423689757 0
1 2 1 1 3 3 3 2 3 3 2 2 0 1 0 3 0 1 1 3 0 1 1 0 1 0 1 3 0 1 3 0 1 3 0 2 1 1 0 3 3 2 1 2 0 1 2 0 1 2 1 1 1 1 2 2 1 3 3 2 1 2 1 1 0.4242228081 0
1 3 0 2 2 0 2 0 3 1 0 0 2 3 3 0 1 2 3 1 1 0 1 3 3 3 1 2 3 1 0 0 1 3 0 1 1 0 3 3 0 1 2 1 2 1 2 0 2 3 1 3 1 3 3 3 0 0 0 2 1 0 1 2 0.4000414161 0
3 3 1 3 2 2 2 1 2 2 2 0 3 1 3 0 0 3 2 0 1 2 3 1 1 0 2 1 0 1 1 2 3 3 2 1 1 1 1 2 2 0 0 3 3 0 2 0 0 0 0 1 3 1 3 0 3 2 1 1 2 0 2 2 0.2942840346 0
1 0 2 3 2 1 2 2 3 2 0 2 0 2 1 1 1 2 1 2 3 2 1 0 0 0 3 3 1 1 2 2 2 1 2 1 1 1 3 0 3 2 1 2 1 0 0 2 0 2 1 1 0 0 3 3 0 3 2 2 3 1 2 2 0.2924043498 0
0 0 0 0 1 3 0 3 0 1 3 0 2 2 0 2 2 1 3 3 2 2 2 0 3 2 0 3 0 3 1 1 3 1 1 1 1 0 3 3 1 1 2 3 2 3 2 0 3 1 2 0 1 1 2 0 2 0 2 1 3 2 0 3 0.3835303427 0
2 3 2 0 3 2 2 0 0 2 0 1 1 0 2 2 2 1 0 1 2 3 2 3 2 1 1 2 3 2 0 3 0 3 0 2 3 3 3 1 1 1 1 3 3 0 3 3 2 2 0 1 3 2 2 0 2 3 2 0 3 1 0 1 0.304113536 0
0 1 3 1 0 2 0 1 2 2 2 1 0 1 0 2 3 3 2 0 2 0 3 3 2 3 0 2 1 3 0 2 1 1 0 3 3 0 3 3 3 1 2 3 3 3 2 3 2 1 2 2 3 2 1 0 1 1 2 2 3 1 2 3 0.2823213217 0
0 0 0 3 3 2 0 0 0 2 3 1 1 2 2 3 3 3 2 3 0 1 3 2 1 0 3 0 2 2 3 1 2 1 1 3 3 1 0 1 3 0 2 2 1 0 1 0 0 2 1 0 3 1 0 0 2 0 1 2 1 0 1 1 0.3908225933 0
0 0 0 3 2 0 1 3 1 2 0 2 0 3 2 2 1 2 2 2 2 0 1 0 3 3 0 1 1 2 1 0 3 3 0 3 3 0 2 1 3 3 2 2 0 0 3 0 0 0 1 2 1 1 1 1 0 0 1 1 0 1 3 2 0.2836291826 0
0 0 3 1 3 2 0 2 0 1 2 2 3 2 3 2 0 3 0 1 1 2 2 3 1 0 1 3 2 3 3 0 0 2 2 1 0 3 2 1 0 0 0 1 2 3 2 3 0 3 0 3 2 0 0 1 2 0 1 0 0 3 2 0 0.2946907736 0
1 2 1 1 1 3 3 2 2 2 0 0 3 2 0 3 1 0 1 0 3 3 2 0 0 2 2 3 0 0 0 1 3 2 3 1 3 0 1 1 2 0 2 1 1 2 1 0 2 3 2 2 1 1 2 0 3 0 1 2 1 2 1 0 0.4286189735 0
3 2 1 1 0 3 3 2 0 1 0 1 1 2 0 3 3 1 3 3 1 2 1 2 2 2 2 1 0 0 0 2 2 3 0 0 2 2 3 3 0 0 3 0 0 3 0 1 2 2 2 0 2 0 2 0 2 3 1 0 0 0 3 0 0.2857269627 0
3 0 3 3 3 3 0 0 2 3 1 1 3 1 0 0 3 2 1 1 0 0 2 0 3 1 3 2 1 2 1 3 3 2 2 2 0 3 1 2 2 3 3 0 0 1 0 0 2 0 2 3 0 0 1 2 3 1 0 1 1 3 0 1 0.282163914 0
3 0 2 2 1 3 2 0 1 3 0 2 0 1 2 1 2 2 0 1 1 2 2 1 2 1 0 0 0 1 3 3 0 3 1 2 0 2 1 2 0 3 2 3 3 2 2 1 2 0 2 1 3 0 2 0 1 3 1 0 2 2 0 2 0.3903313049 0
1 2 1 0 1 1 1 0 3 3 3 0 3 3 1 2 3 0 2 1 2 2 0 3 0 1 0 0 2 2 2 2 1 0 2 1 0 2 1 1 2 1 2 3 0 3 0 0 2 0 3 3 0 2 0 0 0 2 1 3 0 2 2 3 0.6123133776 0
1 3 1 2 1 0 0 1 0 1 2 3 2 2 1 3 3 1 3 2 0 1 2 1 1 1 3 2 3 3 2 2 1 1 2 0 0 1 0 2 3 2 3 3 2 1 1 1 1 2 2 0 2 2 0 3 1 0 3 2 0 3 3 3 0.3102148911 0
0 2 3 0 2 2 2 3 2 0 2 3 2 1 0 1 2 1 0 0 0 1 0 0 0 1 3 0 3 3 2 0 3 2 3 3 2 3 0 3 0 2 3 2 1 3 0 0 1 0 1 1 3 0 3 0 3 3 0 0 0 0 1 0 0.455178243 0
0 1 1 2 0 0 0 2 3 2 0 0 0 3 0 0 1 2 1 1 0 2 2 3 2 3 3 0 2 1 0 1 3 1 3 0 3 2 0 1 3 1 1 2 1 3 0 2 1 2 0 2 3 2 0 3 3 0 3 3 0 0 1 0 0.3423413294 0
3 0 3 2 2 2 0 3 0 2 2 0 1 3 0 1 2 1 1 2 0 1 3 1 0 2 3 1 3 2 1 2 2 1 0 3 0 1 2 1 0 2 1 3 0 3 3 2 3 0 3 2 3 1 3 0 3 1 1 0 0 1 1 2 0.304978078 0
2 3 0 3 0 1 3 2 2 2 0 2 1 3 2 1 2 0 2 3 3 0 1 3 1 0 0 2 3 2 1 2 2 3 1 3 2 1 2 3 3 3 1 1 1 2 3 1 3 2 1 0 2 0 3 1 3 2 0 3 0 2 2 0 0.3210538243 0
2 3 1 2 1 3 1 0 1 3 0 0 2 2 0 0 0 1 0 3 0 0 2 3 0 0 3 3 3 1 2 2 0 2 2 0 0 0 1 0 1 1 1 1 0 2 3 2 1 3 1 3 1 2 2 1 1 0 3 2 1 1 1 0 0.3663863704 0
2 3 0 0 1 2 3 2 3 0 3 1 2 1 0 0 3 0 1 3 1 0 3 3 0 0 3 0 1 3 3 2 3 3 1 0 2 2 3 2 0 1 2 3 3 0 0 1 1 1 1 0 1 1 3 0 1 1 0 0 0 1 0 0 0.3173744686 0
3 0 1 0 3 3 2 2 2 0 0 1 1 0 2 1 1 3 2 0 0 0 0 0 1 0 0 0 2 2 1 0 3 2 3 0 3 3 0 2 1 2 0 3 0 3 0 3 3 2 0 3 2 3 0 3 0 2 0 0 3 0 1 1 0.2930491235 0
1 2 2 1 1 2 1 0 0 2 1 2 3 2 0 1 2 2 0 2 0 2 2 0 3 2 2 3 1 2 1 2 3 2 0 3 0 1 0 1 2 2 3 3 3 0 0 1 3 1 0 0 1 3 1 1 1 1 3 3 2 1 2 1 0.3500016244 0
3 0 0 0 3 1 0 2 1 1 2 1 3 0 3 3 3 0 0 0 0 3 2 0 1 1 2 0 3 3 2 0 0 0 0 3 0 1 2 1 3 0 2 3 0 1 0 2 1 2 3 0 0 0 2 2 2 0 3 2 2 0 3 1 0.2820068037 0
2 1 3 3 3 3 0 3 3 1 2 2 0 3 2 3 3 3 3 3 0 2 3 0 3 2 3 3 2 2 0 1 1 1 3 3 2 1 3 0 2 1 3 0 1 2 2 2 3 1 3 2 2 0 1 1 2 2 3 2 1 1 2 0 0.3597564272 0
2 1 1 0 0 3 1 0 1 0 0 2 2 3 0 3 3 3 0 3 3 1 0 0 3 1 3 3 3 3 0 3 0 0 2 1 0 3 0 0 0 2 1 2 1 0 1 3 2 0 3 1 3 0 0 1 2 2 2 0 2 2 2 1 0.2877254208 0
2 1 0 3 1 2 3 2 0 1 2 3 1 0 2 2 0 3 0 3 2 1 3 0 1 0 1 3 2 0 2 0 0 2 1 1 1 2 3 3 2 0 0 2 2 0 1 0 2 0 0 2 3 0 1 1 0 0 0 0 1 0 2 0 0.3737950927 0
1 3 2 1 1 1 0 1 3 1 0 0 1 3 2 1 0 3 0 2 3 0 2 3 2 1 2 2 2 0 1 3 1 3 0 0 1 2 0 3 0 2 0 2 2 2 0 1 0 1 3 3 3 3 2 2 2 3 2 1 2 1 2 3 0.2898979486 0
2 0 2 3 1 1 3 0 3 0 3 3 1 2 1 3 2 1 0 1 1 1 1 0 3 1 1 0 1 2 2 3 1 3 0 0 1 1 0 1 0 0 2 0 2 2 0 2 1 1 0 2 0 2 2 2 3 2 3 2 0 2 1 2 0.3302867025 0
3 0 2 0 3 0 0 2 1 0 2 3 2 2 1 3 1 0 2 1 1 3 3 0 2 1 1 2 0 2 2 2 2 0 1 1 1 2 0 3 1 1 1 1 3 3 1 1 3 3 0 3 0 0 2 2 3 2 3 2 2 3 3 1 0.3340670182 0
0 0 3 0 0 0 3 2 0 1 1 3 2 3 3 2 2 0 1 0 2 0 1 2 3 0 1 0 0 1 2 0 3 2 3 0 3 2 0 0 2 0 0 3 2 1 0 0 2 1 3 3 3 3 0 0 0 1 1 0 0 2 2 2 0.3355515247 0
1 2 1 0 2 3 1 2 0 2 1 3 1 1 0 0 1 1 1 1 0 1 1 3 1 2 1 3 2 3 3 2 0 1 1 3 3 3 2 3 0 1 2 1 3 0 2 1 3 3 2 1 0 3 3 3 1 2 1 1 0 3 2 3 0.282163914 0
3 3 1 0 1 0 3 3 2 3 3 2 3 3 3 1 0 1 0 3 3 2 3 3 2 2 2 0 0 3 1 3 1 0 2 2 0 2 2 0 2 2 3 3 1 1 3 0 1 3 1 2 0 1 1 3 2 3 0 2 1 1 0 0 0.4184720066 0
2 0 2 0 2 2 0 1 3 0 0 2 3 1 2 3 1 1 0 0 0 0 1 0 0 1 3 2 3 3 0 3 2 1 2 0 1 2 1 2 3 3 0 2 1 3 3 1 0 1 3 0 0 2 0 0 0 0 1 0 2 2 1 3 0.3255563301 0
2 3 2 2 2 1 3 0 0 3 0 1 1 2 1 3 1 1 0 0 3 3 0 0 0 3 1 0 2 2 3 3 2 2 3 3 2 0 1 0 1 3 2 3 0 0 0 3 2 2 1 3 3 1 1 2 0 3 1 1 1 0 1 1 0.2684767378 0
0 1 3 3 2 1 2 0 0 0 1 3 1 3 1 0 1 0 0 2 2 2 3 3 3 2 3 2 1 2 0 0 3 2 0 0 2 2 3 3 2 1 1 0 1 3 3 3 3 3 1 1 2 2 3 0 0 0 1 1 1 1 0 1 0.276083229 0
2 0 0 1 3 2 3 0 3 3 3 3 1 1 0 2 1 3 0 3 3 0 2 1 0 1 0 3 0 2 0 0 2 0 0 0 3 2 1 3 3 2 2 3 2 1 1 3 1 3 2 3 0 3 0 3 0 2 1 3 1 0 0 1 0.3157755779 0
1 1 3 1 0 2 3 1 0 3 2 2 2 2 3 2 0 1 3 1 1 3 1 3 2 2 0 2 1 2 1 2 3 3 0 3 2 2 0 1 2 1 2 2 2 3 3 2 3 2 0 1 2 1 2 0 0 3 1 2 1 0 0 2 0.33895657 0
0 2 1 3 2 1 1 1 2 0 2 1 2 2 2 0 2 2 0 0 1 2 2 0 0 1 2 2 3 3 3 1 3 1 1 1 3 0 2 3 2 1 1 0 1 2 2 1 2 0 1 3 3 2 3 1 3 1 3 3 1 2 1 3 0.4228979929 0
0 1 2 1 2 0 1 3 1 3 0 0 0 2 1 3 0 1 0 1 1 0 0 3 1 3 3 0 3 1 2 0 2 0 3 2 1 1 3 0 1 1 0 0 2 1 1 3 1 3 1 1 2 0 2 1 2 2 3 3 1 0 2 0 0.2881114233 0
1 1 1 0 3 3 0 1 2 2 3 2 3 2 3 3 2 1 2 3 1 1 2 2 3 3 0 1 1 3 1 2 2 0 0 1 3 1 1 0 0 2 1 3 2 1 1 0 0 1 2 3 0 0 2 3 2 2 2 0 2 3 1 1 0.3015229716 0
1 2 3 3 3 3 0 1 0 2 2 2 3 2 1 3 3 0 2 2 1 2 0 0 1 1 3 2 2 2 2 0 2 0 1 0 3 3 3 2 2 2 0 3 1 3 1 0 3 0 3 1 1 1 2 3 0 2 2 0 0 2 0 3 0.3302867025 0
3 2 3 3 1 0 0 3 2 3 2 0 2 1 1 1 1 2 2 3 2 0 3 1 0 3 2 1 1 1 1 1 0 1 0 3 1 1 3 3 0 2 1 1 1 0 1 1 1 2 3 0 0 3 3 1 3 2 3 3 1 1 0 1 0.3942517493 0
2 2 3 0 3 0 3 0 1 3 0 2 2 0 1 0 0 1 2 3 0 2 0 3 0 3 3 2 2 1 2 0 1 0 0 0 1 2 0 0 2 0 1 3 0 1 3 3 1 3 1 0 3 3 3 3 0 1 3 0 1 2 0 3 0.6023616121 0
2 1 2 1 1 1 1 2 0 0 3 2 1 2 0 3 3 0 3 3 0 2 2 2 3 3 3 1 3 2 3 0 2 3 3 3 3 3 0 0 1 2 0 0 3 0 2 2 3 1 0 2 3 2 1 3 2 1 1 2 1 0 2 3 0.3539604037 0
2 2 3 2 0 0 2 2 1 3 0 3 1 0 2 0 0 0 3 3 2 0 0 3 2 2 3 1 1 3 0 1 1 3 2 1 1 2 2 1 2 1 2 0 2 1 2 0 2 2 3 1 0 2 0 0 2 2 0 1 2 2 1 3 0.6333005346 0
1 0 3 0 0 2 3 0 1 1 0 1 3 2 0 0 2 1 2 1 0 0 1 0 2 1 3 1 3 3 2 2 2 1 1 2 3 3 0 2 3 2 1 1 0 1 2 3 2 0 1 0 0 3 1 2 0 1 0 2 0 3 2 2 0.4052420579 0
0 1 0 1 1 1 0 3 0 2 2 1 0 3 2 0 0 1 0 3 2 0 3 0 2 2 2 3 0 2 2 1 0 1 3 2 0 3 1 3 3 2 0 3 0 3 0 1 1 1 3 1 2 1 1 2 2 1 3 1 0 3 2 1 0.3194820874 0
0 2 0 0 0 2 0 1 1 1 1 3 1 0 2 3 0 2 0 3 0 2 0 0 2 1 3 3 1 2 1 2 2 0 1 0 1 2 1 2 3 3 2 0 0 2 3 0 1 2 3 0 0 1 3 3 0 2 1 3 3 2 3 0 0.3597564272 0
1 0 1 0 2 3 2 2 0 1 1 0 2 3 2 3 3 0 2 2 2 1 1 0 1 1 1 2 0 3 3 3 0 2 1 0 2 2 0 1 2 3 1 1 3 1 1 0 2 3 0 2 3 3 3 3 3 2 1 0 0 2 1 0 0.3727036241 0
0 0 0 3 2 2 2 3 2 2 1 2 0 2 3 2 0 1 0 2 3 2 3 0 1 0 2 3 1 1 0 0 0 3 1 1 1 3 3 3 3 0 1 2 2 0 1 2 1 1 1 1 2 3 1 2 3 0 2 3 0 2 1 3 0.4687105288 0
3 0 1 3 1 1 0 0 1 2 0 0 0 3 2 1 1 0 3 0 0 0 1 3 1 2 3 3 2 3 3 2 0 0 0 2 2 1 2 1 1 1 3 3 2 0 0 2 2 2 3 2 0 0 2 2 1 2 2 1 1 0 3 2 0.441769316 0
3 1 3 3 3 2 3 0 3 3 1 3 3 3 3 2 2 0 0 1 3 0 0 0 3 0 0 1 3 3 0 1 3 1 0 1 2 0 2 2 0 0 1 1 1 1 1 2 3 2 3 3 3 2 2 0 0 0 0 2 1 2 1 2 0.3748981467 0
0 2 0 0 1 1 1 2 2 0 3 1 1 2 1 2 2 3 3 3 2 2 0 3 2 2 3 2 1 1 3 1 0 3 3 1 2 1 2 1 2 0 2 0 2 3 1 0 0 0 0 1 3 2 0 0 0 0 3 2 0 3 3 3 0.362204299 0
3 3 2 3 1 1 0 0 3 0 3 3 0 0 2 3 3 3 1 2 1 0 1 0 1 0 3 0 2 1 3 3 2 2 0 3 2 3 1 3 1 2 3 2 0 2 0 0 0 3 3 2 3 2 2 0 0 3 1 2 2 2 1 1 0.3665354679 0
0 2 3 2 2 2 0 0 1 2 0 0 2 1 0 3 1 2 0 2 2 3 2 1 0 1 0 0 0 1 3 3 2 2 0 2 0 2 3 1 0 2 2 2 2 0 3 3 1 0 2 2 2 3 2 1 2 0 1 3 1 0 0 0 0.3352662227 0
2 2 0 3 2 0 2 2 3 2 0 1 2 0 1 0 1 0 2 1 3 2 2 0 0 0 1 1 1 2 0 1 2 2 0 3 2 2 3 0 3 0 0 3 0 2 0 3 3 1 0 1 1 2 3 0 2 2 1 3 2 1 0 2 0.30137244 0
2 2 1 0 0 2 2 2 2 1 1 1 2 2 1 1 3 0 3 0 1 0 3 3 0 1 3 2 1 2 3 1 3 2 3 3 0 3 0 3 0 2 0 0 0 2 3 2 1 2 1 3 1 2 0 3 2 2 2 1 3 1 0 2 0.4015335953 0
3 3 3 3 2 2 2 0 0 0 1 0 0 2 3 0 0 3 0 2 3 0 3 0 0 1 0 2 3 2 1 0 2 2 0 2 1 3 0 1 3 2 2 0 0 1 1 1 1 0 0 2 3 2 0 0 2 2 1 2 3 2 3 1 0.3399193321 0
3 3 1 2 1 0 0 0 2 0 0 3 3 2 2 1 0 0 1 0 3 3 0 2 1 3 0 1 2 3 3 1 0 0 0 3 3 0 3 3 0 1 2 1 3 3 0 0 3 2 0 1 3 0 2 0 3 2 3 1 0 1 0 1 0.370458737 0
2 3 3 2 1 0 0 1 2 1 2 0 2 2 3 2 2 2 3 1 1 2 1 3 1 2 1 2 1 3 2 1 1 0 1 2 0 1 1 1 0 0 3 1 2 2 2 3 2 2 1 1 0 1 0 1 0 1 2 3 0 0 1 2 0.2792591811 0
0 2 2 3 3 1 3 1 3 3 0 1 3 2 0 1 3 2 2 1 3 1 3 3 1 1 1 3 1 3 2 3 2 0 1 2 3 2 0 1 0 0 3 3 0 2 1 1 3 2 3 0 3 3 1 2 1 0 3 1 2 3 3 2 0.3418020796 0
1 2 2 3 2 2 2 3 0 0 0 2 3 2 3 3 1 2 3 3 1 2 3 1 0 0 2 1 2 2 1 2 1 2 1 1 3 1 1 0 3 1 0 1 2 3 3 3 2 3 0 2 0 0 3 3 0 0 1 3 3 0 0 0 0.3212411204 0
1 0 2 0 0 2 3 2 1 1 3 1 1 1 3 0 0 0 2 3 0 3 0 2 3 3 2 3 1 3 1 1 2 2 1 3 3 3 3 1 1 2 0 0 3 3 1 1 1 3 1 2 2 1 3 2 3 2 2 3 1 1 1 3 0.3825070337 0
2 1 1 3 3 2 3 3 2 1 2 2 1 0 2 3 3 2 3 1 3 0 3 3 0 0 1 2 2 3 1 3 3 0 2 3 0 2 0 2 2 1 2 0 0 0 2 1 3 1 1 3 1 2 3 1 1 0 3 3 3 1 2 3 0.4405203074 0
1 0 2 0 3 0 1 0 3 3 2 2 3 2 2 0 1 3 3 0 3 1 3 1 0 3 0 1 0 3 1 3 2 0 2 1 0 1 1 2 1 0 0 1 3 3 2 0 3 1 0 1 0 0 2 3 3 3 1 3 0 1 3 2 0.4286189735 0
3 3 2 2 0 1 3 1 0 1 3 1 1 1 2 3 0 3 2 0 3 3 3 0 3 0 3 1 3 2 1 1 1 0 0 0 2 2 0 0 0 0 2 3 3 0 3 2 3 0 0 3 1 3 0 0 0 2 1 2 1 0 0 0 0.6348327045 0
0 2 1 3 3 3 0 0 3 1 3 1 1 2 0 0 1 2 3 3 3 1 2 1 2 3 1 0 3 3 0 3 0 1 0 2 3 3 2 0 3 1 0 2 2 0 2 0 2 2 0 3 2 1 2 3 3 3 1 3 2 0 0 0 0.3074928865 0
1 0 1 0 0 1 1 1 3 0 1 3 3 3 2 2 2 1 0 2 0 1 2 0 0 3 0 1 1 0 2 0 1 1 2 2 0 3 2 1 3 3 0 1 2 1 0 3 2 1 1 0 0 0 1 0 2 2 1 2 3 0 1 1 0.3767709332 0
0 3 3 3 1 1 0 2 3 2 0 1 3 0 1 3 3 2 0 3 3 3 0 2 0 2 1 1 2 2 2 3 0 2 2 3 2 3 1 2 2 0 0 3 0 0 2 0 3 1 1 2 3 2 3 2 3 3 3 2 3 3 2 0 0.363892531 0
1 3 0 3 1 3 2 3 2 3 0 1 3 0 0 1 0 2 0 1 0 3 2 3 3 0 0 2 1 0 2 2 3 3 3 0 1 0 3 2 2 0 2 0 1 3 3 3 2 1 0 1 1 1 3 0 0 1 0 0 1 2 2 0 0.375585761 0
1 2 1 0 1 1 1 0 2 2 1 1 1 0 2 0 2 2 0 1 0 1 2 3 2 2 2 1 1 2 0 2 1 3 0 0 3 2 0 3 2 1 3 2 0 1 2 1 2 3 3 0 3 3 1 1 0 3 3 3 1 1 2 3 0.3097809893 0
0 2 2 1 3 1 2 0 3 2 2 3 2 0 2 2 3 3 2 0 0 2 1 2 0 2 3 1 2 0 2 3 1 1 1 0 0 1 3 3 1 2 0 1 0 3 3 1 1 0 2 2 1 0 3 2 0 3 1 3 1 2 2 2 0.3418020796 0
3 3 1 3 0 1 2 0 2 1 2 3 3 3 2 2 1 3 1 2 3 2 1 3 0 1 3 3 0 1 2 3 1 2 1 2 2 1 1 1 0 2 1 2 2 2 0 2 1 3 0 0 0 3 2 2 2 1 1 3 2 2 3 1 0.4327864839 0
1 0 3 3 0 2 0 2 1 3 1 2 0 3 3 2 3 2 0 3 1 3 1 0 0 0 0 3 1 0 0 2 2 2 1 3 1 1 0 3 1 0 1 2 1 1 0 0 0 3 2 0 3 3 1 2 0 0 1 3 2 1 0 1 0.441769316 0
0 0 0 0 2 1 1 3 1 3 3 3 1 3 0 2 3 1 3 1 1 2 3 1 0 3 3 1 1 3 1 2 2 2 2 0 0 2 3 1 2 1 3 1 0 0 2 0 3 3 1 2 3 3 2 1 0 1 3 3 3 0 0 3 0.3418020796 0
3 2 3 0 1 2 3 3 2 2 0 0 1 3 0 0 1 1 3 1 0 0 3 2 3 2 3 0 2 2 1 3 2 1 2 1 2 1 3 3 2 1 3 1 0 0 0 3 0 0 1 0 2 3 0 3 1 1 2 2 0 2 2 1 0.312076478 0
0 3 0 3 0 1 3 1 1 1 1 3 2 0 1 2 3 1 1 0 0 2 3 1 0 3 3 2 2 1 0 3 0 1 1 1 1 2 2 3 3 3 1 0 3 1 0 2 0 2 2 1 2 0 0 3 0 1 0 1 3 2 0 3 0.5392675262 0
0 0 3 0 3 2 3 0 0 0 1 0 0 3 0 3 1 2 0 1 1 0 1 1 2 1 0 0 0 3 3 1 1 0 0 3 1 3 0 2 3 0 0 1 0 3 3 0 0 2 1 2 3 2 1 1 3 2 3 2 0 2 1 3 0.3193901603 0
3 0 1 2 0 3 2 1 1 1 0 0 3 1 1 0 3 2 2 3 2 1 1 2 2 3 1 3 3 2 0 3 0 1 3 3 2 1 1 2 3 2 2 2 1 3 2 1 2 1 3 0 0 0 1 0 2 2 1 1 1 3 1 1 0.4932215826 0
1 2 1 0 0 0 1 1 2 3 2 0 0 3 3 2 3 1 1 3 3 2 3 3 2 3 1 3 3 2 0 2 3 1 3 2 0 2 2 2 1 2 1 0 0 2 0 3 3 1 2 0 3 3 3 0 2 0 1 2 0 1 2 2 0.4755768953 0
0 3 0 2 3 0 1 0 2 3 3 3 0 0 3 3 1 2 0 0 3 1 3 1 3 1 0 3 1 1 2 0 3 3 2 2 3 1 1 3 2 0 0 3 0 0 0 3 2 3 1 0 3 3 1 2 3 2 0 3 1 3 0 1 0.5071671483 0
3 0 0 1 3 2 1 2 0 0 3 3 3 3 2 0 1 3 2 2 3 0 2 1 0 2 0 3 0 3 2 1 1 2 2 0 1 0 0 3 0 3 0 3 1 0 0 1 0 0 1 1 1 3 3 0 2 3 2 3 3 0 2 1 0.304113536 0
1 2 3 0 1 3 2 1 1 3 1 3 2 2 0 2 3 2 2 0 0 2 3 2 0 2 2 3 1 1 2 2 3 3 1 0 1 1 2 1 2 1 0 0 0 1 1 3 0 2 0 3 2 1 0 1 1 2 2 0 3 3 0 2 0.2846096302 0
1 1 3 2 2 2 2 3 1 3 2 1 2 3 1 3 2 2 2 3 1 1 3 0 1 2 2 3 0 3 3 1 0 1 0 1 0 3 3 2 1 3 1 0 3 2 0 2 1 0 1 1 0 3 0 3 0 0 1 0 0 3 1 0 0.3244736208 0
3 2 2 3 1 2 3 0 3 1 1 0 2 3 1 1 1 0 0 0 2 0 1 2 2 0 3 1 3 1 3 2 3 3 0 2 1 3 2 0 3 0 1 2 2 2 3 3 1 1 2 0 2 2 2 0 2 3 0 1 3 0 1 3 0.3183767839 0
3 3 1 0 0 2 3 1 1 1 3 0 0 3 3 2 0 2 0 0 2 1 3 3 0 3 1 0 3 0 2 3 3 1 2 0 2 2 1 1 1 0 0 2 3 0 2 2 0 0 0 0 3 1 1 2 0 2 1 3 2 3 1 0 0.5309869398 0
1 2 3 1 2 3 3 3 2 1 1 0 2 0 0 0 3 2 2 3 1 2 3 0 3 2 1 0 1 2 0 2 1 0 1 2 3 2 2 1 2 3 2 1 0 2 2 1 3 3 2 3 0 2 2 0 0 1 3 3 1 1 3 1 0.2857269627 0
0 3 1 0 2 1 3 0 3 1 0 1 3 0 3 3 2 0 3 1 1 0 0 2 2 1 0 0 1 1 1 0 2 0 1 2 3 1 0 3 3 3 2 1 1 0 3 0 0 3 0 3 1 3 1 2 1 0 0 0 0 0 3 2 0.3244736208 0
1 0 3 0 0 1 2 0 3 2 3 2 0 3 1 2 3 2 1 0 3 1 1 0 1 3 3 2 3 0 3 3 1 2 1 3 0 1 2 3 0 3 2 1 0 2 0 2 1 2 1 0 0 3 3 2 0 2 2 1 1 1 0 0 0.4365680863 0
3 2 1 3 2 3 1 2 2 0 2 2 1 2 1 1 2 0 1 0 2 1 3 1 2 0 0 0 2 2 3 2 2 0 0 3 2 2 3 0 3 1 1 3 1 1 0 0 3 0 2 3 3 3 1 2 3 2 1 3 2 0 1 3 0.3879780451 0
1 0 3 0 0 3 2 3 3 3 1 1 1 3 2 3 0 0 2 2 3 1 2 3 2 1 0 0 0 0 2 2 0 0 2 1 0 0 0 2 0 2 3 1 1 2 3 2 1 2 1 0 1 3 0 3 1 3 0 3 1 0 3 3 0.2987143064 0
2 2 2 1 2 3 3 3 2 1 2 0 1 2 2 2 3 3 0 0 0 3 2 1 0 1 2 2 3 3 3 3 0 2 0 3 2 3 2 1 1 2 0 0 2 2 2 3 0 0 1 0 2 2 0 0 2 0 3 1 1 1 2 3 0.2910624043 0
3 2 3 3 3 1 3 1 3 2 1 1 2 2 3 1 3 0 2 1 2 0 1 2 1 1 1 2 1 3 0 1 3 0 1 2 1 0 3 3 1 1 2 2 2 3 1 2 3 2 1 1 3 1 3 1 3 3 1 2 3 0 2 1 0.3055166403 0
0 3 3 0 3 2 0 0 0 1 3 1 2 3 2 1 2 3 2 0 1 1 1 2 2 2 3 1 3 1 2 1 0 1 3 2 1 2 0 1 1 1 0 3 2 3 3 3 2 1 0 0 1 3 1 0 2 1 3 3 2 0 1 1 0.5336088039 0
0 3 2 1 0 1 0 3 1 1 1 3 2 3 2 1 1 1 3 3 2 0 1 0 2 0 0 1 2 3 0 2 1 3 1 3 1 0 0 0 1 0 1 2 1 0 3 0 2 3 2 3 2 0 1 1 1 0 2 3 1 2 0 2 0.388756727 0
0 2 0 0 2 0 3 1 1 3 0 1 3 0 2 3 1 2 1 1 0 2 0 1 0 2 2 1 1 1 2 2 1 3 3 2 2 3 2 3 2 3 2 3 3 1 1 0 3 1 0 0 2 1 3 3 0 0 0 2 3 2 0 2 0.3302867025 0
1 0 3 1 3 3 3 0 2 0 2 1 3 2 1 1 1 1 2 2 2 2 2 3 0 0 2 3 3 1 0 2 1 1 2 3 3 1 3 1 1 1 3 2 2 2 2 3 0 3 0 2 0 0 0 3 3 3 3 0 3 1 0 3 0.3897982694 0
0 0 2 3 0 0 1 1 1 2 3 1 3 2 2 1 3 1 2 1 0 1 2 1 2 2 1 0 3 1 1 2 0 0 1 2 3 2 3 0 1 0 1 3 1 0 1 3 1 0 0 0 3 0 1 3 1 3 0 1 1 1 0 0 0.3553497752 0
1 3 2 1 0 2 2 0 0 0 3 3 3 0 2 1 0 3 0 1 2 2 3 0 3 0 3 1 0 1 2 3 2 2 0 1 2 3 3 3 1 3 0 2 3 3 0 2 2 1 0 0 2 3 3 0 0 3 3 1 0 0 0 3 0.5599533212 0
1 3 1 2 0 2 1 0 3 2 3 2 3 1 2 1 0 2 0 2 3 2 1 2 2 1 2 2 0 2 1 2 0 3 2 3 2 1 3 0 1 3 2 3 0 3 1 1 0 1 3 2 1 0 1 3 3 0 2 3 0 1 0 0 0.2735033719 0
3 3 2 3 1 1 1 0 2 0 3 2 2 1 2 1 3 2 3 2 1 0 3 2 0 3 3 0 0 1 3 1 0 1 1 0 0 1 2 0 3 1 3 2 0 2 3 3 0 1 0 1 1 1 0 1 0 1 0 2 3 1 2 3 0.2983609102 0
2 1 0 2 3 2 3 2 1 1 3 1 3 3 3 0 1 1 3 1 0 2 0 2 1 1 3 3 3 0 0 2 0 2 0 1 2 1 1 0 2 2 1 3 2 3 1 2 1 1 3 3 2 1 3 0 0 3 1 3 1 0 2 2 0.5071671483 0
3 0 3 3 1 0 2 3 2 2 2 1 2 3 3 3 0 2 1 1 1 0 1 2 0 2 2 3 1 2 1 0 3 1 3 0 0 3 0 3 2 0 1 0 1 1 3 0 0 0 1 1 3 2 0 1 2 0 3 3 3 1 0 0 0.3308289462 0
3 1 2 0 2 0 0 2 1 2 1 3 2 1 0 1 1 1 1 3 2 0 2 1 0 2 0 3 1 0 1 3 3 3 0 1 0 0 2 3 1 2 3 0 2 3 0 0 3 1 3 2 1 3 2 3 2 3 2 1 1 1 1 0 0.3364806498 0
0 1 0 1 2 2 1 1 1 1 1 0 1 2 2 1 3 1 1 0 1 2 2 1 1 0 0 2 1 0 2 1 1 0 1 1 2 0 0 3 2 0 2 1 0 1 0 3 0 2 3 0 0 3 3 0 1 0 1 2 3 0 2 2 0.3144318014 0
2 2 0 2 1 1 1 2 2 0 1 0 0 1 1 3 2 0 2 1 3 1 0 3 0 3 0 3 3 1 0 1 3 1 3 1 0 3 1 1 1 1 1 0 3 2 3 2 1 3 3 1 2 1 0 3 0 1 1 2 0 2 0 3 0.5996278455 0
1 2 1 0 0 0 0 1 3 3 1 0 1 2 3 2 2 2 1 2 1 3 3 2 2 3 0 1 2 2 0 1 3 1 0 1 2 2 1 3 3 0 1 3 3 2 3 3 3 2 0 3 1 1 0 2 1 2 2 2 2 2 1 3 0.455178243 0
3 2 1 0 1 2 1 1 3 1 2 1 0 3 3 2 0 3 1 2 3 1 3 2 2 1 3 2 0 2 2 0 3 0 0 3 3 3 1 2 2 1 1 1 1 2 1 0 0 1 3 1 0 0 0 3 1 1 0 3 0 2 1 3 0.3572822687 0
0 2 2 1 2 2 0 3 3 1 0 2 1 0 3 2 3 3 1 2 3 0 2 3 0 3 1 0 3 0 1 0 2 0 1 3 3 2 0 2 1 1 2 0 1 2 1 3 0 2 1 2 0 2 0 1 0 2 1 2 1 3 1 0 0.2958353457 0
3 3 0 1 3 3 2 1 3 2 3 3 0 0 2 0 1 0 0 2 3 2 1 3 1 2 1 3 3 1 1 3 2 1 1 3 0 0 0 1 1 1 1 0 3 2 1 2 1 0 3 0 0 0 0 2 1 3 1 2 0 2 0 0 0.375585761 0
1 1 2 3 3 2 1 2 3 2 2 3 2 1 0 2 3 2 3 3 1 2 3 0 1 0 3 0 2 1 1 0 3 3 1 2 2 0 3 2 2 1 3 0 1 0 3 3 3 3 3 1 0 3 3 0 0 1 1 0 2 2 1 1 0.2832488209 0
1 0 0 1 0 2 3 0 0 1 2 0 1 3 1 0 1 3 3 2 0 3 0 3 2 0 0 1 2 1 1 0 1 2 2 1 0 3 0 1 1 0 3 0 3 1 1 3 1 0 1 0 2 0 1 1 1 0 2 2 1 0 1 3 0.3220972066 0
2 1 1 2 3 3 2 3 0 3 1 0 0 3 2 0 1 0 3 2 0 1 2 3 1 1 1 0 2 3 1 0 1 0 0 1 2 3 1 3 0 3 1 0 3 2 0 2 0 3 3 2 3 0 0 2 2 1 3 0 1 2 2 1 0.3694965927 0
1 3 2 2 2 1 0 3 2 2 2 1 0 0 3 2 2 0 1 3 3 1 2 2 1 2 2 2 2 3 3 3 3 3 0 3 3 0 2 3 3 3 0 3 1 0 0 1 1 3 3 1 2 2 2 3 1 3 2 3 2 0 3 2 0.266781624 0
1 2 2 2 3 2 2 2 0 0 0 2 2 3 0 2 1 0 0 0 0 2 0 2 2 0 1 3 3 0 3 1 3 0 3 2 1 0 1 3 1 2 2 1 1 0 2 1 0 3 1 3 1 0 1 0 0 1 1 2 3 3 2 0 0.4472135955 0
3 1 3 3 0 0 3 2 1 3 2 0 3 0 0 0 1 2 3 3 1 0 1 1 2 2 0 2 3 0 3 0 0 3 3 0 2 2 0 0 1 2 0 1 0 3 3 3 0 2 0 0 1 3 3 1 1 2 3 3 1 2 3 0 0.2924302569 0
3 2 0 2 2 0 3 1 1 0 1 2 0 0 2 2 1 0 2 1 1 3 0 2 0 0 0 0 1 1 0 3 2 3 0 1 0 3 0 0 2 3 2 1 0 1 3 0 0 1 1 1 0 1 3 3 0 2 0 1 1 3 3 0 0.2863228112 0
2 2 1 1 2 0 0 1 1 0 0 1 0 0 3 3 2 2 2 2 3 2 0 1 1 3 0 3 1 3 0 0 0 3 0 0 2 3 1 1 2 3 3 3 2 2 0 3 1 3 0 2 0 0 1 2 1 3 1 0 0 3 0 3 0.3972693932 0
1 0 3 3 0 0 2 3 2 2 0 0 0 1 2 3 0 2 1 2 2 3 2 0 3 0 1 3 2 2 3 2 2 0 3 2 2 1 3 3 3 2 2 0 0 1 3 3 0 2 2 1 2 1 0 1 1 3 1 0 3 1 0 2 0.4472135955 0
0 0 1 3 3 0 3 3 2 3 0 0 2 3 1 1 2 0 2 0 0 3 2 0 3 1 1 1 1 0 1 0 1 3 2 1 2 1 2 1 1 1 3 1 2 3 0 1 1 0 0 3 0 2 2 2 0 2 0 1 3 0 1 0 0.2808421696 0
0 0 3 0 1 3 2 2 2 1 0 3 1 2 1 3 2 3 1 1 1 1 2 1 3 0 1 0 0 2 0 0 1 1 1 0 2 2 0 0 2 0 3 2 2 2 1 1 0 0 0 0 0 1 3 2 2 3 3 0 0 0 0 3 0.5285928543 0
1 1 3 0 1 0 2 1 3 2 3 2 3 1 3 2 1 0 0 2 2 3 1 0 1 1 0 2 1 0 2 2 0 3 2 3 2 2 2 0 1 3 1 3 2 0 0 0 0 2 0 0 1 1 2 1 0 3 1 0 1 2 2 1 0.3474320193 0
2 1 1 2 2 0 1 0 1 1 3 2 2 0 3 2 3 0 0 2 3 2 2 3 1 2 0 1 1 0 2 1 0 0 3 2 3 1 3 0 0 2 0 3 1 2 0 2 3 0 1 2 3 1 3 0 2 0 1 3 0 3 0 1 0.2806875398 0
3 2 3 3 3 2 0 0 3 0 2 2 1 3 2 1 3 0 1 0 3 1 2 0 3 0 0 2 1 3 2 1 1 2 2 3 3 2 0 1 0 3 0 3 1 3 1 0 2 0 1 0 2 3 0 0 2 1 3 2 3 2 2 3 0.375585761 0
1 1 2 3 3 1 3 1 0 2 0 1 2 3 2 2 3 2 2 0 0 2 2 2 0 2 3 2 2 0 0 0 0 0 1 0 1 0 2 0 0 1 3 2 3 1 2 3 3 3 0 0 3 2 0 2 3 1 3 3 1 0 0 1 0.3418020796 0
0 3 1 0 2 2 1 0 3 3 2 1 3 3 3 3 2 1 3 0 1 3 1 0 3 0 1 2 3 3 3 0 1 0 3 2 3 3 2 0 1 0 3 3 2 2 0 1 3 3 3 3 0 0 1 0 3 1 3 3 3 3 0 1 0.4762155517 0
1 1 2 2 1 2 2 3 3 1 2 3 2 0 2 1 3 1 1 0 0 0 1 3 2 1 3 3 3 2 1 2 0 3 1 1 0 0 0 2 3 3 3 1 2 3 2 1 3 0 3 1 0 2 3 0 1 3 3 1 3 2 3 3 0.5003888065 0
3 1 2 1 2 1 3 1 0 3 0 2 3 0 2 2 3 0 2 2 0 3 3 3 0 3 3 1 2 1 3 0 1 0 0 0 3 3 3 3 0 3 3 2 1 0 1 2 1 2 1 3 0 2 1 1 0 3 0 0 2 3 0 1 0.3625245641 0
0 0 3 0 3 3 3 3 1 1 3 2 3 3 3 1 3 3 1 3 2 3 0 3 0 1 3 1 0 3 2 3 0 0 0 2 1 0 1 2 0 1 2 3 3 2 1 3 1 0 2 1 0 2 1 3 2 2 0 0 3 0 1 0 0.3474320193 0
0 2 1 3 1 3 3 2 3 1 1 1 1 3 3 2 0 3 0 1 1 2 1 3 3 1 2 1 2 1 1 0 1 0 0 2 0 1 1 3 0 0 1 3 1 3 2 0 3 2 0 2 2 3 1 2 0 1 1 0 3 1 0 2 0.3255563301 0
2 3 3 2 1 1 0 2 3 0 1 2 0 2 3 2 1 0 0 0 3 1 1 2 1 1 1 3 0 0 3 0 0 1 3 1 0 0 0 2 1 3 1 1 0 1 1 1 2 0 0 3 1 1 2 1 0 0 1 2 2 3 2 2 0.2958353457 0
0 3 1 2 0 0 3 0 3 1 2 1 0 0 0 2 0 2 1 3 0 1 0 0 2 2 2 3 3 1 2 2 2 2 2 0 3 3 1 1 0 2 0 2 1 2 3 2 2 3 1 2 3 0 3 3 2 1 1 2 0 2 3 1 0.6492741221 0
0 3 3 2 1 1 0 1 3 0 0 0 0 1 2 0 2 3 2 2 1 0 3 2 1 3 3 2 1 2 1 1 1 3 1 2 2 1 2 3 1 1 2 2 1 1 0 1 3 0 0 2 0 0 2 2 2 2 1 3 1 3 0 0 0.3032936405 0
3 2 3 0 1 1 1 1 3 1 1 3 0 3 3 0 0 3 0 3 1 3 0 2 2 2 1 1 3 1 3 3 2 0 3 3 0 1 0 2 0 3 2 3 3 1 2 2 0 0 2 0 0 1 1 2 0 1 1 2 3 2 1 0 0.2830896523 0
3 1 3 3 1 3 1 3 3 3 1 0 3 3 0 3 2 2 1 2 3 2 3 3 2 1 3 2 2 3 3 1 2 2 3 1 3 0 2 0 1 3 1 0 1 0 0 3 1 3 2 0 2 1 2 0 0 2 1 0 2 0 1 0 0.2770906051 0
0 1 0 1 0 0 2 0 1 0 2 2 1 1 0 2 0 2 3 1 2 2 2 0 1 3 1 1 0 1 2 3 0 1 3 0 0 1 2 1 3 0 0 0 0 0 0 1 0 2 1 3 2 3 0 3 2 3 2 0 1 2 2 3 0.3354424487 0
3 2 3 2 3 3 1 3 1 2 2 2 2 0 1 1 2 2 0 0 1 3 0 2 3 2 1 3 3 2 3 3 0 1 1 0 3 0 3 1 3 1 2 2 0 1 1 1 1 1 2 0 0 0 0 3 0 0 3 0 0 0 0 2 0.3005423822 0
2 0 0 0 2 2 2 3 2 2 2 2 3 0 2 1 1 2 3 0 1 0 2 3 1 0 1 1 2 0 0 1 0 0 3 3 0 0 3 0 2 0 1 3 1 1 2 3 3 3 2 3 1 2 2 3 0 0 3 1 0 0 2 1 0.3869111976 0
3 2 2 0 0 3 0 1 3 0 3 3 2 3 1 2 0 0 1 0 3 2 2 1 0 2 3 0 2 0 1 0 3 0 3 0 2 3 3 3 3 1 1 1 1 2 3 2 0 0 1 0 3 3 3 1 2 1 3 2 3 3 1 3 0.3675632775 0
0 0 1 1 2 2 1 2 0 0 1 3 1 0 0 2 2 2 1 0 2 1 1 2 2 3 1 2 2 0 0 0 3 0 3 1 0 1 2 2 2 1 2 2 1 2 2 3 0 0 0 2 3 3 3 2 3 2 0 3 2 3 0 0 0.3946407956 0
3 0 0 0 2 0 3 3 2 2 1 2 3 3 2 3 1 2 1 3 2 2 1 2 2 3 2 0 2 3 1 3 1 0 0 1 3 0 0 2 3 0 3 3 1 1 0 2 3 2 1 1 2 3 0 2 1 2 2 1 3 3 0 1 0.7232966095 0
3 3 3 3 3 1 3 3 0 1 1 0 1 2 3 1 0 0 3 2 1 0 0 2 0 1 2 1 1 1 3 3 3 2 1 2 1 2 1 0 2 3 2 2 3 1 0 1 2 1 0 0 0 1 3 1 3 2 0 1 3 0 1 0 0.341497695 0
2 0 1 2 2 1 3 2 3 1 0 0 0 2 1 0 0 0 0 2 1 0 3 2 2 1 2 2 2 1 0 3 3 1 1 0 1 2 0 0 0 0 0 3 2 0 2 3 1 2 3 2 3 2 2 1 2 2 0 2 0 0 0 2 0.3474320193 0
2 3 2 0 3 2 0 3 0 1 3 3 0 2 0 3 2 2 0 2 2 0 2 1 0 0 3 2 2 0 0 2 2 3 0 0 3 1 2 2 3 0 2 3 1 3 0 0 3 0 3 3 2 1 3 2 0 1 2 0 0 1 1 0 0.340448185 0
3 0 1 0 3 0 1 1 0 0 0 0 1 0 2 0 3 3 3 2 3 0 3 2 1 1 1 0 0 1 1 3 1 3 1 3 2 3 0 2 0 3 0 1 1 0 1 3 1 3 3 1 1 2 0 2 0 3 1 1 1 3 0 3 0.2913712585 0
2 2 2 2 1 3 1 0 0 1 0 2 3 1 3 2 2 1 1 2 0 1 2 2 3 3 1 3 2 2 0 3 3 0 0 0 3 0 2 3 0 0 3 2 3 1 3 0 2 0 2 0 0 2 0 2 0 0 1 1 3 3 0 0 0.3418020796 0
3 3 0 3 3 1 0 2 3 1 3 1 2 1 3 1 2 2 2 0 0 1 2 2 3 3 1 2 0 1 2 3 3 2 1 0 3 1 3 2 1 0 0 2 2 2 2 0 2 2 3 2 0 3 2 0 1 0 1 1 0 0 2 3 0.3555661775 0
2 1 3 2 3 0 2 1 1 3 3 1 2 0 3 2 0 0 2 3 2 1 0 3 2 3 1 2 2 1 2 1 0 0 0 1 3 2 1 1 3 0 3 1 1 0 1 0 3 0 0 0 3 3 2 2 2 2 2 3 1 2 3 2 0.4248910607 0
1 2 3 2 0 0 3 1 1 0 1 0 0 3 0 0 3 0 0 3 3 3 3 0 3 3 0 0 3 1 2 3 1 1 2 3 2 0 1 1 1 2 1 0 3 3 3 0 2 1 2 2 1 1 1 3 2 1 2 3 0 2 2 0 0.4714539824 0
1 0 0 2 0 1 3 0 2 2 2 1 2 3 2 3 0 0 0 1 0 2 3 1 3 0 2 2 3 2 3 0 3 0 1 0 0 1 3 1 2 1 0 0 1 2 0 2 2 3 0 0 1 2 3 2 0 2 3 1 2 0 0 3 0.3496707166 0
1 3 2 0 1 3 3 0 0 1 1 1 1 0 0 3 1 1 0 1 2 3 0 2 2 0 3 0 3 2 1 3 2 0 1 1 1 1 1 0 1 0 2 0 3 0 2 3 0 0 2 0 2 1 3 1 1 2 1 1 1 3 2 0 0.3410072036 0
2 3 2 0 1 3 3 2 2 2 1 0 1 0 2 3 0 0 0 0 2 0 1 0 0 1 2 3 1 0 2 1 3 3 0 2 0 1 2 2 2 3 2 3 2 0 2 1 1 3 0 2 3 3 2 2 3 0 1 3 1 1 0 2 0.4667782661 0
0 2 0 2 1 3 3 0 2 0 3 1 0 1 1 2 2 2 0 3 3 0 0 0 0 3 3 3 0 1 0 1 1 3 1 2 3 2 3 0 1 3 1 3 2 0 1 3 2 1 1 0 2 3 0 2 0 2 1 3 1 3 0 0 0.283765992 0
2 2 3 3 3 1 0 0 3 2 0 2 0 1 0 3 3 3 2 1 2 1 3 0 1 2 2 0 1 0 1 2 1 2 3 0 1 0 2 0 2 3 1 3 1 2 3 1 0 1 0 2 2 0 1 1 1 3 1 3 2 3 2 1 0.3122987644 0
1 1 0 2 0 2 0 3 3 1 2 2 1 1 3 1 0 2 2 0 3 3 2 3 2 0 1 3 1 3 1 0 1 1 1 1 3 0 2 0 2 3 0 2 3 0 2 0 0 1 0 0 0 2 2 3 1 0 2 0 1 1 3 0 0.375585761 0
1 2 1 1 1 1 2 2 3 0 0 1 0 0 0 2 3 2 0 2 1 1 0 1 2 3 2 2 2 3 0 2 1 2 1 0 1 0 3 3 2 3 2 2 3 2 0 1 0 3 3 1 3 1 1 1 2 3 2 0 1 3 0 1 0.4562582886 0
0 1 3 3 1 3 3 0 2 3 1 3 0 1 3 3 2 2 1 2 0 3 0 2 1 2 1 0 1 0 3 0 1 2 2 1 0 1 3 0 2 2 0 2 2 0 3 0 0 2 2 0 2 1 2 3 0 1 1 1 3 1 0 0 0.3829634482 0
0 3 2 1 1 3 0 3 0 0 2 0 2 0 1 3 1 1 1 3 3 3 3 2 0 2 3 2 1 3 3 2 1 0 0 1 3 2 0 2 2 1 1 0 0 0 3 2 0 1 3 1 2 0 0 2 3 1 0 2 1 2 3 3 0.3410072036 0
2 1 3 0 0 0 2 0 1 0 0 1 1 1 0 1 1 3 1 1 1 1 1 0 1 0 2 1 0 3 3 3 2 0 1 1 3 0 1 0 1 0 0 1 1 3 2 0 0 2 1 3 1 2 1 3 3 3 1 1 3 2 3 3 0.375585761 0
1 0 1 3 2 3 3 0 0 0 3 2 3 1 1 0 0 1 2 2 2 3 3 3 3 0 0 2 3 3 3 1 3 1 1 1 3 2 3 3 1 2 3 2 1 0 1 0 2 0 0 1 1 0 1 0 1 3 0 2 0 0 1 2 0.3460734657 0
0 1 3 2 3 0 2 2 1 1 2 3 3 1 3 0 0 0 3 2 1 3 0 2 1 2 0 0 0 0 2 0 2 2 3 2 0 0 0 3 2 2 2 0 3 2 0 2 1 0 1 3 2 2 2 0 2 2 2 0 1 2 3 0 0.3345232984 0
1 0 0 2 3 0 3 1 3 1 3 3 1 0 0 1 2 0 1 1 3 3 1 0 0 1 0 1 1 0 0 2 2 0 2 1 1 1 1 0 3 1 3 2 1 3 2 1 0 1 0 1 1 1 0 3 2 0 0 3 0 0 1 1 0.3816408004 0
1 2 0 3 0 3 3 2 1 1 0 3 2 3 2 3 2 1 0 0 0 3 2 0 1 1 1 3 3 2 0 1 3 3 3 2 1 0 1 0 2 3 1 1 2 2 3 3 0 2 0 1 1 2 2 1 0 2 3 2 2 3 1 1 0.3908225933 0
2 2 0 1 1 1 1 1 2 1 3 2 3 2 2 0 0 2 3 0 0 3 0 3 0 1 2 3 3 1 1 1 1 2 3 1 2 3 2 1 2 3 0 1 0 3 1 0 3 3 0 0 2 0 3 3 0 1 2 0 1 1 2 0 0.360209149 0
1 3 0 3 0 0 0 3 0 0 0 2 0 2 3 1 3 3 0 2 2 2 1 1 3 3 2 1 1 2 1 3 0 3 3 0 2 2 2 3 1 3 1 3 0 0 3 1 2 3 0 1 0 2 3 3 3 2 0 2 0 2 1 0 0.4140697398 0
3 2 3 0 1 0 3 1 1 1 2 1 0 2 2 2 0 3 2 2 3 3 3 0 2 3 2 1 1 0 2 3 1 3 2 0 3 2 3 2 3 1 3 2 1 3 1 1 2 1 2 1 0 1 1 0 3 1 0 0 2 1 0 3 0.3439144051 0
1 1 1 1 2 3 1 2 0 2 1 2 1 0 3 0 3 0 1 0 0 2 2 2 0 3 2 3 1 0 2 1 3 1 3 3 0 0 0 2 2 2 0 3 1 0 2 0 0 3 1 3 2 2 0 2 0 3 3 2 0 1 2 1 0.4485365786 0
1 2 1 2 2 0 2 0 1 2 2 0 1 1 1 2 3 2 1 1 2 0 3 2 2 1 3 2 0 3 3 3 1 2 3 0 1 1 1 3 2 3 1 0 1 1 1 2 1 3 2 1 3 3 1 0 2 3 1 2 1 3 1 0 0.3655178698 0
3 1 3 2 0 3 0 0 3 3 2 2 2 3 0 1 1 2 3 0 1 1 2 0 3 3 1 3 1 0 1 0 0 3 2 3 2 1 3 1 3 3 0 0 3 0 3 0 1 3 3 0 0 0 1 3 0 0 0 0 3 2 0 1 0.5456085866 0
2 2 3 1 3 0 1 3 0 3 2 1 3 3 0 2 0 3 3 1 0 2 1 0 2 1 3 3 3 0 2 0 1 3 1 0 3 0 0 2 0 3 0 0 1 0 0 2 1 0 3 2 1 3 0 1 2 3 3 0 0 2 2 3 0.3102148911 0
2 3 3 0 2 0 3 0 1 3 1 3 1 0 3 1 1 2 2 1 0 1 0 0 1 3 3 2 0 2 1 2 0 3 0 1 3 3 0 2 2 0 1 2 2 2 0 0 2 2 1 1 1 1 2 3 0 1 3 0 2 2 0 2 0.3318827147 0
2 2 2 2 2 1 2 2 0 2 0 3 3 3 1 0 0 1 2 2 2 0 0 3 0 0 0 2 0 1 2 2 0 2 2 0 1 0 2 1 2 3 3 0 2 1 3 0 0 2 2 3 2 2 2 2 1 1 1 3 0 3 1 0 0.4724329761 0
0 0 2 0 0 0 0 2 1 3 0 3 1 2 2 0 3 0 2 0 0 2 2 3 3 1 2 1 1 0 3 3 1 3 0 1 0 0 0 0 1 0 2 2 1 1 1 0 2 1 2 0 3 0 1 3 0 0 2 2 3 2 0 0 0.6792850868 0
3 0 0 2 2 0 3 3 1 0 3 2 2 3 0 1 3 0 3 3 0 2 0 3 1 1 0 1 3 2 0 3 1 1 1 0 1 1 2 2 3 3 1 0 2 1 1 2 1 1 0 3 1 3 3 3 1 2 3 2 1 3 1 0 0.3847411572 0
0 3 2 0 0 3 1 2 1 2 3 3 1 0 1 0 0 1 3 3 0 1 1 2 3 2 1 3 1 0 2 1 0 0 3 3 3 3 0 3 0 0 1 3 0 0 3 1 1 0 0 2 1 0 2 2 0 3 1 3 0 1 1 3 0.5071671483 0
2 2 1 0 0 0 0 3 0 0 1 0 1 3 2 1 2 0 3 1 1 1 3 0 3 0 3 2 1 1 3 1 1 1 0 2 2 1 2 3 2 2 2 1 0 0 0 3 2 1 1 1 3 1 0 2 3 3 0 0 0 1 2 1 0.3079968244 0
1 3 2 2 3 0 3 3 2 2 1 3 2 1 2 3 3 3 0 0 3 1 3 3 3 1 2 0 0 1 2 2 2 0 2 3 3 2 1 0 2 3 1 1 1 2 1 3 3 1 3 2 1 3 0 1 2 3 1 0 2 2 3 1 0.5404845522 0
2 0 1 1 0 0 2 0 2 3 3 3 1 0 1 3 1 3 3 0 1 0 2 2 2 2 2 2 1 0 1 3 1 0 2 3 0 3 3 1 1 3 2 3 3 0 2 3 0 0 0 3 2 3 3 2 0 1 3 1 0 3 0 0 0.3921195512 0
1 2 0 0 1 0 3 0 2 1 2 1 0 1 2 1 1 0 0 2 3 2 2 3 0 3 3 0 3 0 0 0 1 2 3 0 1 2 1 1 1 3 0 2 0 0 2 1 3 0 0 0 3 2 3 2 0 1 2 2 2 0 1 1 0.3848349831 0
0 1 2 2 0 1 2 0 1 3 2 0 1 3 1 0 0 3 3 3 2 1 3 0 0 1 3 1 3 2 3 3 0 0 2 2 3 3 1 3 3 2 3 1 3 2 1 2 0 0 2 3 2 3 2 0 3 3 0 0 0 1 0 1 0.2710031472 0
1 2 1 2 3 2 1 2 1 0 0 2 1 2 1 3 3 3 3 3 2 3 1 0 0 0 1 3 3 1 2 0 3 1 3 3 2 0 0 1 1 1 1 1 1 2 1 2 1 2 3 2 3 0 2 0 2 1 1 0 0 1 2 3 0.3436033523 0
2 3 3 1 2 1 3 1 2 0 2 3 0 3 1 3 0 2 0 2 3 0 3 0 3 3 1 0 3 1 2 3 1 0 2 0 3 1 0 1 1 2 1 3 1 1 3 2 3 3 0 2 3 3 1 2 1 1 2 0 3 2 3 1 0.3864375225 0
3 2 2 1 1 1 1 0 0 2 2 1 3 2 0 0 2 0 1 2 2 3 1 0 0 2 1 2 0 3 1 3 1 3 2 3 3 0 3 2 0 2 0 2 0 2 2 1 2 0 3 0 3 3 3 1 1 1 0 0 3 0 3 1 0.4286189735 0
1 2 3 0 1 3 2 0 2 1 1 0 1 1 3 0 3 3 0 2 1 1 2 2 2 1 3 3 1 3 0 0 0 3 3 0 3 3 3 2 2 0 0 2 1 1 3 1 1 0 1 2 0 2 1 0 0 1 3 2 2 1 2 2 0.3035834115 0
3 2 0 2 0 3 2 1 2 2 3 1 2 0 1 3 1 1 0 2 0 3 3 3 3 3 2 3 0 2 0 3 3 1 1 0 3 0 0 2 0 1 0 3 0 0 3 1 0 0 0 2 3 3 0 1 0 2 0 3 3 1 2 1 0.3488096012 0
3 1 0 1 0 1 2 0 0 2 0 2 0 1 0 1 0 3 0 3 0 3 0 0 2 2 1 2 1 0 0 3 2 1 3 1 3 1 0 0 0 2 1 2 0 2 0 2 0 2 0 1 2 0 1 1 0 3 3 3 3 2 2 2 0.387499617 0
3 3 2 0 0 3 3 1 0 1 2 0 1 1 1 0 1 1 2 2 0 1 1 1 1 1 2 1 2 2 0 1 3 3 3 1 2 1 2 3 0 3 3 3 3 1 0 3 0 1 1 3 0 2 0 3 0 0 1 0 3 3 2 0 0.4191070293 0
2 1 0 1 1 1 3 2 2 1 1 1 2 1 2 0 1 0 3 1 2 1 0 0 1 3 1 1 0 2 0 0 3 0 3 2 3 2 0 0 2 1 0 2 0 2 3 3 1 2 3 3 3 2 0 2 2 2 1 3 3 2 0 0 0.3993029075 0
3 2 2 1 3 2 0 3 0 1 1 1 3 3 2 2 3 3 1 3 2 0 1 0 1 1 2 1 1 0 3 0 0 2 3 3 1 3 3 3 0 3 0 3 3 3 1 0 0 3 3 3 2 2 3 0 3 3 2 0 1 3 0 0 0.3407789372 0
3 2 1 3 3 3 3 1 3 2 2 2 3 1 0 0 2 1 2 0 1 2 2 1 1 2 3 3 1 1 2 0 2 2 2 1 0 1 1 3 1 2 0 2 3 3 0 1 1 0 3 0 1 2 2 2 1 1 2 1 3 2 0 3 0.4779036016 0
1 1 3 1 1 3 2 2 2 2 3 2 1 2 1 2 2 2 3 1 1 2 3 2 2 3 1 1 1 2 1 1 3 3 1 1 3 1 2 0 1 3 0 0 3 3 0 2 0 1 3 1 3 3 3 2 0 0 3 0 0 0 3 0 0.4532490605 0
3 1 1 2 1 0 0 3 1 2 0 3 2 1 1 1 0 2 1 1 0 3 3 2 0 3 1 2 1 0 2 1 1 0 3 1 3 1 0 3 2 1 1 2 2 1 0 1 0 0 1 2 3 2 1 2 2 2 1 1 2 2 0 2 0.2890402644 0
1 2 0 2 3 0 1 1 0 0 1 3 2 3 0 3 0 2 1 3 1 0 0 1 1 2 0 1 3 3 2 0 2 3 3 2 1 3 0 3 0 3 2 2 2 0 3 3 2 2 3 3 0 1 2 0 1 1 3 1 2 1 3 2 0.4415862512 0
3 2 0 0 1 3 2 0 2 1 3 0 0 0 1 2 1 2 2 2 2 2 3 0 2 2 3 3 1 2 3 0 0 0 0 3 3 3 0 2 3 1 1 0 0 1 3 1 2 1 1 2 3 1 1 2 2 1 2 0 3 2 2 0 0.3797044954 0
2 3 1 2 3 0 0 3 0 1 0 3 1 3 1 0 0 1 2 1 0 0 2 1 0 3 1 2 3 2 2 3 1 1 3 1 2 0 3 0 1 0 1 0 1 3 0 0 1 1 1 3 3 2 3 3 3 1 1 0 2 1 2 2 0.3210538243 0
2 2 2 1 2 2 3 1 1 3 3 3 1 2 3 2 0 0 3 2 0 2 2 0 1 2 0 3 1 1 2 2 0 3 3 1 2 2 3 2 0 1 1 0 0 2 2 0 2 0 1 0 1 0 0 3 3 0 1 3 0 2 0 0 0.3142042283 0
0 2 3 3 0 2 0 3 2 1 0 0 3 0 2 0 0 1 1 1 3 3 0 1 3 2 2 2 0 2 1 3 1 1 3 0 2 1 2 3 2 3 0 2 1 3 0 2 1 2 1 0 2 1 1 1 3 3 1 0 1 3 1 3 0.2797880738 0
1 2 2 0 3 2 0 2 3 2 1 2 1 3 1 2 2 1 2 2 2 3 1 1 2 3 2 0 0 0 1 0 2 2 2 3 0 1 3 0 1 0 0 2 1 1 1 1 2 2 0 0 0 3 0 0 3 2 3 3 1 1 1 2 0.3167393667 0
3 3 0 3 2 1 2 1 3 0 0 2 3 1 0 2 2 0 1 1 3 1 2 1 1 3 3 3 2 2 0 2 3 0 1 2 2 0 1 0 3 2 0 2 0 1 3 2 0 3 2 1 2 3 2 1 0 2 3 3 3 3 0 1 0.43537357 0
1 0 3 3 0 3 0 1 1 0 2 3 3 2 1 0 0 3 3 0 1 0 3 0 0 1 1 3 0 2 0 0 0 2 0 3 0 1 0 2 0 1 3 0 1 3 0 0 1 3 2 1 1 3 0 1 2 2 3 2 0 2 1 0 0.4565940367 0
2 1 0 2 0 0 0 1 0 3 2 0 2 2 3 0 0 3 2 1 2 1 3 3 3 3 1 3 3 3 1 2 1 3 2 0 0 2 2 3 2 3 2 1 2 2 1 2 1 1 2 1 3 3 2 3 2 0 2 1 3 0 3 0 0.305723218 0
3 3 3 2 1 3 1 1 0 2 1 1 0 0 3 3 0 2 2 0 1 3 0 2 0 1 3 1 0 1 0 1 1 1 3 1 2 3 1 2 0 2 3 2 1 0 2 0 0 2 3 2 1 0 0 2 3 2 0 3 2 0 0 0 0.3107860582 0
1 1 1 3 1 0 3 3 0 3 3 1 1 3 1 2 2 3 2 3 1 3 1 0 1 3 3 0 3 3 2 2 1 2 0 2 1 0 2 0 1 3 1 1 1 1 3 3 1 3 3 3 3 0 0 3 1 3 3 2 0 1 3 2 0.4425479954 0
0 3 1 1 2 2 3 1 2 0 2 2 1 1 0 1 1 1 2 0 2 0 0 2 3 1 2 2 2 2 0 1 2 2 3 0 2 2 0 1 0 0 1 1 2 3 3 3 2 2 0 0 1 3 0 3 1 1 1 0 1 0 1 1 0.30137244 0
1 3 2 1 2 1 0 2 1 2 2 2 2 1 1 1 1 3 2 0 2 3 0 2 3 1 0 3 1 3 3 1 3 0 3 0 2 3 3 3 1 2 3 2 3 0 0 3 1 3 1 2 2 1 0 2 1 2 2 3 2 3 2 0 0.323714375 0
3 2 1 3 1 1 3 0 1 0 2 2 2 2 1 0 0 3 0 0 1 2 1 2 3 2 0 2 3 0 1 1 1 2 3 3 0 1 3 1 2 1 2 0 1 1 3 1 3 3 2 2 2 3 0 2 3 1 3 3 2 3 3 0 0.3262318082 0
2 2 1 0 0 2 3 0 0 2 1 0 0 2 1 3 1 0 0 0 3 3 2 1 0 1 3 1 1 3 1 0 3 2 3 1 1 2 0 0 1 3 3 3 1 2 1 0 1 2 3 1 3 3 2 3 1 1 3 1 2 0 3 0 0.3142042283 0
1 0 1 1 0 3 3 2 0 3 1 1 0 2 3 0 2 3 1 2 2 1 2 1 2 3 1 0 1 0 0 3 3 1 1 1 0 0 2 3 3 3 3 1 3 0 2 3 0 0 2 0 3 3 3 3 2 0 1 2 1 0 0 0 0.4238117632 0
0 0 2 1 1 3 3 3 0 2 3 1 0 0 2 3 2 2 3 2 1 1 2 2 0 0 1 2 1 2 1 3 1 3 2 3 1 3 0 2 3 1 3 1 0 0 0 0 2 0 1 3 1 2 1 3 3 2 0 1 0 1 1 0 0.4920375318 0
0 1 3 1 2 2 3 3 1 2 3 2 2 3 0 2 2 0 2 0 0 1 0 3 0 1 0 1 3 2 0 2 3 1 1 0 0 2 2 1 0 0 2 1 2 2 0 2 0 1 2 1 2 2 1 2 0 3 2 2 0 1 1 2 0.2767043556 0
0 1 0 0 1 2 1 1 1 2 2 3 3 1 2 1 0 3 2 0 2 0 2 2 1 0 2 0 1 0 2 3 3 2 3 0 3 1 0 2 0 0 3 3 0 2 3 3 0 1 3 3 3 3 3 2 0 0 2 2 1 0 3 0 0.4983662766 0
0 0 2 0 1 1 1 1 3 3 3 2 3 3 0 1 3 0 3 3 2 2 3 3 0 2 3 0 0 2 3 2 2 0 0 1 3 0 1 3 3 3 0 2 0 1 1 1 3 2 3 3 0 3 1 2 3 1 2 0 0 1 2 3 0.3239439833 0
1 1 0 0 2 3 1 3 0 2 1 0 3 2 1 0 1 1 3 0 0 0 1 2 2 3 3 1 0 2 3 0 1 2 0 0 1 3 2 0 0 3 3 3 0 2 2 1 1 3 3 0 3 2 3 3 2 3 3 2 1 1 0 1 0.3238107005 0
1 0 3 1 0 1 2 3 3 3 1 3 0 3 0 2 1 3 2 3 0 1 2 1 0 0 3 3 1 1 0 2 2 1 3 2 0 3 0 1 2 3 0 1 2 0 0 1 0 2 3 0 1 0 2 0 0 1 1 2 2 2 1 1 0.3381846469 0
2 0 1 1 1 1 0 1 0 0 3 1 0 0 1 3 2 1 1 2 0 3 2 0 3 2 0 1 0 2 2 3 1 2 2 0 2 0 1 2 0 1 3 2 0 0 3 2 3 2 1 2 2 0 2 2 3 0 3 0 1 0 1 0 0.2767043556 0
1 0 1 0 2 0 3 1 3 1 3 2 2 2 0 0 0 2 3 1 0 1 1 1 0 0 2 1 2 1 0 1 2 2 2 0 2 1 1 3 3 2 1 0 2 2 0 2 0 2 2 1 1 3 2 3 1 3 2 0 3 2 1 3 0.4142135624 0
2 3 3 2 2 0 0 3 0 2 0 3 1 2 1 0 2 3 1 1 3 3 2 3 0 0 2 0 3 0 2 1 1 0 0 0 1 3 2 0 1 0 0 1 0 0 1 1 3 2 1 2 3 2 1 0 1 2 0 0 1 2 2 3 0.6492741221 0
1 0 3 3 3 0 3 1 2 1 2 1 1 3 3 3 2 0 1 1 0 3 3 0 1 1 1 2 0 3 3 1 0 0 0 2 3 0 1 0 2 0 0 2 1 1 3 3 0 1 3 1 2 2 1 2 1 2 3 0 0 1 0 2 0.4580268927 0
0 2 1 2 0 0 0 0 1 0 0 3 3 1 0 3 3 0 3 2 0 2 0 1 2 1 1 0 1 1 1 0 1 1 3 3 2 2 2 3 2 1 3 1 1 3 1 3 2 2 0 0 2 0 2 3 1 1 3 2 2 0 1 3 0.3474320193 0
2 1 0 0 0 1 0 2 3 1 1 0 2 3 3 1 1 2 1 1 0 2 2 0 3 3 0 0 1 3 0 2 3 0 1 2 3 3 2 3 2 3 1 3 0 0 0 2 1 2 0 1 0 1 0 1 3 2 2 1 1 1 0 1 0.3418020796 0
1 3 1 1 0 0 2 3 0 1 2 3 0 0 3 1 3 0 3 1 3 2 0 2 1 0 1 2 0 3 0 1 3 1 3 1 1 3 3 3 2 1 2 1 2 0 1 2 3 3 3 3 2 0 1 0 1 0 3 0 1 2 0 3 0.3185239392 0
2 2 0 1 1 0 2 0 1 3 2 3 1 0 3 2 0 0 3 0 0 2 3 2 0 2 2 2 0 0 3 3 3 1 3 0 2 3 1 1 0 3 3 2 2 1 3 0 0 3 3 3 2 2 0 3 2 1 1 1 3 0 3 1 0.2930491235 0
1 1 1 0 2 0 0 0 1 1 3 2 0 1 3 0 2 3 1 3 1 0 1 0 2 0 1 3 1 1 0 0 1 2 0 1 2 2 3 1 1 0 0 0 3 0 3 0 3 2 0 1 1 0 1 2 2 2 0 1 1 2 3 3 0.3561349508 0
3 3 3 2 1 0 3 1 1 2 2 0 1 2 1 1 3 2 2 0 0 3 1 0 3 1 1 2 1 0 0 0 1 0 2 0 2 2 2 3 0 3 3 1 1 0 2 3 1 2 3 1 2 3 0 1 0 2 1 1 3 2 3 3 0.4334666118 0
3 3 1 0 3 3 0 3 0 2 1 1 3 2 3 2 1 0 3 3 1 3 2 0 3 1 2 2 0 3 0 0 3 3 0 0 2 1 0 0 0 0 3 0 3 2 1 2 2 2 2 0 1 2 2 1 2 1 2 0 1 3 3 2 0.3595308249 0
3 0 3 1 2 3 1 3 1 0 2 0 3 1 1 1 2 2 2 2 0 3 0 2 2 0 3 2 3 2 3 1 1 1 3 0 2 3 0 2 1 3 1 2 0 3 3 2 0 1 1 1 2 2 2 2 3 2 2 1 3 0 2 0 0.4806853357 0
2 2 2 3 0 0 0 0 2 2 3 3 2 2 2 0 3 0 2 2 2 3 3 2 1 2 2 2 2 2 0 3 2 2 2 0 3 3 3 3 0 2 2 0 0 0 1 1 3 2 1 3 0 3 2 0 3 2 0 0 0 2 0 1 0.4956240995 0
3 3 1 2 1 3 3 2 0 2 2 2 3 2 2 0 2 0 1 2 0 2 1 2 2 1 2 3 3 3 2 3 1 2 0 0 3 1 1 0 1 0 3 3 0 2 3 2 2 0 0 3 2 3 0 0 2 1 2 1 2 0 0 2 0.3727036241 0
2 3 2 1 0 2 3 0 0 3 1 0 2 2 0 3 1 2 2 3 0 3 3 0 0 0 2 1 3 2 2 1 3 1 0 0 3 1 2 3 1 2 2 0 2 0 2 2 1 2 0 1 2 2 2 3 3 0 0 3 3 3 0 0 0.3392530566 0
2 2 2 2 1 2 0 2 3 0 1 0 0 1 2 1 2 0 2 2 2 0 3 0 3 0 1 0 1 3 2 3 2 0 2 2 0 0 2 0 2 3 0 2 3 3 0 1 3 0 2 0 0 0 3 2 1 3 1 1 2 3 0 1 0.3921195512 0
0 0 3 1 2 2 3 1 3 0 1 0 0 1 3 1 2 3 3 2 0 3 2 3 3 2 2 3 2 3 2 3 1 3 0 2 2 3 1 0 2 2 2 3 3 3 3 2 0 1 3 0 3 1 2 0 2 3 3 3 1 0 2 2 0.2984058257 0
3 2 2 2 0 2 1 1 1 2 0 1 3 1 2 0 1 3 3 1 3 3 2 1 1 3 2 1 1 2 0 3 2 2 0 1 2 3 0 3 1 3 0 3 2 3 3 1 1 0 0 1 3 3 2 3 0 1 0 0 1 3 1 3 0.3082594558 0
2 3 2 0 3 1 2 2 3 0 3 2 2 3 3 3 2 3 3 3 3 0 3 0 1 2 0 3 0 1 2 1 0 2 1 3 2 2 0 3 1 3 3 0 0 2 0 0 2 2 3 2 3 2 0 2 3 0 1 3 2 2 2 3 0.2712254378 0
0 1 2 1 0 0 0 2 3 1 0 0 3 3 1 1 3 3 1 2 3 3 0 1 0 2 3 3 0 0 1 2 2 1 1 2 0 3 0 3 2 0 3 2 2 2 1 0 0 2 2 3 0 2 3 1 2 0 2 2 0 3 3 1 0.3244736208 0
0 1 0 3 3 1 2 2 1 1 0 3 2 0 2 1 0 2 3 2 2 3 3 2 3 2 2 3 2 1 1 2 0 2 2 0 3 0 3 3 0 0 1 3 1 0 2 0 1 2 3 1 1 2 2 3 1 0 2 2 3 3 0 0 0.3155782843 0
1 0 3 2 1 0 3 3 0 1 1 3 2 2 3 1 3 0 0 0 1 0 1 0 1 0 1 1 2 2 1 0 3 0 0 1 2 2 3 2 3 3 2 3 0 1 1 2 0 0 3 1 1 3 2 3 2 0 1 0 2 1 0 1 0.363892531 0
2 1 0 1 0 0 0 1 0 1 2 3 3 1 0 2 2 2 1 1 0 2 0 3 3 3 2 2 2 2 2 3 0 2 3 1 1 1 1 3 0 2 2 0 2 3 0 0 3 3 0 1 2 1 3 0 1 2 1 3 3 2 2 0 0.4000414161 0
2 1 3 3 3 0 1 1 0 3 0 1 3 1 2 2 3 2 1 0 1 2 3 2 1 1 2 2 3 3 3 2 3 3 2 3 0 0 0 1 0 0 3 1 2 3 3 1 2 1 3 0 0 2 0 1 3 1 1 1 0 3 0 2 0.282163914 0
3 2 2 1 0 0 3 3 1 0 1 1 3 2 0 3 1 0 2 2 1 0 2 0 2 0 3 3 3 1 3 2 2 0 0 0 0 2 3 0 2 1 0 1 2 1 1 0 2 0 0 2 2 3 0 2 1 2 3 0 1 1 2 0 0.3364806498 0
0 1 2 2 1 2 0 3 1 0 0 3 2 0 2 3 0 0 0 2 3 3 3 0 1 2 3 2 1 2 0 3 3 1 0 1 1 1 1 1 2 1 1 1 1 1 3 1 1 0 0 0 0 3 2 2 2 0 1 0 1 0 3 0 0.3814277472 0
2 2 1 0 0 1 0 0 1 1 1 2 0 3 0 2 0 1 3 1 2 2 0 3 1 0 0 0 2 3 1 1 1 2 0 2 2 0 1 2 2 2 0 0 3 3 0 1 1 1 3 0 3 2 3 0 3 3 0 1 0 2 2 2 0.3193901603 0
1 3 1 3 1 1 3 1 3 3 1 1 3 2 0 2 1 3 2 0 3 2 2 3 0 3 3 2 3 0 0 1 3 0 2 3 1 0 2 1 2 0 1 2 0 1 1 2 1 0 3 0 2 2 2 2 2 0 2 1 0 3 1 1 0.3005423822 0
3 0 3 2 2 3 1 1 3 0 3 1 3 0 0 1 1 0 3 0 3 2 3 0 0 3 2 1 2 0 1 0 3 0 0 1 0 1 2 2 2 2 1 0 2 0 3 0 3 0 3 1 0 0 3 1 3 1 3 0 0 1 0 0 0.3074928865 0
0 3 2 1 0 1 1 0 2 2 1 2 0 1 3 1 0 3 2 3 0 1 0 3 3 1 1 3 2 3 1 0 0 3 3 2 0 1 2 3 0 3 1 2 0 3 0 1 0 3 2 3 2 1 3 3 2 0 0 2 2 3 0 0 0.3364806498 0
3 2 2 0 0 2 0 3 1 3 1 0 1 3 3 0 2 0 3 0 0 0 2 1 0 0 0 2 3 0 0 3 0 1 1 3 0 3 3 3 3 2 1 2 2 3 1 0 0 2 3 3 1 0 1 0 1 1 0 1 1 1 3 2 0.334806389 0
1 2 3 3 1 1 2 3 3 0 2 3 0 3 0 3 1 3 0 1 0 3 3 2 2 2 2 2 1 1 3 0 1 2 0 1 1 3 3 0 2 3 2 0 0 1 1 3 2 3 2 0 2 2 3 0 2 1 1 0 1 2 1 0 0.3727036241 0
1 2 1 0 1 1 1 3 0 1 0 1 3 2 1 2 3 2 1 2 2 2 2 2 3 1 1 0 3 2 3 0 2 0 3 2 3 2 2 0 0 1 1 3 2 0 0 0 0 3 1 3 2 3 3 3 1 3 2 1 3 0 2 3 0.4142135624 0
1 2 1 3 3 1 3 2 1 1 1 2 2 1 1 0 1 2 0 3 3 0 2 0 3 3 1 2 1 0 3 0 3 0 2 3 1 2 0 3 2 1 1 1 1 0 0 2 1 2 1 2 1 3 2 0 3 1 3 3 0 1 1 3 0.3244136515 0
2 0 1 3 0 2 3 0 3 0 2 0 2 2 2 3 1 1 2 0 0 2 1 1 0 2 2 0 2 2 3 2 3 2 2 1 0 2 0 1 0 0 0 1 3 3 3 3 2 1 0 2 3 0 0 3 1 2 2 0 2 3 1 1 0.2989055052 0
1 1 1 2 1 0 3 3 0 1 2 3 2 1 1 0 1 2 1 3 3 0 1 1 3 1 0 1 2 0 0 3 2 3 2 1 1 1 0 3 1 2 2 3 3 1 3 0 3 3 1 0 2 1 3 3 1 2 1 1 3 3 3 0 0.3597564272 0
1 3 1 2 3 3 1 0 1 1 0 2 3 3 0 2 3 3 3 0 0 0 3 3 1 1 3 0 1 1 0 2 3 2 1 2 1 2 1 1 2 3 0 1 1 2 1 0 3 0 0 0 0 3 2 0 2 1 3 3 2 2 1 1 0.3676480572 0
1 0 3 3 1 1 3 3 3 3 0 2 2 1 0 1 3 3 3 0 3 2 0 2 3 3 1 2 2 2 1 0 2 3 1 3 1 0 1 2 2 1 2 1 2 0 1 3 3 2 1 1 3 0 0 2 1 3 0 0 0 0 0 1 0.3555661775 0
2 2 2 1 0 2 1 3 2 1 3 2 3 3 1 3 3 1 2 2 3 3 0 3 0 2 0 1 1 3 1 3 3 2 0 0 3 2 3 3 3 3 3 1 0 0 0 3 1 1 2 2 0 1 3 1 2 0 1 0 3 3 1 1 0.3986465794 0
2 3 1 0 2 1 1 2 3 1 0 3 0 2 3 0 3 0 0 3 0 1 2 3 2 1 0 1 1 0 1 0 0 3 0 3 2 0 1 1 0 3 1 1 1 2 3 3 3 1 3 0 3 2 0 3 2 2 0 0 3 2 0 0 0.3382968845 0
2 2 0 2 3 2 2 2 0 0 0 0 2 1 3 0 0 2 3 2 3 3 2 0 1 1 0 3 2 2 3 3 3 0 1 1 2 3 3 2 2 3 2 1 1 0 1 0 3 1 2 3 0 1 2 2 2 3 3 3 1 2 1 3 0.2928704271 0
3 1 2 0 1 1 0 2 2 0 0 2 2 0 3 1 1 3 3 0 0 3 1 0 3 2 3 1 1 1 2 1 2 1 2 1 1 3 0 0 1 1 2 3 0 1 2 2 1 0 2 2 1 0 2 0 0 2 3 0 3 1 1 2 0.2919407946 0
0 0 0 0 2 2 1 3 3 2 2 1 0 2 0 3 1 2 3 1 2 3 3 0 2 1 1 0 2 0 0 2 1 0 2 1 3 0 0 1 3 0 1 1 1 1 3 2 0 2 0 2 3 3 0 0 2 0 1 0 2 0 2 1 0.5309869398 0
1 1 3 1 1 0 2 2 1 1 1 2 1 0 0 2 0 0 0 0 1 1 3 0 0 1 1 1 3 0 1 0 0 1 1 0 2 2 0 2 2 2 3 2 1 3 1 0 3 1 1 0 0 3 3 3 1 3 3 2 2 2 0 1 0.3688481083 0
0 0 3 0 0 2 2 3 1 0 3 3 3 3 1 1 3 1 1 3 0 2 0 0 2 3 1 1 1 1 3 3 2 2 0 3 3 2 0 0 1 2 2 2 2 2 1 2 3 3 3 3 0 3 1 3 2 1 1 1 2 0 1 2 0.3762779394 0
0 3 1 0 3 3 2 1 1 1 3 3 1 3 3 1 3 1 3 0 3 0 3 3 1 3 2 3 1 0 3 0 2 1 1 0 2 1 0 0 3 2 3 1 0 1 2 0 3 0 0 0 1 3 0 3 3 0 0 0 0 0 2 1 0.2989055052 0
1 3 1 3 3 1 0 1 3 1 0 2 0 2 1 2 1 1 0 0 0 0 1 0 1 2 1 3 3 0 0 2 0 0 3 2 0 0 3 3 2 3 3 2 3 0 2 1 3 3 2 1 2 2 0 1 3 2 1 2 0 3 3 0 0.471903979 0
1 0 3 0 0 0 3 3 3 3 1 0 1 2 1 1 2 0 0 0 0 3 2 2 0 2 3 1 3 0 3 3 0 3 3 0 3 3 1 2 2 1 0 3 1 1 0 2 0 0 3 2 1 0 1 3 2 1 0 1 2 3 3 1 0.2937839179 0
1 3 2 1 2 3 2 0 0 3 3 2 3 0 1 1 2 3 1 3 1 3 1 0 1 2 3 1 1 3 2 0 0 3 2 1 0 3 3 0 0 1 0 3 0 3 1 3 0 3 3 0 2 2 2 3 3 3 0 1 3 2 0 0 0.4762155517 0
0 1 3 2 1 2 1 3 3 0 0 0 3 0 0 3 1 0 2 3 2 2 0 3 0 0 1 3 0 2 3 0 2 2 2 3 3 2 0 3 2 0 0 2 0 2 1 0 3 3 0 1 1 2 3 0 1 1 1 3 1 2 0 3 0.3051834049 0
2 1 3 0 1 2 3 1 2 0 2 0 3 2 3 1 0 3 3 1 2 2 0 1 3 0 1 2 0 1 2 0 2 1 3 3 0 1 3 3 2 0 1 1 3 2 3 3 0 2 0 1 3 1 0 0 3 3 1 1 0 1 3 1 0.282163914 0
2 2 1 0 1 3 2 3 0 2 1 3 3 2 1 1 3 3 2 0 2 3 2 2 1 1 1 3 1 2 0 1 0 1 2 1 1 1 2 0 2 1 3 1 2 1 2 1 0 3 1 1 3 1 0 1 3 1 3 2 2 1 0 3 0.3035834115 0
0 2 2 1 2 2 2 2 1 3 0 1 0 3 1 3 1 0 1 0 2 1 0 1 1 2 1 0 1 2 2 1 0 0 1 2 2 2 2 2 1 1 2 1 2 2 1 1 1 2 1 0 0 2 3 3 3 0 2 2 0 3 1 2 0.323714375 0
0 3 1 3 2 1 3 0 0 0 1 1 0 0 1 1 2 2 3 0 1 3 3 1 2 1 1 3 2 3 0 3 0 3 1 0 2 0 1 0 1 2 2 2 1 1 0 0 0 0 2 1 0 3 3 3 3 2 0 0 3 1 1 1 0.3825070337 0
0 3 2 0 2 1 2 1 1 1 3 0 3 3 2 1 1 2 2 2 0 2 0 1 0 2 3 2 2 1 0 1 3 3 0 1 1 3 3 2 1 0 1 2 1 1 3 0 2 0 3 0 2 2 2 3 2 0 3 0 3 3 0 1 0.282163914 0
2 3 0 1 1 2 1 1 0 2 1 2 1 0 1 0 2 1 2 0 0 0 1 0 0 1 0 3 1 1 3 0 3 3 1 3 1 2 1 2 0 1 2 3 3 1 3 0 2 0 1 0 1 1 2 0 1 2 1 1 2 2 0 1 0.4101114678 0
2 2 1 2 1 0 3 1 2 3 1 2 3 2 1 2 0 2 0 0 2 1 3 3 0 1 2 3 1 0 0 0 2 3 1 0 1 1 0 3 1 1 1 1 1 3 3 2 2 1 2 2 3 0 1 2 2 2 1 2 1 3 2 2 0.344733477 0
0 0 3 2 1 0 3 2 2 0 0 0 2 1 2 2 3 1 0 2 1 3 0 3 0 1 3 3 1 1 3 1 1 3 3 1 2 1 0 3 1 0 3 3 0 2 2 0 3 1 3 2 2 2 1 0 3 2 3 0 3 2 3 0 0.3572822687 0
3 2 1 0 1 0 0 1 2 1 1 1 2 0 2 3 2 1 3 3 1 3 2 2 1 3 2 2 1 1 1 1 0 2 3 3 0 1 0 2 2 0 0 2 0 3 2 0 2 0 1 2 0 2 2 0 1 1 1 1 2 0 3 1 0.2797880738 0
0 3 3 3 0 0 1 1 2 1 2 2 3 3 0 0 2 1 1 1 3 3 2 1 1 1 1 3 0 1 2 0 2 3 0 1 3 1 0 3 0 2 2 1 0 1 3 2 0 0 3 0 0 1 0 3 1 0 2 2 3 2 3 1 0.2947604453 0
0 2 1 0 0 0 0 2 0 3 3 3 1 2 3 1 1 3 3 2 0 2 3 0 3 2 0 0 2 3 1 2 0 1 2 2 2 3 2 2 2 3 0 1 2 1 2 2 3 1 0 2 2 3 0 1 1 3 3 3 3 1 1 0 0.3519612949 0
3 1 0 1 0 3 1 1 0 1 2 1 3 0 3 3 2 1 2 1 2 2 0 1 0 2 2 3 3 1 2 0 3 0 3 3 0 1 1 3 2 0 1 0 0 3 0 2 3 0 3 3 0 2 1 0 1 3 3 3 1 2 0 1 0.2859540586 0
3 2 3 2 1 2 1 0 1 1 2 3 2 0 1 1 0 1 2 1 0 0 1 2 3 3 1 0 2 1 2 2 1 2 2 1 2 3 3 1 0 3 0 1 2 3 0 3 1 0 0 1 3 1 2 0 1 1 2 0 1 1 0 1 0.3318827147 0
2 0 1 0 1 1 0 3 1 2 0 0 3 0 3 2 2 1 0 3 1 1 3 3 0 1 1 2 1 0 1 0 0 3 2 0 1 2 1 3 0 1 2 2 1 3 0 2 0 1 0 3 0 2 2 2 2 1 1 3 2 0 1 1 0.2863228112 0
2 3 2 3 0 3 0 3 3 2 1 0 0 2 2 2 0 3 0 0 1 3 1 2 3 2 0 3 0 1 3 3 0 1 0 1 2 0 1 3 2 0 2 3 3 2 3 2 1 0 3 2 1 1 0 2 3 1 0 2 2 0 3 1 0.440046745 0
2 3 1 2 2 0 1 3 1 2 2 0 3 3 3 0 2 1 2 3 0 3 2 0 0 3 1 0 2 2 3 1 0 1 3 3 1 1 3 0 2 0 0 2 2 0 0 3 1 1 2 1 1 1 3 0 1 2 1 3 1 2 2 2 0.2918317294 0
3 2 3 3 1 0 2 3 1 2 0 0 0 3 1 0 1 2 0 3 3 3 1 3 0 1 1 3 1 3 2 2 2 2 3 0 1 1 1 1 3 3 0 1 1 2 0 2 2 3 2 0 2 1 2 3 0 0 2 3 1 1 3 2 0.3102148911 0
1 1 2 2 3 3 3 2 2 0 3 3 1 1 1 3 3 1 2 0 3 2 2 2 3 2 3 2 1 2 1 2 1 1 0 0 2 3 3 1 3 1 2 2 0 3 1 3 3 3 1 3 2 2 0 2 3 1 0 2 1 3 2 3 0.2778686099 0
2 3 0 0 3 0 0 1 2 0 0 1 2 1 3 1 1 2 3 2 2 2 1 3 2 3 1 1 3 1 1 3 2 1 0 2 0 0 0 3 1 3 2 0 3 3 2 3 2 2 3 3 1 0 0 1 3 2 3 1 2 2 0 0 0.3469108776 0
3 3 1 0 3 0 0 1 3 3 0 1 1 0 2 3 2 1 0 0 0 3 2 3 0 2 1 1 0 1 0 1 3 0 3 2 1 3 3 0 3 0 0 3 0 2 0 2 1 1 1 3 0 0 2 0 3 2 2 0 2 2 2 2 0.2949431151 0
1 1 1 2 2 1 1 2 3 3 1 2 2 3 0 2 0 3 3 1 1 3 2 0 2 1 2 1 1 1 1 1 2 2 2 0 3 1 3 3 1 0 3 1 2 3 3 1 3 0 3 1 1 1 0 3 2 2 1 0 0 0 0 2 0.3726431351 0
3 2 1 3 0 0 2 3 1 0 3 0 0 0 0 0 0 2 3 2 1 0 1 2 1 2 2 2 3 1 2 2 0 2 1 1 3 3 0 0 0 3 1 0 3 1 2 3 2 3 3 1 1 3 3 0 1 1 0 1 0 0 3 3 0.43537357 0
0 3 1 2 0 3 3 0 3 1 1 1 3 0 1 3 2 0 2 0 2 3 0 3 2 1 0 1 1 0 3 1 0 0 0 1 2 1 1 3 1 3 2 3 2 0 0 2 3 0 3 0 1 0 3 1 2 1 3 0 0 1 1 0 0.3171394447 0
0 3 1 3 1 0 3 2 1 1 1 1 0 2 2 0 2 0 3 1 0 1 2 2 1 3 3 2 0 3 0 3 3 0 3 0 1 3 2 3 1 0 0 1 1 2 3 0 3 2 2 3 3 2 0 2 1 3 1 0 0 3 1 0 0.4493617321 0
2 3 2 1 1 2 3 3 2 0 1 0 3 1 2 1 1 2 1 3 1 2 1 3 3 3 2 3 3 1 2 0 1 2 3 1 3 0 0 0 0 3 2 3 0 0 1 0 3 3 3 3 0 1 0 0 0 0 0 0 3 2 0 2 0.3018893954 0
1 2 0 0 2 0 3 2 3 2 0 3 2 2 0 0 0 2 1 0 2 0 2 3 0 0 3 3 2 1 0 3 3 1 0 3 1 3 0 1 0 1 1 3 1 3 3 0 3 2 0 0 3 1 1 0 1 3 2 2 3 0 1 1 0.3364806498 0
0 0 0 3 0 0 1 3 2 3 2 2 2 0 0 3 3 3 2 0 1 2 1 0 0 3 2 3 1 1 3 2 2 0 1 0 2 2 0 1 1 3 0 0 3 1 2 0 0 2 0 3 1 1 2 2 2 1 1 1 1 1 0 1 0.303785526 0
3 2 0 2 0 2 0 3 3 0 1 2 0 3 0 0 1 1 1 3 0 1 3 1 0 1 3 3 0 0 1 1 2 0 2 2 2 1 1 0 2 0 2 1 3 0 1 0 1 2 0 1 2 2 1 1 2 2 1 3 1 0 1 2 0.2880469671 0
2 1 2 2 0 0 3 1 1 1 1 3 3 1 0 2 0 0 1 3 1 0 1 2 0 1 1 3 0 3 1 2 1 0 1 1 3 3 2 2 1 2 3 0 2 1 2 3 1 0 0 0 3 1 2 3 3 3 2 2 2 2 2 1 0.3397347183 0
2 3 1 1 3 0 1 2 1 2 1 3 2 0 1 2 3 2 2 1 1 0 1 3 3 3 1 0 2 1 0 1 1 1 3 0 3 1 3 0 1 1 0 2 2 0 0 1 3 2 3 1 0 3 3 3 3 3 3 0 0 2 2 2 0.2898979486 0
0 1 1 3 1 2 3 2 3 1 0 1 1 1 0 3 0 0 3 0 2 3 2 0 3 3 0 0 2 3 1 2 1 2 1 1 1 3 2 3 2 3 2 0 2 1 2 1 0 2 1 3 3 0 2 0 2 2 1 0 0 3 1 2 0.452072287 0
1 3 2 2 1 3 0 3 2 2 0 0 0 3 1 0 2 0 2 3 0 0 3 0 3 1 2 2 0 3 0 0 0 1 0 3 1 1 2 1 3 2 0 1 2 2 0 3 0 2 1 3 0 1 2 1 3 2 3 3 2 0 3 0 0.3419906778 0
1 3 3 3 1 2 1 1 2 2 1 1 3 3 2 0 1 1 1 2 3 3 2 3 0 3 3 0 2 1 3 0 1 2 0 0 1 3 1 0 3 1 0 2 2 1 1 3 2 1 3 1 0 0 1 2 2 0 2 1 3 0 1 0 0.3051834049 0
2 2 0 0 2 2 3 0 0 2 2 2 3 3 0 2 2 2 0 3 0 1 0 3 0 2 0 0 0 2 2 2 3 3 2 0 1 1 1 2 1 3 1 3 0 3 3 0 0 0 0 1 0 2 0 2 1 2 3 3 2 0 0 2 0.5166298428 0
0 0 0 3 3 1 1 3 1 1 2 3 3 1 0 0 0 1 2 0 1 2 1 3 0 3 3 2 2 3 0 3 0 2 1 3 3 1 1 0 0 3 2 0 1 1 1 3 0 2 3 1 3 2 2 3 1 3 1 2 0 2 2 2 0.3210538243 0
1 1 1 3 1 2 1 3 3 1 1 1 2 2 0 0 0 3 1 2 2 0 1 3 0 3 2 2 3 3 1 2 0 1 1 2 0 2 3 0 1 3 2 0 1 0 0 2 2 0 2 1 2 2 0 1 0 0 1 0 3 1 0 2 0.3469108776 0
0 3 2 0 1 3 1 3 1 2 2 1 3 3 3 3 0 3 3 0 1 3 3 1 3 0 0 0 2 1 2 1 0 3 1 0 0 3 2 3 0 3 1 0 1 1 2 2 0 3 3 3 0 2 0 1 1 0 1 2 0 0 2 3 0.3411227695 0
2 3 1 3 3 2 3 0 3 0 1 0 3 3 0 3 1 1 2 2 1 0 0 1 2 0 3 2 0 3 1 0 1 2 0 1 1 2 2 3 0 1 0 0 3 2 1 3 0 2 0 1 0 2 2 2 3 0 2 3 3 2 2 0 0.3842770335 0
2 2 0 2 1 1 3 2 1 1 2 0 3 2 0 3 0 0 3 1 0 1 0 0 3 1 3 0 1 3 3 2 0 2 1 1 1 3 2 0 2 2 1 2 0 1 3 1 2 0 1 1 1 0 2 2 0 0 1 2 1 0 2 0 0.2930491235 0
3 0 0 2 3 3 2 1 2 0 2 2 2 1 0 1 1 2 1 2 1 1 3 2 3 3 3 3 2 1 3 3 3 3 3 0 3 3 0 0 1 0 0 1 2 2 1 1 2 0 1 2 3 2 2 3 0 3 3 1 3 0 3 3 0.2994841626 0
0 0 3 2 2 1 1 0 1 0 0 2 0 1 3 2 0 0 2 0 0 2 0 2 0 0 1 1 1 1 3 2 2 0 2 2 0 2 3 2 2 2 1 1 2 3 3 1 1 1 1 1 1 1 3 2 2 2 2 0 1 2 3 0 0.4307155883 0
3 3 2 2 0 1 2 3 3 2 2 1 1 2 0 2 1 2 2 2 1 2 2 0 3 2 0 0 3 0 3 2 2 2 3 3 3 0 3 3 1 0 1 3 3 1 1 0 0 1 1 0 1 0 1 2 1 3 0 0 1 0 2 3 0.3891263514 0
2 0 1 1 0 1 0 2 3 2 1 1 1 0 1 1 3 3 2 2 1 3 0 1 1 2 3 1 0 1 0 1 0 0 2 1 1 2 3 0 3 2 1 1 1 0 1 2 1 2 2 2 3 2 2 0 3 1 0 0 0 2 1 3 0.2832488209 0
0 1 0 0 3 3 3 2 1 0 2 1 3 2 3 2 0 1 1 0 1 1 0 1 3 0 2 3 0 2 1 2 0 1 1 2 3 3 0 3 2 2 0 3 0 1 2 2 0 1 1 0 1 0 1 2 0 3 2 3 2 2 0 0 0.6492741221 0
3 1 2 0 0 2 3 1 2 2 1 1 3 0 1 0 2 3 1 1 2 0 3 2 0 3 1 1 3 3 1 2 3 2 1 2 1 0 3 1 1 1 0 1 2 3 1 3 0 2 3 3 2 1 0 2 0 1 3 0 1 1 3 2 0.3183767839 0
1 2 3 3 2 3 1 3 0 0 1 1 0 0 1 2 3 3 0 3 3 0 1 0 3 2 3 0 0 3 0 2 3 3 0 3 3 2 3 2 1 3 3 0 2 2 2 2 2 3 3 1 3 1 3 3 1 0 0 0 1 0 0 0 0.5373222844 0
2 0 0 1 2 3 3 2 0 2 3 0 1 1 3 0 3 2 3 2 0 1 1 0 3 0 1 1 0 3 1 3 3 3 2 0 3 3 1 0 2 2 3 0 0 3 1 0 2 3 1 2 3 3 3 3 3 1 0 1 1 2 2 0 0.485324478 0
0 3 3 1 0 1 2 0 1 2 0 2 1 2 0 0 2 1 1 2 3 0 2 2 0 3 0 2 3 3 0 2 1 3 0 1 3 2 2 2 1 1 1 1 2 3 0 0 3 3 2 0 0 1 0 0 0 1 2 0 2 3 3 0 0.2938102447 0
3 1 0 3 2 0 1 0 2 3 3 1 0 2 1 2 1 3 2 1 2 3 3 1 3 0 0 2 0 2 0 0 0 1 1 3 1 1 2 3 0 3 3 0 2 2 1 3 3 0 0 3 0 0 3 1 2 1 2 0 3 0 2 1 0.2958353457 0
0 3 1 2 1 1 3 0 0 0 2 2 1 3 3 0 1 0 1 1 1 1 2 3 0 1 3 1 2 2 1 1 3 2 0 3 0 3 0 3 3 2 1 0 3 3 1 0 0 3 1 2 2 0 0 3 0 1 0 0 2 3 1 2 0.3913161409 0
2 1 3 1 0 1 2 0 0 0 0 0 0 3 0 2 2 3 1 1 0 2 2 1 2 1 3 0 2 3 1 2 3 1 0 1 1 3 2 0 1 2 1 1 3 2 2 0 1 0 2 2 1 2 1 0 3 3 3 1 0 3 1 2 0.3762779394 0
2 0 0 2 3 1 1 0 0 3 3 2 2 3 0 3 3 1 0 1 1 0 0 0 2 2 2 3 0 3 3 1 0 2 2 0 1 0 2 3 3 1 0 2 1 3 2 0 2 0 0 0 3 1 1 1 0 0 1 1 0 1 2 0 0.2930491235 0
3 1 0 0 0 0 3 3 2 1 0 2 3 1 2 2 3 2 2 0 3 1 1 1 1 1 1 3 3 0 3 3 1 2 2 3 2 2 0 1 3 2 3 0 2 3 3 1 2 2 3 2 2 0 2 2 0 0 0 1 3 3 2 3 0.3942517493 0
1 0 1 0 2 3 2 0 2 2 2 3 1 0 3 0 2 3 0 3 2 0 3 0 2 0 3 3 2 2 3 1 3 3 0 1 3 0 3 0 3 1 1 2 1 1 3 0 2 2 1 1 2 0 0 0 2 3 3 1 3 3 0 3 0.3454385232 0
2 1 0 0 3 2 0 1 0 0 1 3 0 0 3 0 0 2 2 0 2 2 0 3 2 1 1 1 1 1 0 2 2 3 1 0 0 1 0 0 0 1 0 0 2 2 3 2 2 3 3 0 1 0 0 1 1 3 0 3 2 2 1 0 0.3092983413 0
3 3 3 3 0 0 3 0 1 1 0 0 0 2 3 2 1 3 3 2 2 1 2 3 2 3 0 2 3 0 0 1 1 3 3 2 0 1 0 3 0 2 0 0 2 0 1 2 1 3 0 1 2 0 3 3 3 0 0 0 3 1 3 1 0.375585761 0
1 3 0 2 2 2 1 3 1 0 1 1 0 1 2 2 2 2 0 2 3 0 1 2 2 3 0 0 1 0 1 0 0 2 1 1 2 2 3 1 3 0 2 0 0 2 3 0 2 2 2 3 0 3 0 2 0 1 0 2 1 3 0 1 0.2989055052 0
2 2 0 0 1 3 3 3 2 3 3 3 0 0 1 2 2 3 0 3 0 3 2 2 0 3 2 2 0 1 0 1 1 0 0 1 3 2 2 1 0 1 3 1 0 2 0 2 3 1 0 0 2 1 0 0 1 1 3 2 2 3 1 0 0.3005423822 0
0 2 2 0 3 0 3 2 3 0 2 1 0 0 1 3 2 2 2 2 2 1 0 0 1 1 1 0 0 3 2 1 2 1 0 0 3 0 0 2 1 0 2 2 1 0 0 0 2 2 0 3 3 1 2 2 0 1 0 3 2 2 1 0 0.33184261 0
1 3 3 2 3 3 0 3 3 1 1 2 1 0 1 2 1 0 2 2 1 2 1 2 1 1 2 2 1 1 0 1 3 2 3 2 3 1 3 1 2 1 2 1 2 1 0 0 0 3 3 1 0 3 2 3 1 3 1 3 3 3 0 1 0.3554128722 0
0 1 0 0 3 1 1 2 2 2 2 1 2 1 3 0 2 3 3 1 1 0 0 0 1 1 1 1 3 2 0 2 2 3 1 2 3 3 3 1 0 3 1 0 1 1 0 1 1 3 0 3 3 2 1 1 1 0 1 1 1 0 1 2 0.4107006147 0
1 1 3 0 3 0 2 3 1 1 2 0 1 1 3 3 3 2 0 3 0 3 3 2 0 1 3 0 2 3 3 0 0 3 2 3 3 0 3 1 1 1 2 1 1 2 2 1 1 1 2 0 1 2 3 1 0 0 1 1 0 0 1 1 0.3510801119 0
1 3 3 2 3 3 2 2 0 0 0 0 1 0 3 0 2 2 1 1 0 1 0 0 1 0 0 2 1 3 3 0 3 1 2 1 1 2 3 0 0 0 1 3 2 2 1 2 2 2 1 0 2 0 0 2 1 0 1 0 1 0 1 0 0.3418020796 0
2 1 0 0 0 2 0 3 3 1 1 3 3 0 2 0 2 2 0 1 2 1 1 3 2 3 2 2 0 0 1 1 0 1 3 3 3 0 2 3 1 2 0 2 1 1 3 3 0 2 1 2 2 3 2 0 1 1 2 2 2 2 1 2 0.6013107816 0
0 0 3 2 0 2 2 2 1 2 3 0 3 0 3 3 3 3 1 3 0 0 2 0 3 3 3 0 1 0 2 1 2 3 3 0 2 2 2 0 1 1 2 0 0 2 2 3 0 2 2 0 3 3 2 3 2 1 2 2 1 0 1 2 0.4778450719 0
1 3 2 0 0 2 1 1 2 0 0 0 0 2 0 1 0 3 0 1 2 1 0 0 1 0 1 0 0 2 0 2 1 1 1 3 0 1 2 2 3 1 1 2 1 1 1 0 0 0 3 2 3 1 1 2 1 2 1 2 3 0 2 1 0.3308289462 0
2 2 2 2 0 2 0 0 2 3 2 3 0 2 1 2 1 3 0 2 0 1 3 0 2 2 2 2 1 1 3 3 3 3 3 1 3 3 1 2 2 1 3 2 0 3 2 1 0 3 3 2 1 1 1 2 3 2 3 1 1 0 2 1 0.3183767839 0
1 3 1 2 2 0 3 0 3 1 0 0 2 2 1 3 0 1 3 1 0 3 0 0 2 2 3 3 2 0 3 3 0 1 1 1 3 0 1 1 3 0 0 0 1 3 2 1 0 3 3 1 2 1 0 2 3 0 2 0 1 0 0 0 0.388756727 0
1 0 2 1 1 2 2 3 0 3 0 0 2 2 3 1 1 1 1 2 2 0 1 1 0 1 0 0 1 0 2 0 0 2 2 3 2 3 0 2 0 1 0 0 2 1 2 3 2 1 0 3 2 0 1 1 0 2 3 3 1 2 0 0 0.3183767839 0
0 3 0 0 1 2 0 3 3 3 1 1 3 2 2 2 3 3 2 1 3 3 1 1 3 0 1 2 3 2 0 0 0 1 1 1 3 2 3 0 1 0 0 3 2 3 2 2 1 0 1 3 1 0 2 1 1 0 1 3 3 0 3 3 0.3560003902 0
3 0 3 0 0 0 3 3 2 3 3 3 3 0 0 2 0 0 1 0 3 3 1 2 2 0 1 3 1 1 0 0 1 3 1 3 1 1 2 1 1 2 0 0 1 1 2 0 0 3 1 1 0 1 0 1 1 2 1 0 3 0 3 2 0.4661873765 0
2 2 1 1 3 0 2 1 3 3 1 1 3 3 3 0 2 0 0 2 3 3 2 2 1 1 2 0 3 3 2 1 1 3 1 0 3 3 0 0 3 0 2 2 2 3 2 3 1 1 2 1 2 1 3 3 0 2 0 1 0 1 0 3 0.37532258 0
0 3 2 0 0 0 3 2 2 1 1 1 2 1 3 0 1 1 0 3 2 0 0 0 3 3 0 2 1 0 3 0 3 0 0 3 2 0 2 2 3 2 2 2 2 2 1 0 2 1 1 1 3 1 2 0 0 3 3 3 0 0 2 0 0.4198391302 0
1 0 3 0 2 3 3 3 2 1 1 3 1 3 3 0 0 3 0 0 3 0 2 2 2 2 3 0 3 3 3 0 0 3 2 0 0 3 0 2 3 2 3 0 2 1 3 2 1 3 2 3 3 2 1 2 2 0 0 0 2 2 0 3 0.4200484324 0
2 2 1 3 3 2 0 2 2 1 1 1 1 1 1 1 1 0 0 0 1 2 2 3 3 2 1 3 2 3 0 3 1 1 3 3 2 2 1 0 2 2 3 2 2 2 0 1 1 0 1 3 1 0 2 1 2 1 2 1 0 0 0 2 0.3426035147 0
0 1 0 2 3 3 2 0 3 3 1 1 1 3 3 2 2 3 3 2 1 1 0 2 0 2 2 1 1 3 0 3 3 3 1 3 0 0 3 2 1 2 0 3 1 3 0 2 2 1 3 1 3 1 0 0 1 0 0 1 0 0 3 1 0.2913712585 0
2 0 0 0 3 3 0 3 1 0 0 1 1 2 3 3 1 0 3 0 1 1 2 3 0 1 3 2 0 0 2 2 2 3 0 2 2 1 1 2 2 3 1 1 2 3 0 0 1 2 1 2 3 0 3 3 2 0 0 0 0 2 2 2 0.4806483266 0
1 2 2 1 0 1 3 2 3 0 0 2 0 1 0 0 2 3 2 1 1 1 0 3 2 1 3 3 0 0 3 3 1 0 2 0 3 0 1 1 1 0 2 2 0 2 0 3 2 3 1 2 3 1 3 0 3 3 3 0 2 3 3 1 0.5703811193 0
2 0 0 0 3 0 0 2 3 1 2 3 3 3 0 0 1 2 3 0 3 0 1 3 3 3 3 2 2 1 2 0 1 0 2 2 3 3 0 3 2 3 3 1 3 1 2 3 2 1 3 0 0 3 0 0 2 0 3 3 3 1 2 2 0.4210922799 0
1 2 2 0 1 2 2 3 2 3 0 3 3 1 0 3 3 0 2 3 3 1 1 2 1 1 0 0 0 2 0 2 3 1 1 1 1 0 0 1 0 2 1 3 1 0 0 1 2 1 1 2 3 2 0 0 0 2 0 3 2 1 1 1 0.6164901188 0
3 0 1 2 0 3 3 3 2 3 2 2 0 1 1 0 2 1 0 1 2 0 1 0 0 3 3 1 0 3 1 3 2 0 3 3 3 2 1 2 1 2 1 1 2 2 1 2 3 1 1 3 1 0 2 2 1 0 0 0 1 2 0 1 0.4993171064 0
2 2 0 0 0 2 3 2 2 2 1 0 0 0 2 2 0 2 2 2 2 3 2 0 1 3 0 1 1 2 0 2 3 1 1 0 0 3 3 0 3 0 3 1 3 2 0 2 2 2 0 1 0 1 0 2 2 1 1 2 0 3 0 1 0.4785545939 0
0 0 1 0 1 3 0 0 2 1 2 0 1 1 1 3 1 2 0 3 0 3 2 3 2 0 0 1 0 0 2 2 0 1 3 3 1 3 1 0 0 3 1 1 2 0 3 3 2 0 0 0 0 3 2 2 0 3 3 3 1 1 3 0 0.4142135624 0
3 1 2 3 3 0 3 0 2 2 2 2 1 0 3 3 2 0 0 1 0 2 0 0 2 3 0 1 2 3 2 0 1 2 3 3 0 2 0 0 2 0 3 3 1 2 0 0 0 0 2 0 0 0 0 0 2 3 0 1 3 2 1 2 0.2888295623 0
2 0 1 3 0 1 0 1 3 3 0 2 0 3 0 3 3 2 0 1 2 3 2 0 1 2 1 0 0 1 1 2 2 2 1 0 2 3 1 0 1 0 1 0 2 2 0 2 3 1 3 0 1 2 0 2 3 1 3 2 2 3 3 2 0.3117179653 0
0 2 1 1 0 0 0 1 1 1 3 3 1 1 3 3 3 0 3 0 3 1 2 1 2 1 3 2 3 3 0 0 2 0 2 1 0 1 3 2 1 3 2 1 3 2 0 2 1 0 2 0 2 0 2 2 3 1 3 1 1 0 3 2 0.3921195512 0
3 0 1 2 0 0 2 2 2 1 0 3 2 1 0 1 1 1 1 3 1 0 2 1 2 1 2 2 3 2 3 3 2 0 3 3 3 2 1 0 0 3 1 0 3 1 0 3 0 3 3 3 1 1 0 3 0 0 2 3 2 3 1 3 0.3656092124 0
0 1 3 2 1 0 3 3 0 3 2 0 2 2 3 0 1 1 0 1 2 3 3 1 0 1 1 0 3 3 2 2 1 0 2 1 3 1 2 3 3 2 1 0 3 3 2 2 3 1 0 2 2 1 0 1 3 0 2 1 0 3 2 1 0.4304465009 0
2 1 1 1 1 1 2 3 2 3 3 2 3 1 0 2 0 1 2 0 1 1 1 0 2 2 0 2 0 3 1 2 0 0 3 0 3 2 3 1 0 0 0 3 2 0 1 2 1 1 1 3 3 2 2 1 1 3 2 1 0 0 3 2 0.3632784829 0
0 1 3 1 2 1 2 0 1 1 2 2 3 3 3 2 2 3 2 1 1 2 0 0 1 0 3 0 0 3 2 2 2 2 0 0 1 3 1 3 0 2 1 1 0 3 0 1 0 1 0 1 3 0 3 1 3 3 0 1 0 3 1 3 0.2950829234 0
1 0 2 3 3 3 3 2 2 1 0 0 3 0 0 0 3 1 1 0 0 2 0 0 1 2 1 0 2 3 1 0 3 0 1 1 3 2 2 1 3 3 2 2 1 3 3 0 2 1 0 2 0 0 2 1 3 1 3 3 2 3 3 2 0.3142042283 0
0 1 1 0 1 2 2 0 0 0 2 0 2 2 0 2 1 1 0 0 0 2 0 0 1 1 0 1 1 3 2 2 1 1 0 1 3 2 2 2 3 1 1 1 0 1 0 1 3 2 2 3 3 3 2 1 0 0 3 2 0 0 2 0 0.3569263257 0
2 1 3 1 1 3 2 0 1 2 1 0 3 2 0 2 3 3 0 1 1 0 2 0 3 2 3 2 2 0 1 0 1 0 1 3 2 0 1 2 1 0 1 3 0 0 1 2 1 1 0 3 3 1 2 2 1 1 2 2 0 0 2 0 0.331165631 0
2 0 1 2 3 1 2 0 3 3 2 3 1 2 1 2 3 1 0 2 1 1 0 1 3 2 0 0 2 3 2 0 2 0 2 1 3 3 3 3 3 0 2 1 0 2 1 2 0 3 1 0 2 0 0 2 3 1 3 3 3 0 3 2 0.6670121829 0
0 2 2 3 3 2 1 3 3 0 3 1 2 1 2 0 1 2 1 1 3 0 0 0 2 0 0 1 1 1 1 2 1 2 3 1 2 3 2 3 2 3 3 2 1 3 1 0 2 2 1 0 3 3 0 1 0 2 3 3 3 1 2 2 0.2851975752 0
1 1 0 1 2 3 0 1 1 3 3 3 1 0 2 3 2 3 3 0 3 1 3 3 1 3 1 2 3 2 2 2 0 3 1 2 0 3 3 2 3 0 3 0 0 3 3 1 1 2 3 1 1 0 1 2 2 0 3 3 1 0 3 2 0.2898979486 0
2 3 1 1 2 1 0 3 3 0 1 3 0 0 1 2 2 1 1 3 0 0 2 2 1 3 0 2 3 1 3 0 1 1 0 0 1 2 3 3 0 2 0 3 0 1 3 2 0 1 3 2 2 0 3 0 2 3 1 0 0 3 2 0 0.3656657061 0
2 2 3 3 1 3 0 2 0 2 3 1 0 3 2 0 2 2 3 2 1 1 0 3 1 0 2 1 0 0 1 3 1 3 3 1 3 3 2 1 2 0 1 1 2 2 3 0 2 0 0 0 2 2 0 2 1 1 2 3 2 1 1 3 0.3632784829 0
1 1 2 2 0 0 1 0 3 0 1 3 2 0 3 3 2 1 2 0 1 1 3 0 3 3 3 3 0 1 2 3 0 2 0 1 1 0 1 2 0 0 2 2 0 2 1 1 1 1 3 3 2 1 0 2 2 0 1 2 2 3 3 2 0.3814277472 0
1 3 0 0 2 3 2 2 3 2 2 1 3 0 1 1 3 2 1 2 2 0 1 0 2 2 0 2 2 1 3 2 2 1 1 1 1 1 3 2 1 1 1 1 1 2 0 1 1 2 2 2 1 2 3 1 1 2 3 1 1 0 2 0 0.4183796569 0
1 2 1 2 3 3 1 3 3 2 3 0 3 1 1 3 2 3 0 0 0 2 1 3 2 1 1 1 1 3 3 2 2 3 2 0 1 3 2 0 2 0 2 0 3 2 0 0 3 0 3 2 3 1 2 2 1 1 3 1 3 2 1 2 0.2959932952 0
1 1 2 0 1 2 3 2 3 1 1 2 1 2 3 2 0 1 2 1 3 0 3 2 2 0 0 1 3 2 1 3 1 3 2 1 1 3 1 3 2 1 1 2 2 2 3 3 2 1 1 2 3 2 1 2 1 3 3 2 2 0 3 1 0.3005423822 0
2 3 3 2 2 3 2 1 3 2 2 2 0 1 0 3 2 1 2 2 2 0 0 2 3 1 3 0 2 3 1 1 2 0 2 1 0 3 3 2 1 1 3 2 1 3 1 1 0 1 1 0 2 1 3 1 2 0 1 2 2 0 1 2 0.4158211051 0
3 2 2 2 1 0 0 1 0 0 3 3 3 3 2 2 0 2 3 3 0 2 1 1 1 3 3 3 0 0 0 2 2 2 2 0 0 0 0 0 1 0 0 2 2 1 2 0 2 0 0 0 0 1 1 3 1 3 1 1 0 1 2 3 0.7584701927 0
1 0 3 3 0 0 2 0 0 0 3 1 3 1 0 3 2 0 0 3 1 2 2 3 2 2 2 2 2 0 2 0 1 0 0 0 2 3 2 0 0 1 3 0 1 1 1 0 0 3 0 1 0 2 3 2 2 0 1 2 2 1 2 0 0.3287171837 0
3 0 3 2 1 2 2 1 3 3 2 2 1 2 1 1 2 3 0 2 1 2 0 3 0 1 0 0 3 0 2 1 3 2 2 1 1 1 1 0 2 0 3 1 3 2 1 3 0 1 2 0 0 1 2 1 2 0 3 2 3 3 0 1 0.4293135864 0
0 3 0 2 0 3 0 1 3 3 0 3 3 0 0 2 2 0 2 2 3 3 0 1 1 3 2 1 1 3 2 2 2 0 2 0 0 3 0 3 0 1 3 1 3 3 0 1 0 2 2 1 3 2 3 0 3 1 2 0 1 3 0 0 0.3501283127 0
1 2 1 2 1 3 0 0 2 1 2 1 2 3 2 0 3 2 2 0 0 0 1 3 1 3 3 2 3 0 0 2 0 1 2 1 3 3 2 0 1 0 2 2 1 0 1 2 3 3 3 1 1 1 1 1 3 0 1 1 1 2 0 1 0.3737950927 0
2 2 2 2 3 1 1 3 0 0 0 2 3 3 0 0 3 3 2 3 0 0 3 3 0 2 1 0 3 3 2 1 0 1 0 3 0 0 0 1 3 3 2 1 1 3 3 3 3 3 1 3 3 0 1 2 2 1 1 1 3 1 1 1 0.304316867 0
2 0 1 1 1 3 1 1 2 0 0 2 3 3 0 3 0 2 2 2 3 1 2 2 2 1 3 0 1 0 2 3 2 2 1 3 3 1 3 0 2 0 0 1 0 2 0 1 0 3 1 1 2 0 2 3 1 3 3 1 3 1 3 1 0.3572822687 0
1 1 1 1 0 3 3 3 3 3 1 1 0 3 3 2 3 0 3 0 2 3 3 3 3 0 1 1 0 1 2 0 3 3 1 1 2 0 2 0 0 3 2 1 2 1 2 2 0 2 1 0 3 3 2 3 0 3 3 1 1 2 1 3 0.358442839 0
3 0 3 1 1 3 3 2 1 0 0 0 0 2 1 2 2 2 3 3 0 3 0 3 3 0 0 0 3 2 3 1 1 3 2 1 3 0 3 2 1 3 1 2 0 1 2 2 3 1 1 2 1 0 1 2 2 1 3 3 0 1 1 1 0.4282155447 0
2 2 1 2 3 0 1 3 2 3 3 0 2 0 1 2 3 0 1 1 1 1 3 3 3 1 2 0 0 0 0 0 0 2 2 3 0 2 3 1 1 1 1 2 3 3 3 3 2 2 0 3 1 3 2 0 2 1 2 1 1 2 3 2 0.4565940367 0
0 1 2 3 2 3 1 0 2 0 2 3 0 1 1 2 0 2 0 3 1 1 2 0 2 0 2 2 2 0 2 2 3 0 0 2 1 2 2 0 3 2 3 1 3 2 0 1 1 0 2 2 2 3 0 0 1 1 0 1 1 0 1 3 0.4142135624 0
3 1 3 2 0 0 1 3 1 2 3 1 0 2 1 1 0 3 0 3 1 1 2 3 3 0 3 3 0 3 1 0 3 2 1 1 0 3 2 3 0 0 2 1 0 2 1 3 3 2 1 0 3 3 0 1 2 3 1 3 1 0 1 2 0.4631399751 0
3 1 1 2 0 2 3 1 3 3 3 1 1 3 0 3 3 3 1 2 1 1 2 1 1 3 3 2 3 2 1 2 2 2 0 1 1 3 1 3 3 0 1 3 2 2 2 0 2 1 1 1 0 2 2 3 2 1 0 0 0 0 2 0 0.2804379536 0
2 1 3 2 2 1 3 2 1 3 2 2 1 0 2 0 3 2 0 2 0 1 2 1 0 0 1 1 0 1 1 3 1 3 2 0 3 3 2 0 2 1 1 3 2 2 0 1 3 3 1 1 2 3 2 3 1 2 3 3 2 0 1 1 0.3364806498 0
0 2 2 0 3 0 0 3 2 0 3 2 0 0 1 3 0 3 0 2 3 3 2 2 3 1 2 2 2 1 0 2 0 2 1 1 1 0 0 1 3 1 0 3 3 2 2 3 1 1 2 1 2 2 1 1 1 3 1 2 2 3 2 0 0.3301892444 0
2 3 3 2 0 3 2 1 1 0 0 1 1 2 3 1 2 1 0 3 1 3 0 3 1 1 2 0 1 0 1 3 0 1 1 0 3 3 0 3 3 0 2 1 2 1 0 2 0 2 2 3 3 0 3 2 1 0 3 3 3 1 2 3 0.4397550291 0
0 1 2 3 3 1 2 2 0 2 2 1 3 3 2 2 2 0 2 2 1 2 3 2 0 1 0 1 3 3 0 1 0 0 3 3 1 2 0 1 1 0 2 1 1 1 0 2 0 1 3 0 0 2 3 1 2 1 0 2 3 3 2 3 0.388756727 0
0 0 1 3 2 0 2 1 0 1 1 2 0 2 1 2 2 3 1 2 2 3 1 0 3 2 2 1 1 3 2 2 1 3 1 1 1 2 1 1 3 1 1 0 1 0 1 0 1 3 1 1 1 0 0 0 0 1 1 3 0 1 0 2 0.2922269911 0
2 0 0 3 1 3 1 1 1 3 3 0 0 0 1 3 1 3 1 2 2 1 1 1 3 2 0 3 2 1 0 1 3 0 0 1 3 1 3 0 3 1 3 2 1 1 3 3 1 0 1 1 1 3 1 1 0 0 3 3 2 1 3 0 0.2919407946 0
0 3 2 2 3 1 3 3 0 3 0 3 0 2 1 3 1 0 0 1 1 1 3 2 3 0 1 2 3 1 3 1 0 0 3 1 1 3 2 1 1 3 0 2 1 0 2 1 3 1 0 0 3 0 0 3 0 0 1 0 0 3 0 1 0.2847717222 0
2 1 2 2 1 2 0 1 1 2 3 3 3 2 0 2 3 1 0 1 1 2 1 1 3 1 0 2 0 0 2 0 1 1 2 2 0 2 3 3 2 0 1 2 1 1 2 2 0 3 1 1 2 2 0 2 2 0 3 1 0 0 3 2 0.3255563301 0
2 3 1 3 1 2 0 3 3 0 2 2 0 0 2 1 0 2 2 3 2 0 0 1 1 3 3 3 2 2 3 3 1 3 2 3 3 0 2 0 2 1 2 0 3 1 1 3 1 2 1 0 3 1 1 0 0 0 3 3 1 3 1 2 0.2750881305 0
3 1 3 0 1 0 1 1 0 1 1 2 3 1 3 1 1 3 1 1 1 0 2 2 3 2 2 0 2 2 3 0 3 3 0 3 3 1 1 1 1 1 2 2 2 3 2 2 1 2 3 2 2 2 0 1 0 2 2 3 1 0 0 3 0.2992157615 0
1 1 1 0 0 1 1 1 2 3 0 0 0 1 1 2 0 2 2 1 3 1 1 3 3 3 3 0 1 3 0 0 3 0 1 2 2 2 3 2 3 1 0 0 3 0 3 0 3 1 1 1 2 0 2 0 3 0 3 1 3 0 1 0 0.3763405792 0
2 1 2 3 2 0 1 0 1 2 1 1 1 0 1 0 1 3 1 3 1 2 2 0 3 0 0 2 2 0 1 2 0 2 0 2 1 0 3 3 2 2 0 3 2 0 0 3 2 1 2 1 0 0 2 3 0 0 2 2 3 2 0 2 0.317756027 0
0 2 3 2 0 3 1 0 2 0 3 1 1 1 0 0 1 2 3 2 3 3 0 0 1 2 2 2 2 2 2 0 1 2 1 2 3 0 3 0 1 3 3 2 0 2 3 1 2 0 0 1 0 1 3 1 0 0 1 0 0 0 1 0 0.3314388929 0
1 3 2 1 0 3 1 2 1 1 2 3 3 0 1 1 2 1 1 3 2 1 0 2 2 3 0 1 0 3 1 3 1 2 3 0 0 1 0 1 3 3 2 3 1 1 2 1 3 3 2 3 3 2 3 0 3 1 3 0 0 2 1 3 0.3010544585 0
3 2 2 1 0 3 3 0 0 3 1 2 1 3 2 1 1 2 1 3 0 2 0 2 2 3 1 2 0 1 2 1 3 0 3 1 0 1 2 0 1 0 0 2 1 0 1 0 2 3 2 0 3 1 0 3 1 3 1 0 2 3 1 1 0.3142042283 0
3 0 2 3 3 2 0 1 0 2 0 0 3 0 0 3 0 2 3 2 1 3 2 2 1 1 0 3 3 2 3 0 1 0 2 3 2 0 1 1 0 2 2 3 0 0 2 1 1 2 2 1 3 1 0 1 1 3 1 2 1 0 2 2 0.3480800251 0
3 0 1 0 2 3 3 1 0 1 2 2 2 2 3 1 1 3 3 0 1 0 2 2 2 1 3 2 3 0 1 1 1 2 2 3 2 2 1 1 3 2 3 0 2 2 2 3 0 0 3 0 3 1 2 3 1 1 2 2 1 2 3 1 0.3372389691 0
1 0 3 2 0 3 0 0 2 3 3 3 2 2 3 2 3 0 0 3 1 1 0 3 3 3 3 2 1 3 2 3 3 0 2 3 0 3 0 0 3 1 2 2 2 0 1 0 1 1 0 0 0 3 3 3 2 3 3 0 3 2 1 3 0.3404752971 0
3 0 0 1 2 0 3 0 3 0 2 2 3 0 3 1 2 3 3 2 1 2 3 1 1 0 1 1 1 2 1 2 3 1 3 3 3 1 2 0 1 1 2 3 2 1 3 2 2 1 0 2 0 0 2 1 1 2 3 2 1 1 3 1 0.388756727 0
0 2 2 0 3 3 3 3 2 2 2 2 0 3 3 2 0 2 1 3 2 1 3 0 3 3 0 0 1 1 1 2 2 3 0 0 2 2 0 0 2 1 2 1 3 3 1 3 2 0 2 1 1 2 3 3 0 3 0 2 0 3 3 0 0.3655178698 0
3 2 3 0 0 2 1 0 0 2 3 1 2 0 0 0 1 3 0 1 0 2 0 0 1 3 3 3 2 0 1 2 0 0 1 1 2 3 3 3 2 0 3 2 0 2 2 1 3 0 2 0 1 1 2 0 0 2 2 3 2 2 2 3 0.2887244073 0
3 2 1 3 0 0 3 0 2 0 0 2 0 3 1 2 2 0 0 2 2 1 1 1 2 0 3 2 0 0 2 2 2 0 0 0 2 3 3 2 1 2 3 1 1 2 1 1 1 1 2 3 2 1 0 2 1 3 1 2 0 0 2 0 0.2992157615 0
3 2 2 0 0 0 1 1 1 2 2 1 1 2 1 0 2 2 1 0 3 1 2 2 3 3 0 1 3 3 2 0 1 1 3 1 0 2 0 3 2 3 3 0 2 0 2 1 0 0 1 2 1 3 1 2 1 3 1 2 3 3 1 1 0.3925460752 0
1 0 1 0 1 0 0 3 2 2 2 0 2 0 2 2 0 3 3 2 1 1 3 1 2 3 1 1 1 1 0 2 3 3 0 3 3 0 1 2 1 1 3 0 2 2 2 3 2 1 3 1 3 1 3 3 0 1 2 0 1 2 1 0 0.3675632775 0
0 3 3 1 3 1 1 3 3 3 2 1 2 1 3 2 3 3 2 0 1 1 3 0 1 2 2 1 1 0 3 3 2 0 3 2 3 3 2 2 1 0 0 3 1 2 2 3 3 0 2 2 3 3 3 0 0 0 2 1 0 0 3 0 0.3048514162 0
2 3 2 3 1 0 0 3 0 3 1 2 3 3 3 3 3 1 0 2 3 0 2 3 2 0 1 3 2 1 2 3 3 1 0 0 1 3 2 2 3 0 1 3 0 2 1 2 2 2 1 0 1 1 1 3 0 0 0 0 0 1 2 3 0.3716235242 0
2 3 3 2 2 1 2 3 2 0 1 1 3 0 0 1 0 0 2 1 3 2 0 1 2 3 1 2 0 2 2 2 1 2 0 1 3 0 2 1 2 2 0 0 1 2 0 3 3 0 3 1 1 0 2 3 0 0 0 1 1 2 1 0 0.3255563301 0
0 3 1 3 2 0 1 1 3 0 1 1 0 2 0 3 2 1 1 2 2 2 1 0 1 0 3 3 1 0 0 0 3 1 0 3 3 2 1 1 2 2 2 2 0 1 3 0 2 2 2 3 1 1 0 1 1 3 3 1 1 2 0 2 0.3355515247 0
2 2 3 1 0 1 0 3 0 1 1 2 1 2 3 0 3 3 3 3 2 3 3 0 3 3 0 3 3 1 1 0 3 3 0 1 3 2 1 0 1 2 1 3 2 0 3 2 1 2 0 2 3 2 3 2 1 1 2 0 1 0 1 1 0.379261948 0
3 1 3 2 0 0 1 3 2 2 3 2 2 2 1 2 2 3 0 1 2 1 1 3 1 2 3 3 1 3 2 1 3 1 3 0 1 0 0 1 2 0 2 2 0 3 3 1 1 3 1 3 3 0 1 1 1 2 3 2 0 0 3 3 0.2914382859 0
2 0 2 1 1 2 1 3 0 2 0 3 3 2 1 0 3 1 3 1 1 2 1 2 2 2 1 1 0 1 1 1 2 2 3 1 2 2 2 0 1 2 0 3 3 2 1 1 2 1 1 3 3 1 1 0 0 0 0 0 2 3 2 0 0.3364806498 0
0 2 1 0 1 3 0 2 3 2 3 0 1 1 0 2 3 3 3 1 2 3 1 2 3 2 2 1 1 0 0 3 2 0 1 3 2 3 2 1 1 2 2 0 0 2 3 2 1 3 2 1 2 1 2 3 1 0 1 3 3 3 3 0 0.3018893954 0
2 2 0 3 1 2 1 0 0 2 2 0 2 3 2 3 2 0 2 2 3 3 0 1 1 2 2 2 3 0 0 3 1 3 2 2 1 0 3 1 1 3 2 2 2 0 2 1 0 0 1 2 1 2 3 3 0 1 1 1 1 2 2 3 0.288684276 0
3 2 1 1 1 0 1 1 2 3 1 1 1 1 2 0 2 0 0 3 0 1 3 2 3 1 0 0 3 0 0 0 3 0 0 0 3 0 2 0 1 0 1 1 0 2 0 0 2 2 2 1 1 0 3 2 2 2 3 1 0 2 2 2 0.3672842269 0
2 1 2 2 0 1 1 0 0 2 1 3 0 1 3 1 2 3 2 2 1 1 0 2 0 2 3 3 0 0 0 1 3 1 3 0 0 2 1 0 3 1 3 1 1 2 2 3 2 0 2 2 2 2 1 3 1 2 1 0 1 1 1 0 0.4304465009 0
2 3 2 3 2 0 0 3 2 2 2 1 0 1 0 0 0 0 3 1 3 1 3 2 2 3 0 2 1 1 2 3 3 3 1 2 1 3 2 2 3 1 2 2 2 0 0 0 0 3 3 1 0 2 0 0 3 2 3 0 1 3 0 2 0.2898979486 0
0 0 0 2 1 2 0 2 3 0 1 3 3 0 2 2 2 3 0 0 0 2 2 1 0 2 1 3 3 3 0 2 2 3 2 2 1 2 2 3 3 0 3 3 2 2 0 2 2 2 3 3 0 3 0 0 1 2 1 3 1 1 3 3 0.3031331359 0
2 1 3 2 1 1 3 1 2 0 1 2 0 3 0 2 0 0 0 0 0 3 3 2 3 2 2 1 0 3 3 0 0 3 0 1 0 3 2 0 2 3 3 2 2 1 1 2 3 2 3 0 3 2 2 1 0 2 3 1 2 0 3 1 0.4421797047 0
0 2 2 0 2 2 0 1 0 3 1 3 2 1 0 0 0 0 0 3 0 1 2 2 1 2 3 1 0 1 1 2 2 2 1 2 1 2 3 3 1 0 1 3 1 0 1 0 1 3 0 2 0 3 2 1 3 1 3 3 0 2 0 3 0.2952662778 0
2 2 3 2 0 3 3 0 3 1 0 2 2 0 3 2 0 1 0 1 2 0 1 0 0 2 1 0 1 1 0 3 0 1 1 2 2 3 2 1 3 2 3 2 0 0 3 3 1 2 3 1 3 1 2 1 3 2 2 2 1 0 0 3 0.3055166403 0
0 0 3 1 3 0 2 0 1 3 1 2 2 2 0 1 0 0 0 2 3 0 0 2 0 1 1 3 2 0 0 0 3 1 1 2 1 3 1 2 1 1 2 2 1 3 3 1 2 0 2 2 1 3 1 1 3 3 0 2 3 2 0 1 0.401454317 0
0 1 3 3 0 3 1 0 3 3 1 0 3 0 2 0 3 2 0 3 2 1 1 0 0 1 3 0 0 3 1 2 3 2 0 0 1 0 3 1 3 3 3 0 3 1 3 0 1 3 2 0 0 2 0 0 0 0 2 1 3 0 3 0 0.3169261359 0
3 3 2 1 3 3 0 3 1 2 1 0 0 3 1 1 0 2 3 2 1 2 0 1 3 1 2 2 2 3 0 2 3 1 1 3 2 3 0 3 1 0 1 1 1 1 1 0 1 0 1 2 3 0 2 3 3 0 1 1 0 2 3 2 0.3183767839 0
1 3 2 2 0 3 3 0 3 2 1 1 0 3 3 2 3 3 3 2 0 3 3 1 2 3 3 1 2 3 2 0 2 3 2 3 3 0 1 2 0 3 0 3 0 1 1 0 3 0 1 0 3 1 2 1 0 1 1 1 3 0 1 1 0.3069422669 0
3 3 2 0 3 2 0 2 0 1 3 1 3 3 0 2 0 3 3 0 0 0 2 0 0 1 1 0 3 0 3 1 3 3 2 2 3 2 1 1 2 0 0 3 1 0 3 3 3 2 3 0 2 0 2 0 2 1 0 1 0 2 0 2 0.3847411572 0
1 1 0 0 2 1 1 1 3 3 0 1 2 2 0 3 0 1 1 2 0 2 3 0 1 0 1 2 0 2 0 2 0 1 0 3 2 2 3 0 0 1 3 1 3 0 3 3 0 2 1 2 1 2 2 1 0 3 3 1 1 3 3 3 0.354867572 0
3 0 0 1 3 1 1 3 0 2 3 0 2 0 3 2 0 1 2 3 3 2 0 2 1 3 2 0 1 3 2 3 0 2 1 0 2 0 3 0 3 1 3 1 0 3 2 2 1 3 3 2 2 2 1 0 0 2 0 0 3 1 2 2 0.3474320193 0
3 0 2 2 2 2 3 1 0 3 0 0 0 1 2 1 2 2 2 3 0 0 1 0 3 1 2 0 3 2 2 3 0 0 2 1 1 1 3 1 3 2 3 2 3 0 0 1 1 1 2 1 0 2 2 2 2 1 0 2 1 3 3 1 0.4160230512 0
3 3 3 3 2 0 3 1 1 0 0 1 1 1 2 2 0 0 2 1 1 2 3 0 1 3 3 2 1 1 0 1 2 1 0 0 2 0 0 1 3 3 3 0 3 1 2 2 2 0 3 0 3 0 1 0 1 2 1 2 0 2 3 0 0.3816000776 0
1 2 2 3 2 1 1 3 3 1 0 2 1 3 3 3 2 3 1 2 1 0 0 3 0 3 3 2 2 2 3 3 0 3 2 0 1 3 2 2 3 3 0 0 1 2 2 2 3 1 3 1 1 3 2 1 1 3 1 2 0 0 3 3 0.2975038696 0
3 1 0 1 0 3 1 1 0 2 0 3 0 2 1 2 2 3 1 2 0 1 1 0 2 3 2 3 0 2 1 1 1 1 1 3 1 0 3 1 2 3 2 0 0 0 0 2 2 3 0 0 0 3 3 3 1 0 3 3 2 3 0 2 0.3210538243 0
3 2 3 1 2 2 3 3 0 2 2 3 3 1 3 0 0 3 0 3 3 2 0 0 1 1 3 2 3 0 0 1 0 0 1 0 3 0 1 3 1 1 1 2 0 2 1 3 2 0 1 3 1 0 1 1 1 3 1 2 2 3 3 3 0.3122987644 0
1 2 3 2 3 1 1 3 1 2 3 1 2 0 3 2 0 3 0 3 3 0 1 3 3 0 2 2 1 0 1 0 1 0 0 1 3 3 2 0 3 2 0 1 3 3 1 2 3 3 2 0 0 0 1 2 2 2 2 1 0 1 3 3 0.3563530578 0
2 2 0 2 3 1 0 0 1 3 3 3 0 3 2 3 1 2 3 2 0 0 2 3 3 1 2 1 3 3 0 3 1 2 2 1 1 1 1 3 2 1 3 1 2 0 2 3 2 1 0 0 0 1 2 0 0 2 3 1 1 3 0 2 0.3835303427 0
1 3 2 3 3 0 0 3 1 2 1 1 1 1 2 3 0 3 0 3 0 1 1 3 2 1 0 1 2 0 3 2 3 0 1 3 0 2 1 3 3 1 3 2 3 2 0 0 1 3 1 2 2 3 0 3 3 1 1 3 1 0 1 1 0.5562878098 0
0 3 3 0 2 1 0 2 0 1 3 2 3 2 3 1 3 3 3 1 2 3 0 3 0 1 2 1 3 1 2 0 3 1 0 3 2 1 3 1 0 0 1 2 2 2 1 2 0 2 2 1 2 1 0 0 2 2 3 3 2 3 0 2 0.379261948 0
1 0 1 2 2 0 0 3 2 3 3 1 1 3 3 1 3 0 1 1 3 0 3 3 2 2 2 3 2 3 1 0 3 0 0 2 1 3 0 1 0 2 3 1 2 3 2 1 1 3 3 0 3 0 3 1 0 1 1 1 0 1 3 1 0.2846096302 0
3 3 0 0 0 3 2 3 2 2 2 1 3 2 1 0 3 1 2 3 1 0 3 0 3 3 3 0 0 0 0 0 2 0 1 3 0 0 2 0 3 0 1 1 0 3 0 2 0 2 1 2 0 1 2 1 2 3 2 0 3 1 3 3 0.3751602567 0
2 3 3 0 1 2 0 2 0 1 3 1 1 2 2 3 1 3 0 0 3 2 1 1 1 3 1 3 3 0 3 1 0 3 2 3 3 0 1 2 1 2 2 2 0 3 3 3 1 3 1 0 1 1 0 1 0 2 1 0 0 1 2 2 0.3684493564 0
1 3 0 3 2 1 3 3 1 2 3 1 2 0 0 0 2 0 0 2 2 1 0 1 2 0 1 3 3 0 0 0 3 2 1 2 3 1 2 2 2 3 0 3 3 2 0 2 1 0 1 3 0 1 3 1 0 1 2 2 3 3 0 3 0.3233440568 0
0 3 1 3 2 2 0 0 3 0 3 3 0 2 2 3 3 0 2 1 0 2 2 0 3 3 0 2 3 3 0 3 2 0 1 0 2 0 1 2 0 0 1 2 2 1 0 3 0 1 0 1 3 3 3 2 2 3 2 0 0 2 1 2 0.2903505128 0
1 3 3 2 1 2 3 3 3 1 3 0 1 2 1 1 2 2 0 1 0 2 3 0 2 2 2 1 3 1 1 3 1 1 0 3 3 1 0 2 3 1 2 3 0 2 3 2 2 0 1 2 3 2 0 1 1 0 3 1 2 2 1 2 0.4085837192 0
1 2 0 3 3 1 2 0 0 1 2 2 3 2 1 1 3 0 1 0 0 1 1 0 3 0 0 0 0 1 0 2 1 0 1 1 3 3 1 2 3 3 2 3 3 2 0 1 1 1 3 0 0 0 1 1 1 2 1 0 1 0 3 2 0.2832488209 0
3 3 1 2 3 2 2 2 2 1 1 1 3 2 3 1 3 0 0 3 0 3 1 2 3 2 0 0 1 1 2 0 2 3 2 0 3 0 0 1 2 2 1 1 0 2 1 0 3 3 3 0 2 1 3 2 3 0 0 2 3 1 1 1 0.2996007891 0
3 1 2 2 2 1 3 2 3 1 1 0 0 2 3 3 3 2 0 2 3 0 1 1 2 1 1 0 0 1 1 1 2 2 0 0 3 0 3 1 3 1 1 2 2 0 0 0 0 1 0 2 0 1 0 0 1 2 1 2 0 0 0 2 0.3216972808 0
1 0 2 3 0 3 3 0 0 2 0 0 3 1 0 2 3 0 3 3 2 0 3 0 3 2 0 1 1 3 0 3 0 1 2 3 2 1 1 0 3 1 3 3 1 0 1 1 0 3 0 2 0 3 3 0 2 3 1 2 0 3 0 3 0.4316944638 0
3 0 0 2 0 2 0 1 0 0 2 1 3 0 3 2 3 2 3 2 0 0 0 0 3 2 3 3 1 3 1 1 0 1 3 1 0 0 0 2 0 2 0 0 1 0 0 3 2 2 3 0 2 1 0 1 1 0 2 0 3 1 2 2 0.3210538243 0
3 3 3 3 3 2 2 0 2 0 3 0 0 0 1 0 1 2 1 3 0 2 1 0 2 3 1 3 1 2 1 0 3 3 3 0 1 1 2 1 1 0 0 3 3 2 1 0 1 1 3 3 3 1 0 0 3 0 2 0 1 1 3 2 0.303785526 0
3 3 0 0 1 3 3 0 3 2 1 0 3 2 3 3 2 0 3 0 1 1 0 3 2 0 3 0 2 2 3 2 2 3 1 2 1 1 1 3 3 3 1 0 3 2 2 2 1 0 1 1 2 0 3 3 0 2 1 2 2 3 3 3 0.2955369106 0
1 0 2 1 2 2 1 2 3 1 2 0 3 1 2 2 0 0 2 1 2 0 0 0 1 3 1 3 3 1 0 0 0 1 2 0 2 3 3 0 0 2 3 2 2 3 0 1 3 0 2 1 3 0 3 3 3 3 2 1 1 0 0 0 0.3609793359 0
0 3 1 0 1 1 2 0 0 2 3 0 1 1 2 2 2 0 2 2 0 2 0 0 2 3 0 1 2 2 1 3 3 0 3 1 3 2 3 1 0 1 0 3 1 0 2 2 1 3 1 2 3 0 1 0 0 3 2 1 1 0 0 2 0.344733477 0
2 3 1 0 0 2 3 3 2 2 2 3 2 2 3 2 3 2 2 2 3 3 2 3 0 3 0 3 1 2 3 3 1 2 0 2 1 2 0 2 3 3 0 3 1 2 3 2 0 3 3 3 0 1 3 0 2 3 0 1 0 0 1 3 0.6492741221 0
1 0 3 1 1 3 3 3 3 3 2 0 1 1 3 2 1 2 1 3 2 3 2 0 1 2 1 1 2 3 1 1 2 0 0 3 0 3 0 3 3 2 2 1 3 2 0 3 2 1 1 2 1 0 0 1 1 3 2 0 3 0 0 0 0.3961068099 0
1 3 1 2 1 1 1 1 1 1 0 0 0 0 0 3 2 3 2 2 2 0 1 3 1 1 1 2 0 3 2 2 2 0 3 3 0 3 0 2 3 3 3 1 1 2 0 3 0 3 0 1 2 0 2 2 3 3 3 0 3 1 2 2 0.3012618032 0
3 3 0 3 1 0 1 3 1 0 1 1 2 0 2 3 0 0 0 1 3 2 0 0 2 2 1 2 2 1 3 1 2 1 2 3 2 3 3 1 2 1 3 3 2 0 0 0 2 1 1 3 3 2 2 0 0 0 1 0 1 2 1 1 0.5166298428 0
1 3 3 2 1 2 1 1 3 0 1 0 2 3 3 2 3 2 1 2 3 2 1 2 2 2 1 0 0 0 2 1 3 2 3 2 1 0 3 3 2 1 0 1 0 0 0 0 1 1 1 0 2 1 2 1 1 3 3 0 2 0 2 2 0.3063950271 0
1 2 1 3 0 1 2 2 3 2 0 3 2 3 2 0 0 2 3 1 2 0 0 1 0 0 2 1 2 2 2 2 0 1 2 3 2 2 0 1 1 0 1 2 1 3 3 3 0 2 2 1 0 0 3 0 3 0 2 1 1 0 0 3 0.5927255389 0
0 2 3 1 0 0 0 3 2 1 0 1 0 2 0 2 0 0 2 2 2 2 3 3 3 0 0 3 1 0 2 1 2 2 2 3 2 0 1 0 3 1 3 2 2 3 3 2 1 3 0 0 0 1 3 1 3 2 0 0 0 1 1 3 0.4334666118 0
0 2 0 3 0 0 3 0 2 1 1 3 2 3 1 2 0 0 1 3 3 3 1 3 1 1 3 1 2 3 1 1 1 2 0 2 3 0 0 0 1 2 2 2 0 3 0 1 1 0 3 0 1 1 0 0 0 1 1 0 0 2 1 1 0.2872959339 0
0 1 0 0 1 0 2 1 3 0 2 2 3 1 1 1 1 1 3 1 1 1 3 3 1 2 2 3 2 2 3 1 3 1 0 1 2 0 2 1 0 1 0 3 0 1 3 2 1 1 1 0 0 1 1 2 2 1 0 2 1 0 0 2 0.2984058257 0
3 1 2 1 2 3 0 2 3 1 1 3 3 1 1 1 3 2 1 1 2 2 3 0 1 2 0 2 3 1 2 3 3 3 2 0 1 2 0 3 2 3 0 0 2 0 3 0 2 0 0 1 0 3 0 3 2 1 1 1 0 0 1 2 0.3510801119 0
1 0 1 2 0 3 2 3 0 0 3 1 1 1 0 0 2 3 1 3 2 3 2 2 2 1 0 0 2 1 0 0 3 1 3 1 2 0 3 3 1 1 1 1 3 2 3 0 1 1 3 2 0 0 2 3 1 2 2 2 2 1 2 2 0.3157755779 0
3 2 1 1 2 3 2 2 2 1 0 0 1 2 1 0 1 3 0 1 1 0 1 3 2 1 1 3 3 2 0 0 0 2 1 2 2 0 2 0 2 0 2 0 0 2 3 2 3 0 3 1 1 2 3 2 3 3 2 0 1 0 1 0 0.3142042283 0
2 1 2 2 2 0 3 1 3 3 1 2 3 1 0 2 0 1 0 0 1 1 3 2 1 3 3 2 3 1 0 1 2 3 2 3 3 2 3 1 1 1 0 1 3 1 2 0 2 0 0 0 0 1 1 1 0 2 0 3 2 1 1 0 0.354867572 0
2 3 3 2 0 3 1 1 0 2 3 0 1 3 2 0 0 1 0 2 1 1 1 2 1 1 3 3 1 0 0 1 1 3 2 1 2 3 3 0 1 1 2 0 1 3 1 0 2 3 3 0 1 3 2 3 0 1 1 1 2 2 0 0 0.405805761 0
3 1 0 2 0 1 1 1 3 0 0 2 0 0 0 0 2 3 0 3 1 0 0 2 3 0 3 2 2 0 2 0 0 3 3 3 3 2 2 1 0 0 1 2 3 3 1 3 0 3 2 1 3 0 3 1 1 3 2 3 1 0 3 3 0.3252391005 0
3 3 1 1 2 2 0 1 3 2 1 3 1 3 1 2 1 3 1 1 2 1 1 1 3 2 0 1 1 0 0 1 1 2 0 0 2 1 1 3 2 1 2 3 3 2 3 0 3 0 0 3 1 0 3 2 2 1 3 1 1 1 3 2 0.3847152389 0
2 3 0 0 1 3 1 3 2 1 1 1 0 3 2 0 1 3 0 3 1 1 3 2 0 2 2 2 0 3 2 0 3 1 2 2 2 3 3 1 1 1 2 3 1 3 0 1 1 2 0 2 3 3 2 0 3 2 2 3 2 3 0 2 0.282163914 0
1 2 2 2 2 0 3 3 0 1 3 0 1 1 0 3 2 3 1 0 3 1 0 1 3 0 1 2 1 0 3 3 2 3 3 2 0 1 1 3 1 0 2 2 1 1 1 1 1 1 2 2 3 3 2 2 3 3 0 2 1 1 1 3 0.3228068816 0
1 3 3 3 3 1 0 3 2 2 2 0 0 2 0 0 2 1 2 2 3 3 1 1 3 1 1 0 0 1 3 1 2 1 0 2 3 2 2 0 0 1 2 2 0 0 3 2 2 2 1 1 1 2 1 3 2 0 0 1 3 2 3 1 0.3005423822 0
2 0 3 2 1 1 0 3 1 3 3 2 2 3 2 1 2 2 2 0 2 2 3 3 2 0 3 0 1 2 3 0 0 1 2 3 1 1 0 1 1 3 1 0 3 1 1 0 1 1 2 2 3 0 1 2 3 0 0 0 2 1 1 3 0.3340670182 0
2 2 3 3 2 3 1 2 3 2 2 0 0 2 3 2 0 0 2 0 3 3 0 2 0 2 1 1 1 3 2 3 2 2 2 2 0 3 3 2 3 0 1 2 0 1 0 2 3 2 0 1 1 2 2 0 3 2 2 0 1 0 1 2 0.388756727 0
0 2 1 1 1 3 1 0 1 3 3 0 0 0 1 2 3 1 3 3 0 2 0 1 2 0 1 0 2 2 1 3 1 3 0 2 0 3 2 1 0 0 3 2 0 2 1 2 3 0 2 1 0 0 2 1 3 2 0 3 3 3 0 3 0.2832488209 0
1 3 0 1 3 2 0 1 1 0 0 1 2 2 2 3 3 0 3 2 0 0 0 0 3 0 0 1 2 1 3 0 0 0 3 2 2 1 0 1 3 2 0 3 1 2 1 2 0 2 0 0 3 3 0 3 3 3 1 0 0 3 1 2 0.5653101063 0
0 0 1 0 2 3 2 1 0 3 2 2 0 3 2 1 3 3 0 0 0 3 1 1 1 3 1 1 2 2 3 3 0 1 3 2 2 2 2 2 3 3 3 2 2 0 0 0 2 3 3 1 2 0 1 1 1 1 3 1 2 2 3 3 0.4184720066 0
2 2 1 0 1 3 2 3 2 0 3 3 1 2 3 3 0 0 1 0 2 0 3 2 1 0 2 0 2 1 1 1 2 2 2 3 2 0 3 0 3 0 0 3 3 1 0 3 1 2 2 0 1 1 0 1 3 3 2 2 3 3 3 0 0.2952395024 0
0 0 0 2 0 1 3 3 3 1 0 2 2 0 2 1 1 0 2 2 0 0 2 1 0 3 3 2 3 1 0 3 2 3 2 1 0 0 3 3 3 2 0 1 3 0 3 0 0 3 3 3 3 3 0 1 0 1 1 0 0 3 0 2 0.3478793245 0
2 0 3 0 3 1 1 0 0 1 2 2 1 1 1 2 1 3 2 0 2 2 0 3 0 3 0 0 0 0 0 2 1 2 2 3 0 0 0 2 0 1 3 2 1 0 1 1 1 0 0 1 3 0 2 2 1 3 0 3 2 3 0 3 0.5793615828 0
2 3 2 2 3 3 0 1 0 3 1 0 2 3 1 2 3 0 0 1 1 3 1 0 3 2 2 0 3 0 1 1 2 0 2 1 3 2 0 0 2 0 0 1 2 1 3 1 1 3 1 3 1 3 1 2 0 0 1 0 3 1 0 1 0.375585761 0
3 0 0 2 3 0 2 2 2 1 2 1 2 0 2 1 3 3 0 1 3 0 1 2 1 0 0 2 1 3 0 2 3 3 2 0 0 3 1 3 2 0 2 2 0 0 1 1 1 2 0 2 3 2 2 2 3 2 2 1 1 1 0 2 0.4286189735 0
0 2 1 1 0 2 3 1 1 2 3 2 0 1 3 3 2 1 1 2 3 1 1 0 1 1 0 1 3 0 2 1 3 3 1 1 0 2 2 0 0 0 2 1 0 0 2 2 0 0 3 0 3 2 3 0 2 2 1 0 2 3 1 1 0.375585761 0
2 0 0 2 0 1 3 3 1 3 1 2 0 3 3 2 0 3 2 0 2 2 2 0 2 3 1 2 3 1 3 2 0 0 1 0 2 1 2 1 0 1 3 0 2 1 1 0 0 0 0 0 3 3 1 3 0 1 3 0 1 3 1 0 0.2787472652 0
2 0 3 0 0 1 2 1 3 2 2 3 0 3 2 1 0 2 0 0 2 0 2 2 2 2 2 1 2 0 0 0 1 1 1 1 3 1 1 3 3 1 2 1 0 1 0 0 3 3 3 3 1 0 0 3 2 1 3 3 1 2 3 2 0.3401750436 0
0 2 0 0 2 2 2 0 1 1 0 1 1 1 2 3 3 2 2 3 0 2 2 2 0 2 1 3 3 1 2 2 1 0 2 3 0 1 0 0 2 0 3 2 0 2 2 3 1 1 2 2 3 2 2 2 3 0 3 3 3 1 2 0 0.5071671483 0
2 2 2 1 1 3 1 3 1 0 2 2 3 3 1 2 1 3 1 1 1 0 3 0 2 2 0 1 0 2 3 0 0 3 3 3 2 3 0 2 2 2 0 2 0 2 2 1 2 2 0 3 1 2 2 1 3 2 0 2 3 3 3 1 0.3039881037 0
2 0 0 1 1 2 0 3 1 2 3 0 0 0 1 1 3 1 1 2 1 2 3 2 3 3 2 0 2 1 3 1 1 0 0 1 0 0 3 0 2 2 1 2 1 1 2 0 0 0 1 3 2 2 3 3 2 0 3 0 3 0 0 0 0.347631809 0
3 0 3 2 2 1 1 1 3 2 0 2 1 3 1 3 1 1 3 3 0 3 0 3 2 2 2 0 3 0 2 2 1 3 1 1 3 3 2 1 3 0 1 2 3 0 0 2 2 1 2 1 0 1 3 0 3 3 2 1 0 3 2 3 0.3835303427 0
0 2 0 0 2 0 1 1 0 1 0 2 2 2 2 3 0 3 2 0 2 2 0 3 2 1 1 2 0 2 0 0 1 2 3 1 0 3 3 3 1 1 0 1 1 3 2 2 1 3 0 2 3 3 1 1 2 3 1 0 1 3 2 1 0.7497091866 0
0 2 1 3 2 2 3 3 2 2 2 3 1 2 1 0 3 1 3 0 3 1 1 2 2 2 1 1 1 0 0 1 1 1 1 1 0 1 0 3 0 0 2 3 2 0 0 1 0 0 3 3 1 2 0 1 0 0 1 0 0 3 0 2 0.2898979486 0
3 2 3 0 1 0 0 1 0 3 0 1 0 3 2 3 2 1 0 1 1 2 2 1 3 1 1 2 0 3 3 0 1 3 0 2 1 0 2 1 3 1 2 2 1 0 3 0 0 2 2 1 0 0 0 2 3 0 3 2 1 0 3 2 0.2683632816 0
1 2 3 0 1 3 3 1 3 2 2 3 0 1 0 1 0 0 3 2 0 0 3 1 0 3 3 3 1 2 0 3 3 2 0 2 1 0 0 3 0 3 1 2 1 0 0 2 3 3 3 0 1 1 0 1 2 3 0 2 2 2 1 1 0.502444587 0
0 2 1 3 1 3 3 1 1 2 1 2 3 2 3 3 1 2 2 0 1 2 0 0 1 2 0 1 1 2 0 2 3 0 1 1 0 2 1 2 0 1 2 3 3 1 0 1 2 3 2 2 1 2 2 2 0 2 1 1 1 2 1 0 0.4304465009 0
3 1 3 2 0 0 0 3 2 3 1 3 1 0 3 2 3 1 2 2 0 0 3 1 2 2 2 2 1 3 0 2 3 2 1 2 1 0 0 2 0 2 3 1 2 3 0 0 2 3 3 0 1 2 0 0 2 1 2 3 2 3 1 1 0.3835303427 0
1 3 1 0 0 3 2 2 1 1 1 1 1 0 2 1 0 0 1 2 0 1 1 1 3 1 1 3 0 0 2 0 3 0 2 1 3 3 2 2 1 3 3 1 3 3 1 0 0 0 2 2 0 0 1 2 3 0 1 0 0 0 3 1 0.4126288197 0
0 0 1 1 1 0 0 0 2 0 0 0 1 1 1 2 0 2 2 1 1 1 2 3 1 1 3 1 0 2 0 1 0 2 3 3 0 1 3 1 1 2 2 0 0 1 1 0 3 1 3 2 3 0 3 3 2 2 1 1 1 0 3 3 0.3372814054 0
2 3 1 2 0 3 1 0 1 1 3 2 3 2 1 1 0 2 0 1 0 0 0 3 3 0 3 2 0 3 1 3 0 1 2 3 2 1 2 0 3 3 3 1 0 2 3 2 3 3 0 3 1 2 0 1 2 2 1 0 1 0 1 1 0.4652373999 0
1 2 2 1 3 3 0 1 0 1 2 1 3 2 3 0 2 0 3 0 1 1 0 3 2 3 3 3 0 1 3 2 1 0 3 0 3 1 1 3 1 2 3 2 1 2 1 2 3 3 3 3 2 1 2 2 1 0 1 2 0 2 3 2 0.4350933762 0
0 2 2 1 0 2 1 1 2 2 3 2 3 2 2 2 0 2 0 2 2 2 0 3 1 1 1 0 3 2 1 1 1 1 2 0 2 1 3 3 0 3 0 1 3 0 3 3 1 3 2 0 2 1 0 0 2 0 3 2 2 1 2 1 0.2879579716 0
1 0 1 0 3 1 1 3 0 3 2 1 0 0 0 0 2 0 2 3 3 3 2 3 0 2 2 2 1 1 2 0 3 2 0 3 2 2 2 0 0 0 1 1 1 3 2 0 3 3 0 2 3 3 0 0 1 3 1 1 3 2 0 3 0.3295815643 0
0 3 2 1 0 0 1 1 1 3 2 0 2 3 2 2 1 2 1 0 0 0 0 3 3 2 3 2 1 0 2 1 2 2 1 1 1 1 3 2 2 0 1 1 1 2 1 3 0 1 3 3 2 0 2 2 0 2 2 1 1 3 2 3 0.2891304047 0
0 0 3 1 3 2 3 0 1 0 0 0 1 2 0 1 2 0 0 2 2 2 0 2 2 3 3 2 1 2 2 3 3 1 0 1 1 3 0 2 3 2 3 3 0 2 2 0 0 3 0 1 1 3 1 1 1 0 2 1 1 2 1 2 0.3728015723 0
2 0 3 0 1 0 0 2 2 1 1 0 2 2 3 1 3 3 0 2 2 3 1 3 0 0 1 3 0 0 2 2 3 3 3 3 3 1 2 0 1 0 0 3 3 2 2 0 1 0 0 0 0 0 0 3 2 2 1 0 1 3 2 2 0.2962056604 0
0 3 1 2 1 3 1 1 1 0 1 3 3 3 3 2 2 0 1 1 3 1 0 3 3 3 3 2 3 3 0 0 2 3 1 0 3 2 2 2 0 2 1 2 0 3 0 0 3 1 2 3 0 3 3 2 0 2 1 3 3 1 2 2 0.4032263621 0
2 3 1 3 1 3 0 0 3 1 1 3 1 3 0 2 3 1 3 2 1 1 1 3 2 2 1 0 1 3 2 0 0 1 1 2 3 3 0 0 2 3 1 0 2 1 0 2 0 2 2 2 2 0 3 1 3 0 2 0 2 0 0 1 0.3326052574 0
0 0 3 3 0 0 0 3 2 0 2 2 0 0 1 1 1 1 1 3 3 1 3 3 1 0 1 2 2 0 2 2 2 0 3 0 0 3 0 3 2 0 2 3 0 2 0 1 2 3 2 2 3 3 1 3 2 3 0 2 2 1 0 0 0.3528503646 0
0 3 2 0 2 2 0 2 0 0 2 2 3 0 3 3 1 2 1 0 1 2 0 0 3 2 1 3 1 0 1 2 1 1 2 2 3 3 2 3 0 2 2 2 0 2 1 0 1 1 3 0 2 0 2 0 1 2 3 3 1 3 0 1 0.3238107005 0
2 1 2 0 0 1 2 3 2 2 2 3 0 1 2 1 0 2 0 0 1 0 1 1 3 2 3 0 2 0 0 2 2 3 0 3 0 3 3 0 0 0 0 3 3 3 3 2 1 2 1 2 2 2 1 2 0 3 1 3 1 1 0 1 0.3089074808 0
0 0 3 3 3 1 1 3 1 2 3 3 1 1 0 3 3 3 2 2 0 1 1 2 2 3 1 1 2 2 2 1 3 0 0 1 3 3 3 0 1 0 1 1 1 1 0 3 3 2 3 0 1 2 0 3 0 3 1 0 3 1 0 2 0.5152043878 0
2 3 3 3 1 3 1 0 3 1 1 1 3 0 1 0 2 2 2 2 0 3 0 1 0 1 0 1 3 1 2 3 2 1 2 1 3 2 3 3 3 0 2 1 0 2 3 3 1 0 3 1 0 3 3 1 2 1 2 2 1 0 1 1 0.3193901603 0
3 2 3 2 1 2 0 2 2 0 2 2 3 1 0 1 1 1 2 3 3 0 3 1 2 0 1 1 2 2 0 1 2 0 0 2 1 1 1 2 3 3 3 3 0 2 1 0 0 0 1 0 3 2 1 0 3 3 0 1 3 3 0 1 0.4851617504 0
2 0 1 2 2 2 2 3 0 2 1 3 3 3 1 3 1 3 2 1 2 1 3 3 3 2 2 1 2 1 2 2 1 2 3 0 1 2 2 1 1 3 3 3 0 3 3 3 1 0 0 0 1 2 2 3 0 0 1 0 1 3 3 2 0.2818433204 0
1 3 1 2 0 0 2 3 2 2 0 3 0 3 0 2 2 1 3 0 2 2 0 3 1 3 2 2 2 3 1 0 0 3 2 3 1 1 0 2 2 1 3 2 2 0 1 0 2 2 3 3 3 3 2 0 0 3 2 1 1 3 3 1 0.4667782661 0
2 0 0 2 1 0 3 1 2 1 3 2 1 3 1 1 0 1 2 3 3 3 2 2 2 3 2 2 0 3 3 3 0 1 0 3 0 3 3 2 3 1 3 0 0 2 1 3 0 1 3 0 1 1 1 0 2 1 0 3 2 0 0 3 0.4365680863 0
0 3 2 1 3 1 0 1 3 1 2 2 2 2 0 0 0 2 1 3 0 2 1 0 0 1 0 0 0 3 0 2 1 3 0 1 2 2 3 0 3 0 0 2 3 3 2 3 2 2 0 0 3 2 3 2 2 3 2 2 2 3 0 0 0.3921195512 0
0 0 1 1 1 0 2 2 0 3 1 1 3 2 3 1 1 3 2 1 2 0 0 0 1 1 1 2 1 1 0 0 1 0 0 2 1 0 0 0 3 2 0 1 1 2 3 2 3 1 3 3 0 0 2 0 0 1 0 2 2 0 0 1 0.4848989064 0
3 3 3 0 3 2 1 0 3 1 2 1 1 0 1 0 2 0 3 3 2 1 1 2 2 1 2 1 3 1 0 0 3 0 0 3 2 0 0 3 1 1 1 3 1 2 3 3 0 3 3 3 3 3 0 3 1 0 2 0 3 1 2 0 0.4427428728 0
0 0 0 0 2 1 1 0 2 0 1 3 0 2 3 0 3 0 1 1 1 3 0 3 3 3 1 0 0 3 2 2 0 3 1 0 0 0 2 2 3 1 3 3 0 1 1 1 2 3 1 1 2 1 0 1 3 2 3 0 1 0 2 2 0.4913113614 0
0 0 0 0 1 1 2 0 0 0 0 2 3 1 2 2 3 3 0 2 3 0 1 0 1 1 1 0 2 1 2 2 0 0 3 2 3 0 0 2 3 2 3 0 0 0 3 1 2 1 0 2 3 1 1 2 3 1 3 0 3 2 1 0 0.3655178698 0
1 1 2 2 3 0 3 1 2 0 0 1 2 3 0 3 2 1 3 3 2 3 1 2 0 2 3 0 2 1 3 0 0 3 2 3 3 3 3 1 2 0 3 1 0 3 3 1 1 2 0 2 2 0 3 2 0 1 0 2 3 1 2 1 0.304978078 0
0 3 2 3 0 1 2 3 0 0 1 0 1 3 3 1 2 0 3 3 0 1 3 1 2 0 2 0 3 1 0 3 3 3 2 3 1 2 1 2 3 0 0 2 0 3 1 2 0 1 1 3 0 2 0 1 0 2 0 0 1 1 0 1 0.2804379536 0
3 0 1 2 2 0 2 2 3 3 0 0 2 0 0 3 3 2 3 0 1 2 3 3 0 2 3 1 3 1 2 2 2 2 2 2 2 2 1 0 2 2 3 0 0 3 3 1 0 2 1 2 0 1 2 3 3 2 1 1 0 3 3 3 0.3231524682 0
0 0 2 0 2 0 2 3 1 0 1 2 3 2 3 0 1 1 0 3 1 3 3 3 2 1 1 2 3 0 0 1 0 2 3 0 2 3 3 0 2 0 2 1 0 0 1 2 2 0 3 2 2 1 0 1 3 1 0 2 3 3 2 3 0.6492741221 0
1 2 2 0 2 2 3 2 2 0 2 2 2 0 2 3 0 2 1 0 1 1 3 0 0 1 2 0 0 3 3 1 0 2 0 3 3 1 3 0 0 2 0 3 0 2 2 0 2 1 3 0 1 0 0 0 2 3 3 3 2 3 2 0 0.4091647842 0
2 2 0 2 2 1 2 1 2 0 2 2 2 2 3 0 0 2 1 2 1 1 0 1 3 3 0 0 3 2 2 3 3 1 3 1 3 0 3 0 2 0 1 1 3 0 1 3 3 3 1 1 3 0 1 0 0 0 0 0 3 3 0 0 0.3750983214 0
0 3 0 0 2 3 0 1 1 1 2 0 3 0 1 2 3 0 1 2 2 0 3 1 1 3 0 3 0 3 0 3 2 3 0 0 2 2 3 1 1 1 0 0 3 0 1 3 3 2 0 2 1 2 0 1 1 3 1 0 2 3 3 3 0.3439144051 0
0 3 3 0 2 0 1 0 0 0 1 2 1 1 3 3 1 2 0 0 0 3 0 1 0 0 3 1 0 1 2 1 3 3 2 3 1 2 2 2 1 1 1 1 1 0 3 3 3 0 1 2 3 3 1 3 1 3 2 3 2 1 3 0 0.3804245211 0
1 3 2 0 3 0 1 3 2 0 2 0 3 0 2 3 3 0 3 3 3 0 3 3 1 3 2 1 1 1 3 3 0 1 0 0 3 3 2 1 2 3 2 2 0 2 3 3 1 2 2 0 0 2 0 2 1 1 2 0 2 1 3 0 0.288449724 0
1 3 1 0 3 0 2 1 1 2 2 1 2 3 1 2 3 2 3 2 2 0 2 3 1 3 0 0 0 1 2 3 0 2 0 0 2 0 2 1 0 0 1 0 0 2 2 3 1 0 2 0 2 3 3 0 2 0 3 3 0 1 0 0 0.3087365277 0
0 3 2 1 2 0 2 2 2 0 1 3 1 3 1 3 1 2 3 3 2 1 0 2 3 1 0 3 1 0 3 0 0 3 3 1 0 3 3 1 1 0 1 2 2 3 1 0 2 3 1 2 1 2 2 1 3 3 2 3 0 1 2 1 0.3360827636 0
0 0 3 3 0 1 1 3 1 3 1 1 1 2 2 0 0 0 2 3 0 2 0 1 3 2 3 3 1 1 3 3 1 1 0 3 1 1 3 0 3 1 1 2 2 0 3 0 3 1 3 1 1 1 1 0 3 0 1 2 1 0 3 0 0.4405203074 0
1 2 3 1 1 3 1 0 2 3 1 1 0 0 2 3 0 1 1 1 0 3 2 0 0 2 0 3 1 3 0 0 0 1 3 0 2 1 1 1 1 2 1 0 2 2 0 2 2 1 1 2 3 1 1 0 0 0 1 1 0 0 0 0 0.4422167805 0
0 2 3 3 2 2 2 2 3 2 1 0 3 3 1 3 1 1 3 1 0 1 1 3 2 1 3 0 1 3 3 0 2 1 1 0 1 2 3 1 0 2 2 0 0 3 2 3 1 0 3 2 2 3 2 1 3 1 3 2 2 1 3 0 0.3255563301 0
2 1 1 1 1 0 1 0 0 3 2 3 3 3 2 2 0 2 0 2 0 3 1 0 3 1 3 1 2 1 0 2 1 0 2 0 2 2 3 2 2 2 0 3 1 3 3 0 3 0 3 1 2 1 3 2 1 1 3 0 0 3 3 2 0.5309869398 0
3 2 1 3 0 0 1 2 3 3 2 2 0 1 0 3 0 3 2 2 1 3 3 3 2 2 0 2 2 0 1 1 2 0 1 2 3 1 2 0 0 1 1 3 0 3 2 3 2 1 3 1 3 1 2 0 3 1 1 3 3 3 2 0 0.3986465794 0
1 1 0 3 1 1 2 2 1 0 3 3 3 0 0 3 3 0 1 0 1 3 2 3 1 1 3 0 2 2 2 1 1 0 3 3 1 3 1 0 0 0 0 3 1 1 3 0 1 1 0 3 3 1 3 0 1 1 0 3 0 2 3 3 0.3847411572 0
1 1 3 3 1 2 3 0 2 2 3 2 3 1 1 1 3 2 3 3 0 3 2 0 1 0 1 0 3 3 1 1 3 1 0 3 3 1 1 3 3 3 0 0 3 3 2 3 2 1 2 0 2 0 2 1 3 1 2 2 2 0 3 0 0.3202646091 0
3 2 0 1 1 2 2 2 3 2 2 3 1 1 2 0 0 2 3 1 1 1 2 2 1 3 2 1 3 3 3 1 3 0 0 2 0 0 0 2 1 1 2 0 0 0 0 0 3 1 1 0 0 2 1 1 1 2 3 1 0 0 2 1 0.3295815643 0
0 1 3 1 3 0 0 3 2 1 2 1 0 1 1 0 3 1 3 0 3 2 3 1 2 2 1 3 0 0 0 1 3 1 0 0 0 1 1 3 1 0 1 0 1 0 2 0 2 3 0 0 3 0 2 2 3 1 0 1 3 2 2 3 0.3255563301 0
3 1 3 1 1 1 3 1 1 1 3 2 2 2 2 0 3 3 3 2 2 3 1 2 1 2 1 1 3 2 3 1 2 3 2 1 3 2 2 0 3 0 2 2 1 3 3 3 3 1 0 2 0 1 2 2 0 3 0 0 0 2 1 3 0.5753259091 0
2 0 0 2 3 0 2 3 2 3 2 0 3 1 2 1 2 2 1 1 2 3 2 0 2 3 2 0 1 0 3 1 0 2 0 2 1 0 2 2 2 1 2 1 2 0 0 0 0 0 3 2 0 0 0 3 0 1 2 0 3 0 3 2 0.3799789393 0
3 2 3 0 3 2 1 3 1 0 2 1 1 2 1 2 1 0 1 1 3 3 3 2 0 1 2 2 3 0 1 2 2 2 1 0 2 2 0 1 1 2 1 3 3 3 2 0 1 1 1 0 0 3 2 1 1 1 3 0 2 1 3 2 0.3589425676 0
2 0 1 3 0 3 1 1 3 2 3 2 2 1 2 0 0 0 3 3 3 2 0 0 0 0 2 2 2 0 3 2 2 1 0 1 2 0 2 2 0 2 3 0 1 3 2 0 2 3 2 3 3 2 0 2 1 3 0 0 1 3 1 0 0.3302867025 0
1 2 2 3 1 2 0 0 2 2 0 1 3 1 3 0 3 0 0 0 1 2 3 2 0 0 0 3 3 2 3 2 3 1 3 2 0 0 1 3 2 1 0 3 2 2 2 2 1 1 0 1 0 0 0 0 0 3 3 0 3 3 1 2 0.3835303427 0
2 0 0 3 0 2 0 3 1 2 0 2 2 1 1 1 1 2 0 2 1 0 0 2 2 1 3 3 0 0 3 2 0 3 1 2 1 0 1 2 1 3 0 1 1 0 1 1 2 3 2 3 2 2 3 1 2 0 1 2 0 1 2 0 0.3474320193 0
0 1 3 1 1 1 2 1 0 2 1 3 1 0 1 0 0 2 3 1 3 3 3 0 1 0 2 2 2 2 2 1 3 1 1 0 1 0 2 3 2 1 1 2 2 2 3 0 1 0 3 1 3 0 0 1 0 0 0 2 0 2 0 0 0.4126288197 0
1 1 0 1 0 3 1 3 2 2 2 3 1 3 3 3 3 0 2 2 1 1 1 0 0 3 0 3 2 0 0 1 1 2 2 3 0 1 0 3 3 1 0 2 0 1 3 0 2 1 3 2 3 2 2 2 1 2 0 2 2 3 1 2 0.316095712 0
3 2 3 3 1 1 1 2 3 1 3 3 1 1 2 3 3 0 3 3 2 1 1 3 0 0 3 3 3 0 0 1 0 0 3 0 2 0 0 0 0 2 1 0 1 2 3 0 0 3 2 1 3 2 1 2 0 2 2 1 3 3 3 2 0.3648032809 0
0 1 3 2 2 3 1 3 1 2 3 3 2 2 2 0 2 0 3 3 0 0 3 2 0 1 2 3 0 1 2 2 1 2 3 1 2 0 2 1 2 0 1 1 2 3 1 3 2 0 2 3 2 1 3 1 3 0 0 0 2 3 1 2 0.3238107005 0
2 0 0 0 2 2 3 2 0 0 2 0 3 0 2 2 2 2 3 3 2 0 0 0 3 0 1 0 0 0 3 0 1 2 3 1 2 0 2 1 1 2 1 1 1 1 2 2 2 0 0 2 0 2 1 3 0 2 1 1 0 0 1 0 0.2879030161 0
1 0 2 2 0 3 1 0 3 3 1 2 2 0 3 3 3 1 3 3 2 3 2 2 3 0 2 3 3 3 1 0 2 0 3 2 2 2 2 0 0 3 3 2 2 1 2 3 3 3 2 2 2 3 3 2 0 3 2 1 2 0 2 0 0.2943533781 0
2 0 3 0 3 0 3 1 1 1 0 2 3 3 1 1 0 2 1 1 3 0 0 0 3 0 0 3 3 3 1 3 2 2 2 1 1 3 3 3 0 1 3 3 2 1 2 0 3 2 0 0 0 3 1 0 1 0 1 2 0 1 2 2 0.4723770193 0
3 1 2 3 2 2 3 0 2 1 3 1 0 2 3 0 2 1 2 1 3 2 1 2 1 3 0 1 3 1 3 2 2 1 3 3 0 0 1 0 2 1 2 2 0 0 0 0 1 1 3 3 0 1 2 1 1 1 2 0 0 2 3 0 0.5996278455 0
0 1 2 0 2 2 2 3 0 3 1 3 1 3 1 0 3 3 0 1 3 3 3 2 1 2 1 2 3 2 3 3 3 0 1 0 1 2 2 0 3 3 1 3 3 3 2 3 1 0 1 1 2 2 2 0 2 0 2 2 2 3 0 3 0.3437047206 0
2 3 1 2 2 1 3 1 0 3 2 1 0 0 1 0 2 0 3 3 3 0 3 3 3 1 3 2 3 2 2 2 2 3 3 2 0 2 0 1 3 0 0 0 0 2 1 0 2 2 0 1 3 0 0 3 0 3 1 0 3 2 2 1 0.3598427328 0
1 0 3 0 3 1 3 0 2 1 3 2 1 2 1 0 3 1 3 1 2 2 1 3 3 1 0 2 0 1 2 3 0 1 0 3 3 0 3 1 1 1 0 2 1 2 2 0 1 1 1 0 1 0 2 1 0 0 1 0 3 2 1 0 0.3005423822 0
1 1 2 2 0 2 0 0 2 0 3 0 1 2 3 0 3 3 0 0 0 3 1 1 3 3 0 1 1 0 2 1 0 1 3 1 2 3 3 0 1 1 2 0 0 1 1 1 2 1 3 1 3 3 0 3 3 1 0 0 0 1 1 0 0.5531708459 0
0 1 1 2 1 0 2 3 3 3 3 0 1 3 1 3 0 2 3 1 1 0 1 2 1 3 3 3 3 2 2 3 1 3 2 2 3 2 2 1 0 2 2 1 3 1 2 3 2 0 3 1 2 0 0 2 1 0 1 1 1 3 2 2 0.311497102 0
0 3 3 2 2 2 1 0 2 0 1 3 1 3 0 0 2 3 0 2 1 0 2 0 3 1 1 2 2 2 1 2 2 3 0 3 1 2 3 1 1 0 1 2 3 3 0 3 2 0 0 1 0 0 2 1 0 0 1 1 3 3 0 1 0.4762155517 0
1 2 3 0 1 3 2 2 3 0 1 1 1 3 0 3 0 2 0 3 3 3 3 2 2 1 3 0 2 3 0 0 3 1 0 2 1 1 2 2 3 3 2 3 2 0 0 2 0 3 3 0 3 1 0 2 3 1 1 2 3 2 0 0 0.3136111207 0
0 0 0 2 3 0 3 2 3 3 0 3 2 3 1 1 0 3 3 0 1 0 2 0 2 1 0 2 2 2 1 2 3 2 0 2 3 2 1 0 0 0 2 2 2 3 2 1 2 2 0 2 2 0 1 3 2 1 0 2 2 2 0 3 0.3269121948 0
2 1 3 2 2 3 0 1 3 1 2 1 0 0 1 2 0 3 2 0 0 2 0 3 2 1 3 2 3 0 0 1 2 1 3 1 0 0 3 1 3 1 1 2 2 0 1 3 0 2 3 3 2 1 1 3 0 1 1 0 2 3 3 3 0.2995271242 0
2 2 1 1 3 1 1 0 2 3 0 0 1 2 2 1 0 1 2 2 3 2 2 1 2 1 3 0 1 2 0 2 2 1 1 2 0 0 0 0 3 0 0 1 3 2 3 2 3 1 2 2 3 3 3 0 0 1 3 3 3 1 1 0 0.2852984217 0
2 0 1 0 1 1 3 0 2 1 3 2 1 0 2 0 2 3 1 2 3 2 0 2 2 0 1 1 3 2 0 1 3 1 2 3 2 0 0 2 1 1 1 0 0 3 3 3 2 2 0 2 2 2 3 0 1 1 3 1 0 2 3 1 0.3295815643 0
1 1 3 0 2 1 0 3 1 1 0 1 1 3 3 2 2 1 2 2 2 0 1 0 3 2 1 0 0 0 1 1 1 3 3 2 1 0 3 2 3 2 1 2 0 0 3 1 3 1 0 2 1 3 1 0 1 3 1 3 3 3 0 2 0.2958353457 0
2 3 1 3 2 2 0 2 1 3 2 0 0 1 0 1 1 1 2 1 0 0 0 2 1 1 3 1 3 1 2 1 1 2 3 0 2 3 3 3 2 0 2 2 3 1 1 2 0 2 2 1 1 1 1 3 1 1 1 2 3 1 0 3 0.3560003902 0
3 3 1 0 1 2 3 0 1 0 2 0 2 2 2 1 1 0 0 3 0 0 0 2 3 3 1 0 3 1 1 0 2 1 2 1 1 1 1 1 2 0 0 0 2 1 3 2 1 2 0 2 3 1 2 2 0 2 1 0 2 3 2 1 0.3581352247 0
1 2 2 3 2 2 1 3 2 0 1 2 3 0 2 1 0 1 2 1 1 3 0 3 2 2 2 3 1 0 0 1 1 0 1 1 0 0 0 3 1 2 3 2 1 3 0 0 2 0 0 1 3 0 2 3 3 3 0 3 2 0 0 0 0.3632784829 0
2 3 3 0 1 0 1 3 0 1 3 0 2 0 1 3 1 0 2 1 3 0 3 2 3 1 3 0 2 0 3 0 2 2 0 1 0 3 2 0 0 3 1 1 3 2 2 0 2 0 0 0 0 0 2 2 1 3 1 0 2 2 0 0 0.6492741221 0
0 2 3 2 3 1 1 3 3 3 2 2 0 3 0 3 2 0 2 0 1 1 0 1 3 3 1 1 3 3 1 0 3 3 0 1 3 1 0 1 0 3 0 1 1 2 0 2 0 3 3 1 2 0 1 0 1 3 3 3 2 2 1 1 0.363892531 0
3 3 3 2 1 0 3 1 2 3 0 2 3 3 0 2 0 3 2 3 1 0 0 2 3 1 1 2 0 0 0 2 2 2 3 3 0 0 1 0 1 2 1 0 1 3 1 2 2 1 2 0 0 1 0 3 0 2 1 0 1 2 0 2 0.2887244073 0
2 2 2 1 0 1 3 3 3 0 2 3 2 0 3 3 2 1 3 1 1 3 0 3 1 2 1 1 0 1 0 1 0 0 3 1 1 0 2 2 1 0 3 2 1 2 3 0 1 3 3 1 3 3 2 2 3 0 0 1 1 3 2 1 0.3364806498 0
2 2 2 2 0 3 2 3 0 1 2 0 2 1 1 2 3 1 1 2 1 1 1 1 3 3 1 0 0 3 3 1 2 1 2 2 0 3 0 3 1 2 2 1 3 3 0 0 0 3 1 1 1 3 3 2 0 0 2 1 2 1 2 2 0.3590281797 0
1 1 3 0 1 0 1 1 2 3 2 0 1 2 3 3 1 3 1 3 2 1 0 0 2 3 0 3 1 0 2 2 3 2 2 0 0 2 0 1 3 2 0 3 1 3 3 3 3 0 0 0 2 0 1 0 3 0 1 0 0 0 3 0 0.282163914 0
0 3 0 1 0 3 3 2 1 1 2 3 0 3 0 0 0 3 1 1 2 2 2 3 2 2 1 3 0 2 2 0 2 0 3 2 3 0 2 3 0 3 2 3 0 2 0 0 3 3 1 1 0 1 3 0 0 1 2 3 3 3 3 0 0.3950774274 0
1 1 3 0 3 3 1 3 2 3 1 1 1 0 3 2 1 1 0 3 3 2 1 0 1 3 1 3 2 0 2 3 2 0 3 2 3 2 2 3 2 3 1 0 1 2 1 2 1 3 2 0 2 2 0 0 1 2 2 1 3 3 1 1 0.4661873765 0
1 3 3 2 2 0 1 2 3 0 1 0 0 1 0 2 0 3 3 2 0 0 2 0 0 0 1 2 2 0 3 0 3 0 2 1 2 2 3 3 1 1 2 2 2 3 3 0 3 1 1 3 1 1 3 1 1 0 3 0 3 2 2 1 0.3023333468 0
0 1 2 3 3 1 3 0 2 3 2 1 2 2 1 2 1 1 1 0 3 3 1 1 2 0 2 3 3 2 3 1 2 3 1 2 3 0 3 3 1 2 0 0 2 3 1 3 3 0 2 2 2 2 2 1 3 1 2 2 3 0 1 2 0.3220834037 0
2 3 2 3 0 1 3 0 3 0 2 2 2 1 1 1 0 1 3 3 0 2 3 0 3 2 1 0 1 3 0 0 1 2 0 2 3 0 0 2 3 3 1 1 2 1 3 0 0 0 3 1 3 2 3 0 3 3 2 1 1 3 3 2 0.4086683057 0
0 0 3 0 0 3 3 0 2 2 1 1 1 2 1 2 0 3 0 1 1 2 3 1 0 2 1 2 2 3 2 2 0 0 1 3 2 3 3 1 0 1 0 2 2 1 2 1 2 3 1 3 3 2 3 3 2 0 0 0 1 0 2 0 0.4472135955 0
2 3 3 3 0 1 2 2 1 3 3 1 3 2 3 1 3 1 0 2 0 1 1 3 0 2 1 3 0 3 1 3 1 1 3 2 2 3 3 3 1 0 0 0 1 2 3 2 3 3 0 2 2 3 3 0 0 0 2 2 3 2 1 3 0.4286189735 0
2 0 3 0 3 2 3 3 1 0 2 3 3 2 2 1 1 0 3 0 1 2 2 3 0 1 3 1 1 1 3 2 1 1 2 3 3 2 3 3 2 0 1 0 2 1 3 2 2 3 0 0 0 3 0 3 1 3 0 2 1 3 1 0 0.4158211051 0
0 2 3 0 2 2 0 3 0 0 2 3 0 3 1 2 1 2 0 3 2 1 1 0 1 3 1 2 3 3 0 3 0 2 3 1 0 1 3 3 2 0 3 2 0 3 3 2 1 0 1 2 3 0 1 3 1 1 3 2 1 0 1 1 0.3018893954 0
2 2 3 1 1 2 2 0 0 1 1 1 2 3 0 0 0 2 3 2 0 2 2 3 2 3 2 3 1 0 3 1 3 3 2 1 3 2 0 0 0 1 3 1 1 3 3 0 2 2 1 0 2 2 2 3 3 0 0 0 2 2 1 0 0.388756727 0
1 2 3 1 2 1 0 3 3 2 3 0 2 3 1 3 0 1 2 2 2 2 2 1 2 1 2 0 3 1 0 0 2 3 3 0 0 0 3 0 0 0 2 3 3 0 2 3 0 1 0 2 0 2 3 3 2 0 0 2 1 1 3 2 0.3493409129 0
2 3 3 1 2 3 2 3 1 2 1 1 3 1 2 0 3 3 2 2 0 2 0 3 1 1 1 2 1 0 2 1 2 1 1 2 0 3 1 0 1 1 2 3 2 2 2 2 2 2 1 3 1 2 2 0 1 1 1 1 3 1 2 2 0.5224970719 0
3 3 3 0 1 2 1 2 2 3 1 2 2 2 2 0 2 2 2 0 2 2 1 0 1 1 3 1 2 3 3 2 3 2 2 0 1 2 2 3 3 1 0 3 3 3 2 1 3 0 3 0 0 3 2 2 3 2 2 1 3 2 1 1 0.379261948 0
3 0 0 1 2 3 3 3 3 0 1 1 3 1 1 3 1 3 2 1 2 0 2 0 0 3 1 3 1 1 2 0 3 3 0 1 2 3 0 0 0 2 0 2 0 2 3 0 1 2 0 1 2 2 1 3 2 2 3 3 1 2 3 1 0.3209025758 0
2 3 0 1 0 1 0 1 1 0 3 3 2 0 1 1 3 0 0 1 1 0 3 2 3 0 1 0 3 0 3 2 0 0 2 2 0 2 3 2 3 0 0 1 1 2 1 0 3 1 0 1 3 3 2 0 3 3 1 2 0 3 0 0 0.3981184798 0
0 3 3 1 2 2 3 1 0 0 0 0 2 1 3 2 2 2 1 2 0 0 0 2 2 3 3 2 0 2 2 3 3 3 0 0 0 2 3 1 2 0 1 0 0 1 1 1 2 1 3 3 3 1 0 0 2 1 1 0 2 0 1 2 0.4142135624 0
3 0 3 3 1 3 3 0 2 2 0 0 3 1 2 2 1 0 3 3 2 1 3 1 2 1 0 2 2 2 2 3 2 3 3 1 1 0 2 0 3 3 1 3 1 2 0 1 0 1 0 3 1 0 0 1 2 3 3 2 0 0 0 0 0.3125742828 0
1 0 3 0 1 3 2 1 2 0 3 2 3 2 3 1 3 1 3 3 3 1 0 0 1 2 2 0 3 2 0 0 3 0 0 2 3 2 0 2 2 2 0 0 1 0 1 0 3 1 1 1 1 3 1 3 0 2 0 2 1 3 0 0 0.4334666118 0
0 0 3 3 2 1 3 0 2 0 1 3 0 2 0 2 2 2 1 2 2 2 0 0 2 0 3 3 2 1 1 3 0 0 0 3 0 0 2 1 3 0 3 2 3 3 3 1 0 3 3 2 0 0 3 1 3 2 1 0 0 3 3 2 0.3393665452 0
2 3 3 3 0 3 0 1 0 3 3 2 3 1 2 0 3 0 0 1 3 0 1 3 0 3 1 1 1 1 2 3 2 3 2 0 1 0 2 1 1 2 2 3 2 3 3 2 3 2 2 1 1 2 0 1 1 0 1 3 1 2 0 1 0.4065065452 0
3 3 1 1 0 0 2 1 2 2 0 0 2 3 1 0 0 0 1 3 3 3 3 1 3 0 2 3 0 1 3 2 1 0 3 0 1 1 2 0 2 0 2 0 2 3 3 0 0 3 1 3 1 2 0 0 1 0 0 3 2 0 0 3 0.3092983413 0
2 0 0 2 1 3 3 3 3 2 1 1 3 1 2 3 2 1 2 2 1 3 0 0 3 1 2 3 0 0 2 0 2 2 3 2 3 2 0 3 3 1 1 1 3 1 3 2 2 2 0 3 1 1 1 2 0 1 2 1 3 1 0 1 0.4438190372 0
2 3 1 1 2 2 1 0 1 0 1 3 3 3 3 2 3 3 0 1 0 1 0 0 2 2 3 0 2 3 2 3 3 2 2 0 0 0 3 1 0 1 0 1 1 0 1 1 0 1 0 0 1 0 2 1 0 3 0 3 1 0 0 3 0.379261948 0
3 3 0 3 0 3 2 0 1 1 2 3 2 1 0 3 2 3 1 3 3 1 3 1 0 1 3 1 0 2 1 2 2 3 0 2 3 2 3 3 1 2 1 1 2 1 2 0 3 1 2 2 2 2 2 1 0 0 1 2 3 2 2 0 0.363892531 0
1 2 0 2 1 3 2 2 1 3 1 2 3 3 0 1 0 1 2 3 1 1 2 2 2 0 0 1 3 2 2 3 1 2 0 1 0 1 0 1 0 1 1 2 3 2 2 3 0 3 2 0 2 0 0 2 3 1 3 0 0 1 0 1 0.3388867118 0
3 1 2 1 2 0 2 0 1 0 2 0 1 1 0 2 1 0 1 2 1 2 0 3 3 2 1 2 1 2 1 0 1 0 1 1 0 1 3 1 1 3 3 2 0 2 0 3 0 0 0 1 3 1 1 2 3 0 0 0 0 1 2 3 0.3364806498 0
2 0 1 1 2 3 1 2 2 2 1 2 3 1 3 0 1 3 3 0 2 2 3 2 2 3 2 3 3 2 3 0 2 3 0 2 3 1 0 3 0 0 3 3 2 3 0 0 2 3 3 3 0 0 0 2 3 0 0 2 3 0 0 0 0.3477554889 0
3 0 0 3 2 1 3 1 1 1 0 0 1 3 0 0 2 1 0 2 2 0 1 1 3 2 2 3 1 2 1 2 2 3 0 0 1 3 2 2 3 1 0 1 0 2 2 2 0 0 2 1 3 1 0 2 2 2 1 1 0 2 1 1 0.4042044739 0
1 3 3 2 3 2 1 2 2 3 2 0 1 3 0 0 2 3 0 1 3 2 3 3 1 0 2 2 1 3 0 0 3 0 1 3 2 2 3 2 2 0 1 2 0 3 1 3 1 1 2 2 3 3 1 2 0 3 2 1 3 0 1 3 0.2841867477 0
0 1 0 0 0 0 3 0 2 2 1 1 0 3 1 3 1 2 3 3 2 2 0 0 1 3 1 3 3 2 2 0 2 3 2 1 1 0 1 2 2 3 1 2 0 2 2 1 2 1 1 1 0 1 3 0 2 0 1 1 0 2 3 1 0.3372389691 0
0 0 3 2 2 0 3 0 0 2 1 3 0 0 3 2 3 3 3 1 0 0 2 3 2 2 2 1 2 2 2 2 3 2 0 2 3 1 1 2 3 0 1 0 2 0 1 2 1 3 1 0 3 0 3 1 3 3 3 3 0 2 3 0 0.3816000776 0
1 3 3 3 1 0 3 2 1 1 2 2 2 2 2 3 3 1 3 3 2 3 2 3 1 2 0 0 3 0 3 0 1 2 0 2 3 2 2 0 1 1 2 1 0 1 0 0 1 0 2 1 1 3 1 0 1 0 1 2 2 1 1 3 0.2898979486 0
1 3 3 2 1 3 1 3 2 0 1 2 3 3 3 3 2 3 2 0 1 2 2 0 3 0 3 3 3 0 0 0 1 0 0 1 1 2 1 0 3 3 3 3 1 3 2 1 3 1 0 0 2 3 2 1 1 0 3 3 2 0 3 0 0.3238107005 0
2 2 1 3 3 1 1 3 1 0 2 0 1 0 2 2 2 1 1 0 0 0 2 2 3 2 2 2 1 1 1 2 2 2 0 0 3 0 3 0 2 0 0 3 1 0 1 0 2 0 1 1 0 1 3 1 0 2 3 1 3 2 2 3 0.309647329 0
0 1 2 2 2 0 0 2 0 0 2 1 3 1 3 0 0 0 1 2 1 1 3 2 2 3 0 3 2 3 0 1 0 3 0 1 0 1 3 3 3 0 2 2 0 1 3 2 3 0 2 1 3 2 0 1 0 1 1 3 2 2 2 0 0.304113536 0
2 3 2 0 1 3 3 0 2 2 2 1 0 1 0 2 2 2 0 1 2 1 2 3 0 3 0 1 2 0 3 3 3 2 2 1 1 1 1 3 3 1 1 3 0 3 1 2 2 2 1 0 2 1 3 0 2 2 1 0 3 3 1 3 0.3302867025 0
3 3 3 2 0 1 0 3 1 0 0 1 3 0 0 2 3 0 3 1 2 0 2 1 0 1 0 0 0 0 0 1 0 0 1 1 2 2 0 0 0 2 0 1 1 3 2 2 1 2 2 2 3 0 3 3 2 3 1 1 3 3 3 1 0.2989055052 0
3 2 2 2 3 1 3 0 1 2 0 1 2 3 1 3 1 0 2 0 3 2 3 0 0 3 1 1 1 1 2 0 2 2 3 1 3 0 1 3 3 0 0 3 0 1 0 0 0 3 0 2 1 3 2 2 3 2 3 3 0 1 0 1 0.5346245339 0
0 0 0 0 1 0 3 1 1 3 3 3 1 3 2 3 2 0 3 3 2 3 1 2 0 0 1 2 2 0 3 0 0 3 3 0 1 3 0 1 2 2 0 3 0 3 2 0 0 2 1 0 0 0 1 0 3 2 3 2 0 0 3 2 0.2887244073 0
0 3 2 2 1 3 2 2 3 1 1 1 0 1 0 3 0 1 3 0 1 0 0 2 0 0 2 2 0 2 1 1 2 3 1 0 1 1 1 0 1 3 1 1 0 2 2 0 3 3 2 3 1 2 3 1 3 0 2 2 1 2 1 2 0.3302867025 0
1 3 2 0 0 1 2 1 0 0 1 1 2 3 0 0 0 2 3 0 0 2 2 2 2 2 1 0 2 3 3 3 0 0 1 3 2 3 2 1 1 3 0 1 1 2 0 2 1 2 1 3 3 3 1 0 3 0 0 3 2 0 2 3 0.2843480223 0
3 0 2 2 3 1 2 2 2 2 3 0 1 2 0 0 3 3 1 2 3 2 3 0 0 1 1 3 3 2 3 3 1 1 2 3 0 2 3 3 1 2 0 2 1 0 0 0 2 1 1 0 3 1 1 3 0 0 0 1 0 3 3 0 0.388756727 0
0 2 2 1 0 3 3 2 0 2 2 2 0 3 2 0 0 0 0 2 1 1 2 3 1 1 1 1 3 0 1 1 2 1 0 0 0 0 1 0 2 0 3 0 3 1 1 2 3 0 0 2 3 1 2 2 2 3 0 3 1 0 3 1 0.375585761 0
3 0 3 0 3 2 2 0 3 0 1 0 2 0 1 3 3 3 0 2 0 1 2 0 3 2 2 0 0 3 2 3 0 0 2 3 0 1 1 0 0 0 3 3 2 1 3 1 0 1 2 1 1 3 3 3 0 2 2 2 3 0 0 0 0.3431021507 0
0 3 0 2 0 3 0 3 2 1 3 3 1 1 2 1 0 3 2 3 2 1 2 0 0 2 0 1 2 2 2 3 1 3 2 3 0 2 2 1 3 2 1 1 3 2 3 2 3 0 2 0 1 0 3 0 2 0 3 1 2 2 1 1 0.2955369106 0
1 0 0 1 2 1 2 0 1 2 2 1 1 2 2 3 3 3 3 0 3 3 3 2 1 0 0 3 3 0 2 0 3 3 3 2 2 3 0 0 2 0 3 1 0 1 1 3 0 2 3 2 3 0 3 0 0 1 1 0 0 1 2 0 0.5357900195 0
1 3 2 3 2 3 2 3 0 2 3 0 1 0 2 2 2 0 1 2 1 2 0 0 0 0 2 3 2 0 1 1 1 1 1 2 1 0 2 1 1 3 1 3 3 2 2 1 3 0 2 0 2 1 1 0 0 1 3 2 1 2 2 3 0.3488096012 0
1 3 2 2 1 2 3 3 2 1 2 3 1 0 3 2 2 1 1 2 1 1 1 2 3 1 3 0 3 2 2 3 3 0 2 3 3 1 1 0 1 1 0 2 0 3 1 0 3 2 3 3 2 1 1 3 3 1 0 0 1 3 0 0 0.3321580531 0
2 1 2 0 0 1 0 2 3 3 0 0 0 0 1 0 2 1 3 2 0 0 0 1 2 2 2 2 3 2 2 1 0 2 2 1 1 3 0 1 1 3 2 3 0 2 3 0 3 3 1 3 1 1 0 3 0 0 3 3 0 2 3 2 0.79210615 0
2 0 0 2 3 0 0 3 3 1 1 3 2 3 0 0 0 3 2 3 0 2 2 0 3 3 0 1 2 2 2 3 3 1 2 3 2 3 0 0 1 2 1 3 0 3 2 1 2 2 0 2 3 1 3 2 2 3 2 2 3 0 0 3 0.4184720066 0
3 1 2 0 2 3 3 3 1 3 0 2 1 0 3 2 1 3 1 2 3 0 3 2 1 2 1 2 2 2 1 2 0 3 1 3 3 3 2 0 0 1 2 1 1 3 0 2 0 2 3 1 2 2 1 1 0 1 3 0 2 0 3 0 0.3082594558 0
3 0 3 0 1 2 0 0 2 2 2 2 0 0 1 2 2 1 3 3 2 1 3 3 3 0 0 3 2 0 0 1 2 0 1 0 2 3 0 0 2 0 1 1 0 1 0 1 2 0 1 1 3 0 0 3 3 3 3 0 0 3 3 1 0.3160618615 0
2 2 3 0 2 3 1 2 0 1 2 3 3 3 2 2 2 2 0 1 0 0 1 0 3 0 1 0 0 2 1 2 1 1 1 3 0 2 2 1 3 0 0 1 3 2 3 0 2 1 0 2 1 3 0 2 2 0 2 3 1 3 3 3 0.3879780451 0
0 2 0 1 1 0 0 3 1 1 0 1 3 2 1 2 0 3 3 2 0 2 0 0 2 1 2 3 2 0 2 2 1 1 0 3 3 1 0 2 3 3 0 2 1 2 1 1 1 3 1 0 2 3 1 2 0 0 1 3 3 3 3 3 0.3302867025 0
1 0 2 2 0 0 2 3 2 1 1 3 1 1 1 3 3 3 1 1 1 1 3 3 3 0 3 1 0 2 1 0 0 1 3 1 3 1 0 0 3 3 1 2 1 1 0 1 2 1 2 1 3 3 0 2 1 1 1 1 2 2 3 2 0.3255563301 0
2 1 3 0 1 2 0 1 0 1 2 1 3 0 1 2 0 0 3 1 3 3 0 0 0 0 1 0 3 1 2 1 0 0 0 0 2 0 0 3 1 3 1 2 1 3 0 3 2 2 1 0 1 1 0 1 0 1 2 2 1 3 3 0 0.3345232984 0
3 1 2 1 3 0 0 0 1 2 3 1 2 0 2 1 2 1 1 3 3 0 1 0 2 1 1 1 0 1 1 0 0 2 2 1 2 2 1 1 2 1 0 0 3 3 2 3 1 1 1 0 1 2 3 2 3 2 0 0 0 3 3 0 0.3791975368 0
1 3 3 0 0 2 3 2 2 3 0 3 3 2 1 2 1 3 0 3 2 1 3 2 2 2 1 0 0 0 0 0 2 3 1 1 3 2 0 3 1 3 1 3 3 2 0 1 1 2 0 0 0 0 1 3 1 1 2 0 1 3 3 3 0.3496707166 0
3 0 0 0 0 1 1 3 1 2 3 0 3 3 0 1 1 3 3 1 0 2 3 0 1 2 1 2 3 2 2 3 1 0 3 0 3 3 0 2 1 1 3 2 2 0 1 1 1 1 2 1 2 2 2 2 1 0 1 0 2 2 0 3 0.5272220339 0
3 3 1 3 3 3 0 1 1 1 2 3 1 3 3 0 3 1 1 3 2 2 2 0 1 0 3 0 1 2 1 2 3 2 2 0 3 1 0 0 3 2 0 3 2 0 3 2 2 3 0 1 2 1 0 3 3 3 2 1 1 1 1 1 0.411066296 0
3 2 3 2 2 1 0 0 1 2 1 2 0 2 1 1 1 2 0 0 0 1 0 1 0 2 2 2 0 1 2 1 0 2 0 3 0 2 3 2 0 2 3 2 0 0 0 2 0 1 1 3 1 3 3 0 3 2 3 3 0 0 2 1 0.4091647842 0
3 1 3 0 1 2 0 0 1 2 1 0 3 3 0 0 3 3 0 3 0 1 3 1 0 0 3 3 2 3 1 1 1 2 3 2 1 2 2 1 3 0 1 1 3 0 3 2 0 1 3 2 2 3 2 3 0 0 1 2 1 2 0 1 0.363892531 0
0 0 2 1 0 1 3 0 0 1 0 3 3 2 0 0 0 1 1 0 0 2 1 0 1 3 3 3 1 3 3 3 1 3 3 2 3 2 2 1 2 2 2 0 3 2 2 1 2 0 0 0 2 1 0 3 2 3 1 0 0 3 3 0 0.3528503646 0
3 1 1 3 3 2 3 2 3 0 1 3 2 1 3 0 2 2 2 1 1 1 2 3 1 3 3 3 0 2 0 3 2 0 0 0 3 1 1 3 0 0 2 1 2 2 0 0 3 1 3 0 3 1 0 3 2 2 1 3 3 3 0 3 0.3255563301 0
2 1 2 0 0 0 0 3 1 1 0 0 0 0 0 2 2 3 0 0 0 2 2 1 0 1 3 1 3 1 1 0 1 3 0 0 2 0 2 3 1 0 2 3 3 0 3 0 2 2 2 3 3 3 2 1 3 2 2 3 1 0 1 2 0.3884586267 0
0 2 2 0 3 1 2 0 3 2 0 0 1 0 1 0 3 3 2 3 3 3 3 0 1 2 1 0 2 2 3 1 1 3 0 1 3 2 0 0 0 1 3 0 0 1 0 2 2 2 3 2 2 3 2 3 3 0 3 1 2 2 0 3 0.3126595927 0
2 1 3 0 3 2 1 3 3 0 3 0 3 3 2 2 3 3 0 3 3 2 0 2 2 1 2 2 2 0 1 3 1 2 0 2 1 3 1 1 1 2 1 3 1 3 3 0 2 3 0 3 2 1 1 3 2 3 1 1 0 2 3 0 0.2812710631 0
2 1 2 1 0 3 2 0 2 0 0 2 0 0 2 2 3 3 1 3 3 0 0 2 2 2 2 1 1 3 3 2 2 0 2 0 3 3 0 3 1 2 0 1 0 1 1 1 1 3 0 0 3 1 0 3 1 3 2 1 3 1 3 0 0.4126288197 0
3 0 1 3 1 2 1 0 3 0 1 0 2 0 1 2 3 2 1 0 2 2 3 0 3 0 0 3 0 1 1 2 2 1 3 3 0 2 1 1 2 3 2 1 2 1 1 3 2 1 0 1 2 3 1 1 3 0 3 3 3 3 3 0 0.3539604037 0
2 0 0 2 2 2 3 1 2 1 1 3 3 2 3 3 0 2 3 1 2 1 3 0 1 1 0 1 1 2 3 3 3 1 2 0 2 2 2 1 2 0 3 1 2 2 2 2 2 1 0 1 3 3 2 1 1 1 2 1 3 3 3 1 0.3921195512 0
2 1 3 0 0 3 3 0 0 1 0 1 2 0 1 2 0 2 0 0 1 0 2 2 0 1 2 0 3 1 0 3 1 0 0 2 1 1 3 0 2 1 2 3 1 2 1 3 1 2 3 0 0 0 3 2 0 3 2 0 1 0 3 0 0.4076499498 0
2 2 2 0 3 1 2 1 0 3 2 1 3 1 3 1 1 2 0 2 1 1 2 3 3 1 0 3 2 1 2 1 1 2 3 0 1 0 3 3 1 2 1 3 0 0 2 3 2 2 3 0 1 2 0 0 3 2 1 1 3 0 1 2 0.3372389691 0
1 1 2 0 1 3 3 1 1 3 0 3 2 0 1 1 1 1 2 2 0 1 1 1 1 0 1 2 2 2 0 0 3 3 1 3 1 3 2 3 1 2 1 3 3 3 2 0 3 3 2 2 3 2 0 0 2 3 3 2 2 0 0 3 0.2819098524 0
2 1 0 2 0 0 3 3 3 2 2 1 1 3 0 0 0 2 1 1 0 2 2 3 2 3 0 2 1 1 2 1 1 0 0 3 1 1 0 0 1 0 1 2 1 0 1 3 3 2 3 3 2 1 3 2 1 1 3 3 1 1 3 2 0.279388968 0
2 0 2 0 3 2 2 1 3 3 1 0 2 2 1 0 3 1 3 1 0 0 3 3 0 1 3 0 0 3 0 2 2 2 0 1 0 0 1 1 0 2 3 2 2 1 0 1 0 1 1 3 3 2 0 2 1 0 3 1 0 0 1 1 0.5969490113 0
3 3 1 1 0 1 2 0 1 1 2 0 0 2 3 1 2 2 1 3 2 1 1 0 2 2 0 0 3 2 1 3 3 3 1 0 0 1 3 1 1 1 0 3 0 0 3 2 2 2 3 0 1 2 3 1 3 1 2 0 2 3 1 1 0.3102148911 0
2 1 1 0 3 1 3 1 0 3 2 1 1 1 3 1 1 1 3 0 0 1 3 0 3 1 3 3 0 2 2 1 1 0 0 0 1 0 3 0 2 2 2 0 1 0 2 0 1 0 3 2 0 3 2 0 1 1 0 2 1 1 1 3 0.340218792 0
3 1 2 3 1 0 3 3 1 3 0 0 0 3 1 3 3 0 3 1 0 1 0 0 2 2 1 3 3 2 3 1 0 0 0 3 2 3 2 1 3 1 1 0 3 3 2 2 1 0 1 0 0 3 3 3 2 2 3 3 2 2 0 3 0.2903505128 0
1 2 1 1 1 3 0 1 2 1 3 0 1 0 1 1 3 1 2 1 2 3 1 3 3 3 3 0 2 0 1 3 3 3 1 2 0 2 3 0 0 1 3 0 2 1 2 0 0 1 2 0 0 0 1 2 0 3 3 0 2 2 1 2 0.3163830028 0
1 3 2 1 1 0 2 3 1 0 2 3 0 3 2 3 1 2 3 2 3 0 1 0 2 1 3 0 1 3 3 3 1 2 1 2 0 1 1 3 3 2 0 1 3 1 1 0 0 2 0 2 0 3 0 0 3 2 3 1 0 3 0 0 0.3804245211 0
3 0 2 3 0 2 0 0 2 2 3 3 3 0 2 3 1 3 2 0 0 0 2 3 1 1 2 2 1 1 0 0 2 2 1 0 3 2 3 0 1 1 0 2 0 3 2 0 0 3 2 2 2 1 3 2 1 3 3 3 3 2 2 1 0.2908054948 0
0 3 1 3 3 1 0 3 2 0 1 0 1 2 2 2 0 2 0 0 3 1 2 2 1 3 2 2 0 1 2 3 3 0 0 2 2 2 3 1 3 1 3 2 3 3 3 3 3 1 3 2 0 2 0 3 3 2 3 0 2 2 1 0 0.4806853357 0
0 2 1 1 0 2 3 2 0 0 0 1 3 1 3 2 3 1 1 3 3 0 0 0 3 0 1 1 2 0 3 0 2 2 2 0 3 3 3 1 3 0 2 0 0 3 3 1 2 1 1 3 3 3 1 1 1 1 1 2 0 0 1 3 0.3238107005 0
0 0 0 3 0 2 3 2 1 0 2 0 3 0 0 3 3 3 2 0 0 1 1 1 1 2 1 2 0 1 0 2 1 3 1 0 2 3 3 1 0 0 1 1 2 1 1 3 2 1 3 3 0 1 0 0 0 1 3 2 1 3 0 2 0.4984781306 0
3 2 3 1 0 3 1 2 2 1 0 2 2 3 2 1 0 3 2 0 1 2 1 2 2 2 0 0 1 0 2 2 1 2 3 1 1 1 1 1 1 1 0 2 0 2 3 1 1 0 2 2 3 0 3 1 2 2 0 3 3 1 3 3 0.3372389691 0
1 3 0 0 2 2 1 2 3 0 0 3 0 0 0 2 0 2 3 1 3 2 2 3 1 3 1 1 1 2 1 1 1 1 2 3 2 2 2 0 2 2 1 3 0 2 0 1 3 3 2 0 1 1 0 1 3 0 3 2 3 0 2 3 0.2861577002 0
0 2 2 3 2 3 1 3 0 1 2 1 3 3 0 3 3 1 1 0 0 3 0 1 3 2 3 3 1 0 0 1 2 1 3 3 3 3 2 3 3 1 1 3 1 3 1 3 3 3 3 3 0 3 3 0 3 1 3 2 0 3 0 3 0.2824560002 0
3 3 1 2 0 3 3 1 3 1 0 1 2 0 1 0 1 1 2 3 0 2 2 3 1 3 0 3 3 3 2 1 3 0 3 3 0 2 3 0 3 1 3 2 3 1 0 0 2 2 1 0 1 0 1 1 3 1 3 0 0 2 2 1 0.2898979486 0
2 0 3 2 2 2 2 3 3 2 1 3 0 0 1 1 3 2 1 1 2 0 0 3 2 3 1 3 2 1 2 1 3 2 2 1 2 3 0 1 0 2 2 0 3 2 2 2 2 0 3 3 3 0 3 2 2 0 1 3 1 0 3 2 0.4963760032 0
1 0 3 1 1 1 0 3 0 0 0 0 0 0 3 0 2 0 3 0 3 3 0 0 3 1 3 2 1 2 1 0 1 1 2 3 3 2 0 1 1 2 2 2 0 3 0 2 3 2 3 1 3 3 1 2 3 0 3 1 1 3 3 3 0.2969237719 0
3 0 0 0 1 1 3 0 2 2 0 2 3 0 0 3 1 2 1 1 3 3 3 0 2 2 3 1 3 1 1 1 1 2 3 1 1 2 2 2 1 0 0 2 3 1 1 3 2 1 1 2 1 3 3 1 3 2 3 2 0 2 0 2 0.3244736208 0
1 3 0 2 1 1 2 3 3 1 3 3 2 2 3 3 0 1 0 2 0 3 2 3 2 3 3 0 0 3 2 0 1 3 2 3 3 3 0 3 1 0 3 0 0 0 0 3 0 2 0 3 3 0 0 0 2 1 1 3 1 1 0 1 0.2851975752 0
3 0 3 1 2 3 0 3 3 0 0 2 3 2 0 1 1 3 0 2 3 2 1 1 2 2 2 3 3 0 1 3 2 2 0 1 1 3 1 1 3 3 1 3 2 3 2 1 2 0 0 1 2 1 3 1 0 0 0 2 0 3 3 2 0.3005423822 0
2 1 0 3 2 1 2 1 2 0 2 1 2 0 2 0 3 0 2 0 2 0 2 1 3 2 1 0 2 1 1 3 2 0 3 2 1 0 3 3 3 0 2 2 3 3 3 0 1 1 2 1 1 2 3 0 3 3 2 1 2 2 3 0 0.3249832423 0
1 0 3 1 3 0 1 1 0 1 3 0 0 3 1 0 3 3 0 3 3 1 1 3 3 2 3 0 2 1 0 1 3 0 2 3 3 1 0 2 3 1 2 3 2 1 1 0 2 1 1 3 2 1 0 1 1 2 1 2 3 0 1 0 0.3081782158 0
1 3 3 2 1 3 0 3 3 2 2 1 3 2 0 1 3 0 1 0 0 0 3 0 3 2 1 0 3 3 3 2 1 0 1 2 0 3 3 0 1 2 0 2 0 2 2 0 0 3 3 2 3 0 1 0 0 2 1 2 1 0 1 1 0.3582201532 0
0 1 2 0 1 1 1 3 1 3 3 1 1 3 3 0 3 0 3 0 3 0 3 3 0 0 2 0 0 1 1 2 2 3 2 3 2 0 1 1 1 0 3 3 0 1 2 0 3 1 0 3 3 0 3 0 3 3 2 3 2 1 0 1 0.6983651593 0
0 3 3 0 1 3 1 0 2 3 3 2 3 0 3 1 1 3 3 2 1 0 0 1 0 1 0 2 2 0 3 0 3 1 1 0 1 0 1 1 2 1 3 1 2 3 3 1 2 2 3 2 2 1 2 0 3 3 1 2 2 0 3 1 0.3364806498 0
2 2 3 2 2 2 0 0 1 0 2 3 1 0 2 2 2 2 0 3 1 1 2 2 0 1 1 0 0 2 0 0 0 0 2 0 0 0 3 2 3 1 0 2 2 1 2 2 3 2 3 0 1 3 0 2 0 1 0 0 1 2 2 2 0.3340670182 0
3 2 3 2 3 1 0 3 3 2 1 3 3 3 0 2 1 3 2 0 2 1 1 2 3 3 1 0 0 2 0 1 3 2 3 0 1 1 2 0 3 0 0 1 1 1 1 1 2 0 2 1 1 0 0 3 0 3 0 0 3 1 3 1 0.485324478 0
1 2 0 0 3 2 3 2 2 1 2 1 2 3 1 3 2 1 3 0 0 2 3 1 0 3 3 1 0 3 2 1 3 2 0 1 1 1 3 1 1 0 0 2 0 0 0 2 2 3 3 2 3 0 1 3 0 2 0 3 0 1 0 1 0.4085837192 0
0 3 3 0 0 0 3 0 3 0 1 3 1 1 0 2 3 1 0 1 3 0 2 0 0 1 0 0 3 3 3 1 0 0 1 2 2 0 0 1 1 2 0 0 1 3 1 2 0 1 2 2 1 3 3 0 1 2 3 2 1 0 0 0 0.461294566 0
2 2 0 2 3 3 3 1 0 1 0 2 3 1 3 3 3 0 1 1 2 0 0 3 0 1 0 1 0 3 0 2 3 0 2 0 0 2 1 0 3 1 3 3 1 1 1 0 1 3 2 1 3 1 2 3 3 3 2 1 1 0 0 0 0.4565940367 0
0 0 3 2 1 1 1 1 2 1 0 2 0 1 1 2 2 1 3 3 0 2 2 3 1 2 2 3 3 2 3 1 1 3 2 0 1 3 0 2 3 1 1 2 0 0 3 3 3 0 1 0 3 3 3 2 1 3 1 0 3 2 2 1 0.2823213217 0
3 2 1 0 3 2 0 2 0 2 3 0 1 2 3 0 2 1 1 1 1 0 3 0 3 1 0 1 1 3 1 2 0 3 2 1 0 0 2 3 2 0 0 2 2 0 3 0 0 3 1 0 0 1 0 3 3 0 0 0 0 1 0 0 0.3244736208 0
2 1 3 3 3 1 3 2 0 2 3 3 1 0 0 2 1 0 1 3 3 1 0 1 3 0 0 0 1 0 2 3 0 3 1 3 1 2 0 3 0 2 0 3 3 1 3 3 3 2 2 1 1 0 2 2 0 1 0 0 2 3 1 1 0.3345232984 0
3 2 2 3 2 1 2 0 0 3 0 1 3 0 1 2 1 3 0 0 2 0 2 3 2 0 1 0 3 2 2 0 0 3 1 1 0 2 1 3 2 2 3 2 2 1 3 1 1 1 0 2 3 0 2 3 2 1 1 0 1 1 1 0 0.388756727 0
3 2 1 1 1 2 2 1 0 2 3 2 3 0 1 2 0 0 2 1 3 3 0 2 3 2 1 2 0 0 2 3 3 2 2 1 3 2 0 1 0 3 1 2 3 1 1 3 2 0 0 2 3 3 2 1 2 3 2 3 0 2 0 1 0.388756727 0
3 3 0 3 2 0 3 0 1 0 1 0 3 2 1 3 2 0 0 3 2 0 0 2 2 2 3 1 3 1 0 0 3 3 2 2 2 2 3 1 0 1 3 0 3 1 0 3 2 0 1 1 0 0 3 3 3 0 3 2 0 1 0 0 0.3767080349 0
2 1 3 3 0 0 3 3 1 2 2 3 1 2 3 2 0 0 2 0 3 0 1 0 2 0 3 1 0 1 1 2 2 1 3 1 2 0 0 0 3 3 2 3 0 1 0 2 3 3 2 0 1 1 0 1 1 0 0 3 2 0 1 2 0.3063950271 0
2 1 2 0 3 0 1 2 0 3 0 3 1 0 0 3 3 0 3 1 1 3 3 0 0 1 3 2 2 2 0 1 3 1 0 0 1 3 2 2 3 3 3 3 1 1 0 0 1 0 3 3 2 2 0 1 0 2 3 2 3 2 3 2 0.2984058257 0
3 0 1 0 2 1 1 3 2 1 3 1 2 1 3 1 1 0 0 2 3 2 2 3 3 2 1 1 2 2 0 3 0 3 2 3 0 2 2 3 1 1 0 0 2 3 3 3 0 0 3 1 0 0 0 3 3 0 3 2 2 0 0 0 0.4539046222 0
0 2 3 2 2 1 1 0 0 2 0 2 3 3 1 2 1 0 2 1 1 3 3 0 0 1 3 1 1 1 0 0 1 2 0 1 3 3 0 1 3 2 0 0 2 1 2 3 3 1 2 1 2 1 0 2 0 2 0 0 3 3 0 3 0.2801891182 0
2 3 1 3 2 2 0 2 0 1 0 2 3 0 1 2 0 2 2 0 2 2 1 3 0 3 2 2 2 0 1 3 0 2 3 1 0 2 2 3 2 0 0 3 3 2 2 3 3 2 1 2 3 2 0 0 3 2 3 1 0 1 1 2 0.3302867025 0
2 3 2 3 3 3 1 3 0 1 1 0 2 0 0 1 1 0 1 3 2 2 3 3 3 0 2 3 0 2 1 0 1 1 1 0 1 1 1 0 1 3 0 0 3 3 2 2 1 0 0 2 0 2 2 2 3 1 0 2 2 0 3 2 0.2825766451 0
0 2 2 0 3 0 1 0 1 1 2 1 1 2 3 2 1 0 2 0 2 2 3 0 3 1 0 0 0 2 2 3 3 2 1 3 2 0 0 3 2 0 0 2 1 2 0 2 0 1 3 3 2 3 1 0 3 2 0 1 1 0 3 0 0.3578608802 0
0 1 3 3 0 2 1 3 0 2 0 0 2 3 0 2 0 0 0 0 2 1 0 1 1 2 2 1 0 3 0 0 2 1 2 1 0 3 3 1 0 3 2 2 0 3 0 3 3 1 2 1 0 2 3 3 0 1 0 1 2 2 1 2 0.3142042283 0
1 1 3 0 1 3 0 3 3 2 2 2 1 3 3 2 0 3 3 3 0 1 1 0 3 0 3 3 1 0 0 2 1 0 1 0 1 1 0 0 3 2 0 1 3 3 2 3 2 3 3 2 3 2 3 3 1 3 2 1 2 0 2 0 0.3223452401 0
0 0 2 0 0 0 3 3 2 0 3 1 3 1 1 2 1 3 1 3 2 0 2 1 0 3 1 1 3 2 0 1 0 3 3 1 2 0 2 2 3 1 0 3 2 3 3 2 3 3 1 1 2 3 0 1 2 1 3 2 2 3 0 2 0.4565940367 0
2 0 3 1 3 0 3 1 2 3 1 1 2 0 2 0 1 0 0 3 1 2 1 3 3 2 3 1 2 2 2 2 3 3 1 1 3 1 3 2 2 1 2 3 2 1 3 1 3 3 0 0 0 1 3 1 0 3 1 2 0 0 1 1 0.3005423822 0
0 2 1 1 1 0 2 0 3 1 1 3 2 0 2 0 1 3 2 1 2 2 0 3 3 2 0 3 2 3 2 0 3 0 0 0 2 3 0 1 0 1 2 0 3 3 2 1 2 1 3 2 3 1 0 0 3 1 2 0 0 3 1 1 0.304113536 0
1 0 2 0 0 2 1 0 3 1 1 3 2 0 1 2 3 1 1 0 3 0 2 2 3 1 1 2 0 3 2 3 2 3 3 3 0 0 3 0 0 2 0 0 0 2 2 2 0 0 1 3 0 0 3 3 2 0 1 2 3 0 1 2 0.4142135624 0
2 3 2 0 0 1 2 2 3 2 0 2 3 2 0 1 1 2 2 0 1 0 0 2 3 0 3 2 2 2 1 2 2 3 2 2 1 0 0 3 1 1 0 0 0 0 3 2 0 2 2 2 3 2 0 1 2 0 3 3 2 1 2 0 0.2966215686 0
3 2 3 2 1 0 3 0 3 0 0 2 3 3 0 1 3 0 0 3 0 2 0 2 0 3 2 2 1 1 1 3 3 0 2 0 0 3 2 1 0 0 3 3 2 2 3 0 2 0 2 2 1 0 2 1 3 3 1 2 2 1 1 3 0.3119717183 0
0 2 1 2 3 2 1 0 0 3 3 0 1 1 1 0 1 1 3 3 1 1 2 1 0 3 1 2 0 1 0 2 3 1 2 0 1 2 3 0 0 3 2 3 2 3 0 2 0 2 1 1 2 2 3 2 3 1 1 0 3 0 0 3 0.4334666118 0
2 1 2 3 2 3 3 1 2 0 0 0 3 1 3 0 0 1 1 1 0 1 3 1 1 2 1 0 2 2 2 0 2 0 2 1 1 3 0 1 2 3 3 1 1 1 1 1 0 3 1 1 1 3 1 0 1 1 0 0 2 2 1 2 0.3569263257 0
2 3 1 3 0 3 0 1 0 3 3 0 0 3 3 0 3 3 0 3 3 3 2 0 3 1 0 0 3 0 3 1 2 2 0 1 2 3 0 0 2 2 3 3 0 2 2 0 0 3 1 1 2 1 1 1 2 1 1 0 2 3 1 3 0.2853369736 0
0 2 3 2 2 0 0 0 1 0 2 0 2 0 3 1 2 1 3 2 3 1 3 3 3 3 3 1 1 0 3 0 0 3 2 2 1 0 2 0 2 0 2 2 2 1 3 0 2 0 2 2 3 1 3 1 2 0 3 2 2 2 3 2 0.2852984217 0
0 3 3 1 3 2 3 0 1 2 0 3 3 0 2 1 0 1 0 2 3 1 3 2 0 2 3 2 2 2 2 3 2 0 3 0 0 1 1 0 2 3 2 2 0 2 1 1 0 0 0 1 1 3 0 1 0 0 3 1 2 2 3 3 0.2887244073 0
2 1 3 0 1 1 1 1 2 3 3 3 1 3 2 2 1 2 1 0 3 0 2 3 2 2 3 2 0 1 0 2 2 2 3 1 3 3 0 3 3 1 0 2 2 0 3 2 1 1 1 3 2 0 1 2 0 3 1 0 2 0 2 1 0.3163830028 0
2 3 0 0 2 1 2 2 3 1 0 0 3 1 0 1 3 3 0 1 1 2 2 3 0 2 0 0 1 0 0 2 3 1 0 3 1 1 2 0 2 2 0 0 3 0 2 0 3 0 1 0 3 0 2 3 3 3 0 3 1 3 0 0 0.3969468151 0
3 1 1 0 0 1 3 1 2 1 0 0 1 1 1 1 1 1 1 2 1 0 1 2 3 2 3 0 0 1 3 1 1 1 3 0 0 3 1 3 2 1 1 0 2 3 2 1 0 3 0 3 0 1 1 0 0 3 3 1 2 2 2 1 0.3329888882 0
0 0 0 3 0 1 3 0 3 2 2 0 1 2 2 1 1 2 3 1 3 0 3 1 1 0 0 1 2 1 1 1 2 1 2 3 0 1 0 0 1 0 3 1 0 2 0 0 1 3 3 0 1 0 2 1 2 2 0 0 2 0 2 1 0.3388435622 0
1 0 3 0 1 2 2 0 1 2 0 2 0 2 3 2 1 2 0 2 3 2 1 1 1 0 0 0 1 0 3 1 0 2 0 2 1 0 2 2 1 3 0 1 3 3 1 2 3 3 1 0 2 1 1 1 2 2 2 0 2 0 1 2 0.3200220867 0
0 3 3 3 0 1 1 2 1 0 1 3 1 1 3 1 1 1 3 0 0 3 0 2 0 1 1 3 1 3 2 0 2 2 0 0 3 1 3 1 0 3 3 0 3 2 1 3 2 0 2 3 3 3 2 2 1 3 3 0 3 2 2 2 0.2898979486 0
2 1 0 3 2 3 1 1 1 2 3 3 1 2 0 3 0 2 3 0 2 2 3 0 1 0 0 1 1 1 1 0 0 3 0 2 0 3 3 3 0 2 0 2 2 0 0 0 1 3 0 2 3 2 3 3 0 0 2 2 0 3 2 2 0.3169050227 0
1 2 3 3 3 3 0 1 2 3 0 0 2 0 1 1 3 0 0 1 2 2 2 0 3 0 3 2 0 2 1 1 1 3 2 3 3 2 1 0 1 1 1 0 0 3 0 0 3 3 3 0 1 0 1 3 2 2 1 2 2 3 1 3 0.3216972808 0
0 0 3 0 2 0 0 3 3 3 3 2 0 3 0 3 0 3 3 1 1 1 0 2 3 3 1 0 2 3 2 3 2 1 3 1 0 0 2 1 2 2 0 2 1 0 3 3 3 3 2 1 1 2 0 3 2 2 1 1 1 2 0 1 0.3822669013 0
3 3 2 2 0 2 0 0 0 3 2 1 3 0 3 2 0 2 0 0 1 0 1 2 3 0 1 1 3 3 0 2 1 0 1 3 3 3 2 0 3 1 0 2 3 0 1 0 3 2 2 1 2 3 3 1 2 0 1 1 3 3 0 1 0.4037797985 0
3 2 3 2 2 2 2 0 3 1 2 1 1 0 2 0 0 3 1 0 1 2 0 2 0 3 0 1 3 2 3 0 0 1 2 1 2 1 1 1 3 0 1 2 3 2 1 1 2 3 2 0 2 3 3 0 0 2 3 1 0 3 3 1 0.3868419579 0
0 1 0 2 2 1 2 1 2 2 3 3 3 3 0 0 3 3 0 0 3 2 0 1 3 1 2 1 1 1 0 3 2 0 2 0 2 0 3 2 1 2 1 0 0 2 2 0 2 0 0 0 2 0 0 1 0 1 3 3 1 2 3 0 0.3503521785 0
3 1 0 2 2 0 1 1 3 1 1 1 1 1 3 1 2 3 0 0 0 3 2 1 1 0 1 2 0 2 1 0 3 2 1 1 2 3 0 3 1 3 1 2 1 2 0 3 1 2 0 2 0 0 1 2 2 1 0 3 1 1 0 2 0.2984058257 0
3 1 2 0 2 2 1 1 0 2 1 1 2 2 3 2 3 3 1 0 2 2 1 0 3 0 2 1 3 3 1 1 3 2 1 2 3 0 2 2 2 2 3 0 1 3 3 2 2 2 0 0 0 1 3 0 2 1 0 2 0 2 0 2 0.5927255389 0
1 0 1 2 1 0 1 0 2 0 3 2 1 3 1 1 1 0 0 2 1 1 0 2 3 1 2 0 0 2 2 0 2 2 1 1 1 2 2 1 1 1 1 0 0 0 0 2 1 2 0 2 3 1 2 1 3 2 0 1 2 3 0 1 0.2811889801 0
0 0 2 3 0 1 2 2 3 0 2 0 0 0 3 2 1 3 0 3 0 3 2 0 3 0 3 2 2 0 2 2 0 1 3 1 2 2 1 1 2 0 1 1 2 1 2 3 2 0 1 0 1 2 0 1 2 3 0 2 3 1 1 0 0.342324247 0
3 2 0 3 3 2 2 2 2 0 1 2 0 1 0 0 3 1 2 0 3 3 2 1 3 3 3 0 1 2 3 1 3 0 3 0 1 1 0 0 1 2 3 2 2 2 3 1 2 1 3 1 3 1 2 3 3 1 2 0 1 2 1 0 0.3532729034 0
1 2 3 3 0 1 2 1 2 1 3 1 3 2 3 0 2 1 0 1 2 2 2 3 1 3 2 1 1 3 0 0 3 0 3 1 2 0 1 3 1 2 2 3 0 3 1 2 2 3 0 0 1 0 1 0 1 3 0 0 1 3 3 0 0.2771471108 0
2 1 3 2 1 1 2 2 1 2 1 1 1 3 0 2 2 2 0 0 2 3 2 3 0 1 1 1 1 3 0 3 1 1 2 0 3 3 3 3 0 0 3 3 1 0 2 0 0 1 2 3 3 2 2 3 1 3 3 1 1 3 3 2 0.3788457677 0
2 2 0 2 2 0 0 0 0 2 2 0 1 0 3 2 2 2 0 2 3 3 1 3 1 0 0 0 1 0 0 2 2 3 2 3 2 0 3 1 1 2 0 1 1 3 3 0 0 0 2 3 0 0 1 0 0 2 2 2 1 0 0 2 0.2971110716 0
2 2 1 2 3 1 1 2 3 2 3 3 3 0 3 3 0 3 0 1 0 3 0 2 1 3 0 3 0 0 1 2 1 1 3 2 3 3 3 3 2 1 1 2 0 2 2 2 2 3 1 2 1 3 3 1 0 2 0 3 3 3 0 1 0.2789235783 0
0 2 1 1 2 3 3 3 1 2 3 2 3 0 3 2 2 1 0 3 3 3 1 0 0 0 0 1 3 1 1 2 1 1 3 3 0 1 3 3 3 1 1 3 3 2 3 0 0 1 0 2 0 0 0 0 1 1 3 2 0 0 1 2 0.4126288197 0
2 0 3 3 1 1 2 1 1 1 1 1 0 0 3 1 2 0 1 0 1 0 3 3 3 3 2 1 3 2 1 1 2 1 2 3 1 2 2 1 2 0 1 2 0 2 3 2 1 1 3 1 0 0 3 3 1 2 2 2 0 0 3 3 0.3411227695 0
0 2 2 2 1 2 2 0 1 3 2 1 1 3 0 2 0 0 1 1 0 0 1 3 0 0 3 2 3 3 3 2 0 3 0 3 3 1 2 1 3 3 3 1 3 2 0 1 3 2 1 1 2 3 3 0 2 1 1 0 2 2 2 1 0.3908225933 0
1 0 2 3 3 3 2 3 3 3 3 2 2 1 0 1 0 1 1 3 3 3 0 1 0 2 1 0 0 0 0 3 3 3 2 3 0 1 3 0 2 1 2 1 2 3 2 2 0 0 1 2 3 0 0 0 1 1 3 0 0 2 1 2 0.3208092227 0
3 0 3 0 1 1 1 2 0 2 0 2 3 0 1 1 3 1 1 2 0 2 3 3 1 3 0 0 0 2 0 2 3 0 3 0 3 0 0 3 2 0 1 1 3 2 3 3 2 1 1 0 1 3 3 2 1 1 2 3 0 1 0 1 0.6650663433 0
2 3 1 2 1 2 0 1 1 0 1 3 1 2 3 0 2 1 1 0 1 2 3 3 1 3 2 1 0 1 1 1 3 3 1 1 2 3 2 0 1 0 3 1 1 2 3 1 2 2 1 2 1 1 1 3 1 2 0 2 1 0 0 2 0.4043360385 0
3 2 3 3 1 3 3 1 3 3 2 0 3 3 1 0 2 2 2 1 0 2 1 2 0 0 3 0 3 1 2 2 2 3 2 1 3 1 0 0 1 2 0 2 3 3 2 2 3 0 0 1 0 3 2 2 1 1 2 2 2 3 1 2 0.354867572 0
1 0 3 0 0 0 1 2 3 2 0 2 1 1 0 1 2 3 3 2 2 1 2 3 3 2 0 2 1 1 1 0 2 3 0 2 0 1 3 1 0 3 1 0 1 0 1 2 1 3 2 0 1 2 2 2 3 0 1 2 0 1 0 3 0.2806875398 0
1 3 2 1 1 1 2 2 0 1 1 3 3 2 2 0 1 1 3 2 1 2 2 3 1 0 2 2 2 3 0 1 1 3 0 1 3 3 3 1 1 0 1 2 1 2 0 3 1 2 0 0 3 0 0 2 3 0 2 3 1 2 2 2 0.445598638 0
3 1 0 3 0 2 0 0 1 2 2 1 0 3 2 2 0 2 0 0 3 2 2 0 0 3 2 3 3 3 0 2 2 2 1 0 0 3 3 2 2 1 0 2 1 3 1 2 2 0 0 1 2 2 0 2 2 1 3 3 3 2 3 0 0.3553497752 0
3 2 3 1 3 1 0 2 0 1 0 0 3 0 2 1 3 0 2 3 3 3 3 2 0 3 2 0 0 0 2 0 3 1 3 3 3 1 3 2 3 1 0 3 1 1 1 0 2 2 3 3 1 0 0 0 0 0 3 0 1 2 3 3 0.2913712585 0
0 0 2 0 3 1 2 3 0 0 3 3 1 2 1 0 0 1 0 3 3 3 0 1 3 0 0 0 0 1 0 3 1 2 0 1 2 3 1 0 2 3 2 3 0 2 0 0 2 2 0 1 3 1 2 2 3 0 2 2 2 2 1 1 0.3862571494 0
1 2 2 1 0 3 1 2 3 2 1 1 0 2 1 2 0 0 1 2 0 3 1 3 2 2 0 2 1 2 3 3 2 1 3 2 2 0 2 2 0 1 3 1 3 3 1 2 1 1 3 2 2 3 1 1 2 2 3 0 3 0 2 0 0.2911547131 0
0 1 2 3 1 1 3 0 3 0 1 0 3 3 0 0 3 2 0 0 3 3 0 3 2 1 0 3 0 3 2 0 3 1 2 2 0 3 1 2 3 1 2 3 0 1 0 3 3 1 1 0 2 2 2 1 3 2 0 1 0 1 0 0 0.4191070293 0
0 0 3 1 1 0 2 1 2 0 0 0 2 0 1 2 2 0 1 3 1 2 3 0 3 3 3 1 2 0 0 0 3 3 0 2 1 2 3 1 2 2 0 0 3 1 2 2 0 0 3 0 1 1 1 3 1 2 3 1 0 3 3 3 0.3665354679 0
0 2 2 2 1 2 3 3 3 2 2 3 1 3 0 0 0 3 0 2 3 3 2 3 3 3 2 1 0 0 1 3 3 3 3 2 3 3 1 2 3 2 1 3 3 2 0 2 0 2 1 2 2 3 1 2 0 2 3 1 1 1 1 3 0.4081418707 0
3 1 0 2 1 0 2 3 1 3 1 3 2 3 3 3 1 3 3 2 1 0 1 2 1 3 3 2 1 1 1 2 2 3 0 2 0 2 0 0 1 2 2 0 2 0 2 2 1 0 0 2 2 3 3 1 0 2 3 1 3 1 3 2 0.3364806498 0
3 1 1 2 3 3 2 1 0 2 2 1 2 1 1 1 0 3 1 2 1 2 0 1 0 3 0 0 3 1 0 3 3 2 2 0 2 2 1 2 3 0 3 2 0 0 1 2 0 2 3 0 0 3 1 2 0 3 1 1 3 1 3 0 0.3268651685 0
2 3 3 0 0 0 3 2 3 3 2 0 1 0 1 3 3 1 2 0 2 0 0 3 3 2 3 3 1 1 1 3 0 2 3 3 2 0 1 1 0 1 1 3 0 3 1 0 2 1 1 1 0 0 1 2 3 1 2 3 3 1 1 2 0.3737950927 0
0 3 1 0 2 2 3 3 3 3 0 3 3 1 1 1 0 2 0 1 2 3 1 1 2 3 3 2 2 0 2 1 1 0 1 3 0 3 3 0 3 0 1 3 3 2 1 1 1 3 2 2 0 3 2 2 3 3 1 3 2 2 0 0 0.4170648942 0
1 0 3 2 0 3 2 2 2 3 2 1 3 2 1 1 0 1 3 3 1 1 0 1 2 2 1 2 3 0 3 1 0 2 1 3 1 3 2 2 3 2 2 2 1 0 2 0 1 1 0 3 1 0 3 0 1 0 0 1 2 1 1 3 0.4683391003 0
1 2 3 3 2 2 1 3 3 1 2 0 0 3 3 0 0 0 1 0 2 0 3 3 1 3 1 2 1 1 2 3 1 1 0 2 3 2 3 1 1 1 2 3 1 3 0 2 0 1 0 0 0 3 1 2 3 0 2 0 1 0 1 1 0.3010544585 0
2 3 0 2 1 2 3 0 0 3 3 1 2 0 0 3 1 1 0 3 1 0 1 3 3 2 1 2 0 0 3 0 0 3 3 0 0 0 1 0 1 2 3 1 3 2 0 1 0 3 0 1 3 3 2 0 3 0 1 2 0 0 3 3 0.3582201532 0
0 1 1 3 3 1 0 2 0 1 1 2 1 0 0 3 3 1 3 2 2 1 1 3 2 1 0 3 3 3 2 2 1 2 1 0 1 1 1 3 3 0 2 1 2 2 1 2 3 1 1 0 2 2 1 2 2 1 1 0 3 0 0 1 0.4269812444 0
2 1 1 1 3 3 2 3 0 2 1 0 2 0 0 2 1 0 0 2 2 2 3 2 0 0 0 0 2 1 1 2 0 2 0 1 0 0 2 2 0 1 0 1 1 0 1 3 1 1 1 1 2 1 2 2 0 0 1 0 0 0 3 3 0.2757017003 0
2 3 1 0 3 2 2 0 0 0 0 1 0 0 0 1 2 3 1 1 3 2 3 3 2 0 2 1 2 0 0 3 0 2 1 0 2 2 0 3 1 1 3 2 0 0 2 2 2 2 2 0 2 2 1 3 3 2 2 3 1 2 1 2 0.4438190372 0
0 0 3 3 2 3 0 2 3 1 0 2 0 3 2 0 2 1 1 3 3 0 3 3 2 2 2 2 0 2 3 0 0 1 3 0 0 2 1 3 0 3 2 1 2 0 3 3 1 3 3 1 0 3 1 3 0 0 0 0 0 0 0 2 0.3496707166 0
3 1 1 2 1 1 1 0 2 1 3 2 3 3 3 0 2 2 2 2 1 2 1 1 2 2 3 3 2 0 3 0 3 3 0 2 3 2 2 1 1 3 1 2 3 3 0 2 3 0 2 1 3 3 3 2 2 1 2 3 0 0 0 0 0.4457011048 0
2 1 2 0 1 1 0 0 0 3 3 2 2 2 0 3 2 1 2 0 1 1 1 0 0 3 0 0 3 0 3 0 1 2 3 3 3 0 1 0 1 0 3 2 1 0 1 1 0 1 3 2 0 2 0 1 1 0 2 0 1 0 2 1 0.3272115566 0
2 2 3 3 3 2 0 3 3 3 1 2 0 1 1 1 2 3 2 3 2 3 1 3 0 0 1 1 0 0 0 0 1 3 1 0 2 3 1 2 2 1 2 2 3 1 0 3 2 2 3 2 2 2 3 0 3 2 1 0 1 0 1 1 0.3794307661 0
0 2 0 2 1 0 0 0 0 3 0 1 3 1 1 0 1 2 3 2 1 1 0 2 0 3 0 3 1 3 0 0 1 1 1 0 2 3 2 2 2 3 0 3 1 3 3 3 2 2 3 3 1 2 1 1 1 1 1 3 2 1 0 3 0.3533419979 0
2 0 3 3 0 1 0 1 2 2 3 2 1 0 2 1 2 0 1 1 0 1 2 2 0 3 0 0 1 3 0 1 3 2 3 3 3 3 2 1 2 1 2 1 1 3 1 3 2 2 0 0 1 3 2 0 1 0 2 3 1 3 3 1 0.3431021507 0
1 1 3 2 3 2 1 0 2 2 0 3 1 1 3 2 0 1 3 1 0 2 2 2 2 2 1 1 2 1 0 3 2 0 1 0 3 3 3 1 2 2 2 0 0 1 2 0 2 1 0 1 0 1 3 2 3 1 2 1 1 0 1 2 0.3055166403 0
1 2 2 3 3 2 3 0 3 2 2 2 1 3 2 1 1 0 1 0 2 0 3 1 0 2 2 2 0 0 0 3 2 1 3 0 1 1 0 2 2 0 3 0 0 3 1 1 1 3 0 2 3 2 1 1 0 2 2 2 3 0 1 2 0.4618617984 0
0 2 3 2 1 1 0 2 3 0 1 1 2 0 1 1 1 0 2 2 2 3 1 1 0 3 3 3 2 2 2 2 1 3 3 0 2 2 2 2 3 3 0 0 1 3 0 3 0 1 0 3 3 0 3 3 2 2 0 1 0 1 0 1 0.2816565653 0
2 0 3 1 2 3 2 3 2 1 0 2 2 3 2 2 2 1 3 2 0 3 3 3 3 1 3 3 3 3 2 3 1 3 2 1 2 2 2 3 2 3 2 1 3 2 3 1 2 3 1 2 0 2 0 2 0 1 3 2 1 2 1 1 0.3200220867 0
2 3 1 3 0 3 2 0 0 2 2 3 1 0 2 1 3 3 3 1 3 3 2 1 2 2 3 3 2 3 3 1 2 0 1 0 2 0 1 0 2 0 1 1 1 1 3 2 0 2 0 2 3 3 0 2 0 2 2 0 1 2 1 3 0.4472135955 0
2 3 3 3 0 0 1 3 3 0 3 3 1 1 2 3 0 1 0 0 3 2 1 3 1 2 0 3 1 1 1 3 1 3 1 1 2 0 0 2 3 2 2 0 0 1 1 0 1 3 0 1 1 3 3 3 3 2 2 0 3 1 1 2 0.2987143064 0
0 3 1 3 0 3 3 2 3 0 1 0 2 0 0 2 2 0 0 3 1 3 0 1 2 1 3 3 2 2 0 0 2 1 1 3 0 0 1 3 2 3 2 3 1 3 1 2 0 3 0 3 0 1 2 3 2 1 3 2 0 0 3 1 0.3238107005 0
3 3 1 2 3 0 3 3 3 0 3 1 1 2 3 2 1 0 1 3 1 3 0 2 1 1 3 1 0 1 3 0 2 2 0 3 3 3 1 2 2 1 3 2 1 1 0 3 0 3 3 3 1 0 0 2 0 2 1 3 2 1 3 2 0.3698994287 0
0 0 3 2 2 1 0 0 1 0 0 2 2 3 2 3 2 1 2 0 3 1 1 3 1 3 0 3 0 2 3 2 0 2 0 0 2 0 0 0 3 3 1 2 0 3 2 2 1 3 3 1 2 2 3 2 0 1 2 3 0 2 0 2 0.3537474478 0
3 0 1 2 0 0 3 0 0 2 1 3 2 3 3 0 1 2 2 1 3 3 3 2 3 1 2 1 0 0 3 1 2 1 2 1 1 3 1 0 2 3 3 3 0 3 3 0 2 0 3 2 2 3 2 0 2 1 2 0 3 0 1 2 0.5166298428 0
3 3 3 2 2 2 2 0 2 1 1 3 3 3 1 1 0 0 3 1 1 3 2 3 2 2 1 0 0 1 3 0 3 2 0 3 1 0 3 0 0 3 3 2 2 3 0 3 2 2 2 0 0 1 3 3 2 3 1 1 3 2 3 2 0.3280859698 0
2 0 3 1 3 0 3 0 1 0 1 1 2 2 1 1 0 2 0 1 2 2 2 0 2 1 0 3 3 2 0 1 2 2 0 3 3 1 3 1 0 2 2 3 3 0 3 2 3 1 0 2 1 3 1 2 3 2 1 2 2 1 3 3 0.3508732299 0
3 3 3 0 3 2 2 2 3 1 3 2 1 1 3 1 2 3 2 0 0 0 1 1 0 2 2 3 2 2 3 3 2 2 1 0 2 1 2 3 1 3 1 2 0 1 1 2 0 1 0 0 0 1 0 0 2 0 0 2 1 0 2 3 0.3191499257 0
3 2 2 0 3 2 2 3 2 1 0 2 3 1 1 0 3 3 0 3 1 2 3 1 0 3 1 3 2 0 3 3 2 3 1 1 1 2 1 0 1 3 0 3 1 1 0 2 1 1 1 0 0 3 2 0 0 3 3 3 3 0 1 2 0.2783531573 0
1 3 1 1 1 0 0 3 1 2 3 0 3 2 1 3 0 1 0 1 2 3 0 3 2 3 0 3 3 1 2 0 1 1 0 2 0 3 1 1 3 2 0 2 1 3 3 3 0 1 2 0 0 1 0 2 0 3 1 0 3 1 2 3 0.4257225336 0
0 1 1 3 2 3 2 0 3 3 2 1 3 0 1 2 2 1 0 3 3 1 1 0 2 0 3 0 3 0 3 0 3 3 1 1 2 2 2 2 1 1 0 1 3 2 2 3 2 0 2 3 3 2 1 3 2 0 1 2 2 1 3 1 0.2984058257 0
0 1 2 1 2 1 0 1 3 1 0 2 2 0 3 0 2 0 2 1 3 1 0 1 3 3 1 1 3 0 3 1 3 1 0 2 1 0 1 2 1 0 2 2 2 1 1 3 1 0 2 0 1 0 3 0 3 1 0 3 1 1 1 1 0.4932215826 0
3 0 2 2 2 0 2 2 3 2 2 1 3 2 1 2 3 0 2 2 1 2 1 0 2 2 3 3 2 1 3 2 1 0 1 0 1 0 0 0 2 0 0 1 2 2 2 0 3 2 3 2 3 0 0 3 1 3 0 3 3 2 3 3 0.6492741221 0
0 2 3 0 1 0 0 0 1 2 0 1 1 0 3 3 1 3 3 0 0 0 1 2 3 2 1 1 3 0 0 2 1 3 2 3 2 2 2 0 0 0 0 3 2 3 0 1 0 1 2 1 0 1 1 0 2 3 1 2 3 2 0 3 0.3572822687 0
2 0 2 3 1 0 0 3 3 1 2 2 1 3 2 3 0 0 3 3 1 2 0 0 2 1 3 0 0 1 0 0 3 2 2 1 1 2 3 1 2 1 3 2 3 0 0 2 3 0 3 0 1 0 0 2 3 3 2 1 1 1 2 1 0.3473558134 0
0 3 2 3 2 1 0 2 1 2 3 2 3 0 0 2 1 2 0 3 1 3 2 2 1 3 3 2 3 0 0 2 2 0 3 0 2 0 1 1 2 0 0 3 2 1 0 1 3 2 1 2 0 2 1 1 1 0 0 1 2 0 1 0 0.341497695 0
2 2 0 0 1 1 3 3 1 0 0 1 1 1 1 0 1 0 0 2 0 0 0 3 2 2 0 3 0 3 3 1 3 3 3 0 2 0 0 3 2 2 0 2 2 2 3 3 0 2 3 0 0 0 0 2 1 0 0 3 0 3 1 2 0.3278606629 0
3 1 2 1 3 1 3 3 1 0 3 2 0 2 1 1 0 3 2 1 3 1 1 2 1 1 1 2 0 1 1 3 2 2 2 2 0 0 3 2 3 3 2 0 1 2 3 2 2 1 3 0 2 3 2 1 2 0 1 2 0 0 1 2 0.4932215826 0
3 1 0 0 0 3 3 0 3 3 1 3 2 3 2 1 3 3 2 1 1 2 2 2 3 1 3 1 0 0 0 0 2 3 3 1 0 0 3 3 3 0 2 3 3 3 2 1 0 3 1 3 1 2 3 1 2 3 3 1 3 3 1 3 0.3862571494 0
0 0 3 2 1 0 1 3 2 3 2 3 3 1 2 3 2 2 0 3 0 2 0 0 0 2 3 0 2 2 0 2 3 1 2 0 2 1 2 2 3 2 2 3 3 0 1 2 0 2 0 1 3 0 0 3 3 3 3 3 2 1 1 0 0.2817532212 0
1 1 2 0 0 2 0 1 0 1 0 2 2 3 1 1 2 0 0 0 2 1 0 3 1 1 2 1 3 2 2 2 3 1 3 1 0 2 1 2 2 0 0 3 2 2 1 0 1 2 3 0 3 2 1 0 2 1 1 2 0 3 0 2 0.3142042283 0
3 3 3 2 2 3 2 3 1 0 1 3 3 2 2 2 3 1 1 3 2 1 2 2 3 0 1 1 1 2 1 3 0 2 1 3 1 0 2 0 3 3 3 1 0 3 1 1 3 3 2 0 0 0 0 2 0 3 0 0 3 3 3 3 0.4408568563 0
3 1 3 3 3 1 0 2 2 3 1 3 3 0 0 1 2 1 3 1 1 3 3 1 1 2 1 3 2 0 1 1 0 0 1 2 3 0 3 1 1 1 1 2 1 2 3 2 2 1 2 1 0 1 2 2 3 2 2 1 2 2 1 2 0.33895657 0
1 1 0 1 1 0 1 0 0 1 3 2 3 2 1 2 0 1 2 3 0 1 0 0 0 2 0 0 1 3 2 1 2 0 0 3 2 1 2 2 3 1 2 1 2 3 1 2 3 2 3 0 2 2 0 1 1 2 2 2 0 1 0 2 0.3183767839 0
0 2 3 3 2 1 2 3 3 2 2 1 0 1 0 3 0 0 1 0 3 2 2 3 0 0 3 2 0 0 2 1 1 2 2 0 1 0 0 3 1 2 1 2 3 2 2 1 2 3 0 0 1 1 2 1 0 2 1 0 1 3 0 0 0.4282540072 0
1 2 2 3 1 1 3 0 2 3 2 2 3 1 1 2 0 2 3 2 1 2 3 3 2 2 3 0 2 1 3 2 3 2 3 2 2 3 0 1 1 1 0 2 0 0 2 3 1 1 3 0 1 0 2 2 3 3 3 1 0 3 3 3 0.4693139434 0
0 3 2 3 1 3 3 0 3 1 3 0 3 2 1 2 3 2 2 2 0 1 3 3 2 2 2 1 3 3 3 3 3 1 1 3 3 1 3 1 0 3 3 0 3 1 2 1 1 3 3 2 2 1 0 2 1 1 0 0 3 3 2 0 0.3060584883 0
0 3 0 0 1 3 1 1 0 0 1 0 2 3 2 0 0 1 1 0 0 1 0 3 3 2 0 2 2 1 0 1 2 2 3 3 2 0 1 3 0 0 0 2 2 3 3 2 2 2 3 2 2 2 1 2 2 2 1 2 1 1 0 0 0.3949741935 0
0 3 3 1 3 3 0 1 1 1 0 0 2 3 2 2 3 2 3 2 2 0 0 1 0 3 3 3 3 2 3 2 2 0 2 0 2 0 3 1 2 1 2 0 1 1 0 3 0 3 0 1 1 3 0 0 2 1 3 1 2 3 0 3 0.3555150496 0
2 2 3 2 0 0 1 0 3 3 3 2 0 1 2 0 1 1 0 3 2 1 3 3 2 1 1 1 1 1 0 1 0 3 0 0 3 0 0 3 1 3 0 0 0 0 0 0 2 1 3 2 1 0 0 3 1 0 3 2 2 1 2 2 0.3008123162 0
3 2 2 0 1 0 1 3 0 3 2 0 3 3 3 1 3 2 1 3 2 3 3 2 1 2 1 1 1 0 2 1 3 2 2 2 3 1 3 1 1 2 1 2 0 3 0 1 3 1 1 2 3 0 2 3 1 1 1 3 3 1 2 1 0.2842483124 0
2 0 3 2 1 0 0 1 3 0 2 1 0 3 2 3 2 3 2 3 3 3 0 1 2 1 0 0 2 0 3 2 2 1 3 3 3 3 3 1 1 1 0 3 0 3 3 1 3 0 2 3 2 0 1 0 1 2 0 0 0 1 2 2 0.4076499498 0
0 1 2 0 0 1 1 0 1 3 1 2 2 3 0 0 2 2 3 1 1 3 1 0 0 3 0 3 2 2 0 0 2 2 1 3 2 2 2 1 1 3 2 0 1 3 3 1 2 3 2 0 2 3 1 3 0 0 0 1 1 2 1 2 0.363892531 0
2 2 1 1 0 0 2 0 1 2 1 0 0 2 3 2 0 2 0 2 2 3 2 3 1 2 1 3 3 2 3 3 1 2 0 2 3 3 3 1 1 2 0 1 1 1 2 3 3 3 2 0 1 3 2 0 3 2 0 0 3 3 1 1 0.2832488209 0
2 0 1 0 1 3 1 3 0 3 3 3 3 0 2 3 2 0 1 2 0 1 0 2 2 1 1 1 2 0 0 2 2 3 1 0 1 2 0 1 2 2 3 0 1 1 0 0 2 2 0 2 3 2 2 3 2 1 1 1 2 3 2 0 0.2898979486 0
2 1 2 2 3 0 3 2 0 1 1 3 2 1 0 3 0 2 0 0 3 3 2 2 0 2 2 0 3 0 3 3 0 0 0 1 0 0 0 1 3 3 3 1 3 0 2 2 3 0 1 2 1 3 1 1 0 0 0 1 2 1 1 0 0.3932398041 0
2 1 2 3 2 2 3 2 3 1 1 1 3 1 0 0 1 1 0 0 0 0 3 2 2 2 3 2 1 2 3 2 3 2 3 0 1 3 3 3 3 2 2 1 2 2 3 0 3 0 2 1 3 2 0 0 0 3 3 2 3 1 2 1 0.3521093809 0
1 1 1 2 2 0 3 1 0 2 0 1 2 2 0 2 0 1 3 1 1 2 1 1 2 3 2 1 1 0 2 2 0 0 2 2 1 2 1 3 1 0 3 3 0 0 2 3 0 0 2 2 1 3 3 3 2 0 3 3 3 3 1 1 0.3823332177 0
0 1 3 0 2 0 1 1 2 2 2 0 2 3 1 0 1 0 1 3 2 1 0 0 2 3 3 0 2 1 2 2 2 1 2 3 1 2 1 1 2 2 1 2 0 3 1 3 3 2 3 2 3 2 0 1 2 0 2 0 0 0 0 3 0.4147354691 0
0 0 0 1 2 3 3 0 1 1 1 3 0 1 3 2 1 1 2 2 1 1 1 3 2 3 3 2 2 1 2 3 2 2 1 3 2 2 1 2 1 2 2 2 0 2 3 0 1 0 3 2 3 2 3 0 1 1 2 1 3 0 2 0 0.3281245109 0
2 1 2 0 3 1 2 1 1 0 2 2 3 0 2 3 0 3 3 2 3 2 0 1 2 0 3 3 0 0 0 3 3 1 2 2 2 1 3 3 3 0 3 3 3 3 2 0 1 3 1 2 0 2 0 3 2 3 1 1 3 0 0 2 0.2847717222 0
1 3 3 0 0 2 3 3 3 2 0 2 1 3 3 2 3 1 0 3 3 3 3 2 2 1 3 3 2 0 2 2 3 1 0 1 1 1 1 2 1 0 3 1 0 2 0 3 3 1 1 1 1 0 2 0 3 3 1 1 2 2 3 2 0.2808421696 0
2 1 3 1 1 1 1 3 0 1 1 3 2 1 1 1 0 0 3 2 3 0 1 0 3 1 0 3 3 3 3 2 2 1 3 0 0 1 2 0 2 2 3 3 1 2 3 0 0 1 1 3 1 3 1 0 3 0 1 2 2 2 0 2 0.2984058257 0
3 0 1 3 0 3 2 0 2 1 3 2 3 2 2 3 2 3 3 3 2 0 0 2 0 2 2 1 3 3 2 2 3 2 2 2 0 1 0 3 1 0 0 1 0 3 3 0 2 1 0 3 3 3 3 1 3 2 0 1 0 1 0 1 0.4142135624 0
2 1 3 0 0 2 0 2 0 3 2 3 1 1 3 3 0 1 3 0 3 0 3 3 0 1 3 1 1 1 0 0 3 0 2 3 0 1 1 0 2 1 2 1 1 2 1 0 2 1 1 0 3 1 1 3 2 0 2 2 2 3 1 3 0.2949266279 0
3 0 3 1 1 0 2 2 3 1 0 0 2 0 2 3 1 0 2 1 1 3 1 3 1 0 1 3 0 1 1 0 2 2 2 3 2 1 3 2 3 2 2 0 0 2 2 3 3 2 3 1 2 0 1 1 1 2 2 3 1 1 3 0 0.7497091866 0
3 1 3 1 3 0 3 2 2 0 0 3 2 2 1 1 2 2 2 1 2 2 1 0 2 3 1 1 3 2 0 3 0 2 3 2 3 2 0 2 2 2 3 1 3 2 3 3 0 2 1 1 1 3 2 3 1 2 1 1 0 1 1 1 0.354867572 0
3 3 2 3 2 3 2 0 0 3 2 1 0 2 2 3 3 0 1 2 0 0 1 2 3 0 0 3 2 2 2 0 2 3 3 3 2 3 2 1 1 3 1 2 0 2 1 0 2 3 1 1 0 0 3 2 0 2 2 2 2 0 1 2 0.2924043498 0
2 2 2 1 1 3 3 3 3 3 0 0 3 1 1 3 3 2 1 3 3 2 2 1 1 1 1 3 2 3 3 2 3 3 2 3 0 0 1 0 1 1 2 0 0 1 1 3 0 1 2 3 1 3 1 0 1 1 2 0 3 1 3 3 0.3519612949 0
0 1 2 3 0 2 2 3 3 2 2 0 2 1 0 2 2 2 2 0 2 1 0 3 0 0 2 0 1 2 2 1 3 2 1 3 1 1 3 0 2 2 2 3 3 3 1 3 3 0 0 1 2 2 1 1 0 1 3 3 2 2 3 1 0.2768649715 0
0 0 3 0 0 0 1 0 1 2 3 0 2 3 1 1 0 1 1 1 2 3 2 1 3 0 3 3 2 0 1 2 0 2 3 1 0 1 3 1 1 2 2 0 0 2 1 2 2 0 3 3 3 0 0 0 1 3 2 1 1 2 3 2 0.3277600771 0
2 1 3 3 3 1 0 0 0 0 1 1 3 3 3 2 3 2 3 3 1 2 2 0 1 2 0 3 2 1 1 0 2 0 1 2 3 0 0 0 1 2 0 3 2 1 3 1 3 2 0 3 2 3 0 1 3 0 3 1 1 0 2 1 0.5927255389 0
2 2 2 2 0 2 0 2 2 2 1 2 1 0 0 3 1 2 0 2 1 0 0 1 2 2 1 0 3 3 1 0 0 3 2 3 0 2 0 1 3 3 1 1 1 0 1 3 0 0 1 1 1 3 0 2 0 1 1 2 2 0 0 0 0.4142135624 0
3 2 3 0 3 0 2 2 3 3 0 1 0 0 1 0 2 3 1 0 1 0 3 0 1 2 3 0 3 1 2 2 0 1 2 3 0 2 2 2 0 3 2 0 3 3 1 0 1 3 0 2 1 1 1 3 1 1 3 2 0 0 3 3 0.2984058257 0
2 3 2 1 3 3 2 2 2 3 3 0 2 1 0 2 2 3 2 1 2 3 1 1 2 2 0 3 0 1 1 3 1 1 2 0 1 0 2 1 1 1 1 2 0 3 0 3 3 3 1 3 3 3 2 1 0 3 3 3 3 2 0 2 0.4370276282 0
1 0 1 3 1 0 3 1 0 3 1 0 2 1 3 3 1 1 0 1 1 3 0 2 0 2 1 1 3 0 0 3 3 2 1 0 0 0 0 2 1 2 2 2 0 0 1 3 1 2 1 3 3 3 1 3 1 3 0 2 0 3 0 1 0.5346245339 0
0 0 3 2 0 2 0 0 2 2 2 3 2 1 2 3 3 2 1 0 3 2 1 2 0 1 0 3 0 3 0 0 2 1 3 1 2 2 1 2 3 3 0 3 3 3 0 1 1 2 2 2 2 0 3 0 2 2 2 1 2 2 1 3 0.2795994011 0
0 2 1 2 0 3 0 3 0 2 3 0 3 3 0 2 3 1 1 2 3 2 2 3 2 2 2 3 0 0 3 2 0 2 2 2 2 3 0 2 3 1 3 1 2 3 2 0 0 0 2 0 0 3 0 0 1 3 0 3 1 2 2 2 0.3372389691 0
0 3 0 3 1 0 1 3 3 3 1 0 0 1 1 0 2 3 1 2 2 0 3 3 2 0 0 3 2 2 1 1 2 3 0 3 1 0 3 2 0 0 0 0 1 2 3 0 0 2 1 3 1 2 0 0 2 0 1 3 1 2 0 0 0.305820918 0
3 1 0 3 1 3 3 0 3 1 0 1 2 2 0 1 3 3 2 2 3 0 2 3 3 2 0 3 1 0 3 3 2 0 2 2 0 0 1 3 1 1 0 2 1 1 3 1 2 2 3 3 0 0 3 1 1 3 0 1 1 3 1 2 0.282163914 0
2 2 2 1 3 3 2 0 0 0 1 0 0 2 2 0 0 3 0 0 1 3 0 1 2 0 0 1 1 3 0 3 1 3 2 3 1 0 0 0 1 1 2 3 1 3 3 1 0 2 1 2 0 1 3 3 0 1 3 1 1 0 1 1 0.282163914 0
2 2 3 2 1 1 0 2 1 2 1 1 2 2 2 0 0 3 1 1 2 3 2 1 1 1 3 2 2 2 2 0 1 0 1 1 0 3 1 1 0 0 0 3 2 1 0 2 0 1 0 1 3 3 0 2 2 3 1 2 1 1 0 3 0.3675632775 0
2 3 3 0 0 2 0 3 2 0 1 0 3 0 3 1 3 3 0 0 3 1 0 3 3 1 1 2 1 0 2 3 0 3 2 1 2 3 0 0 2 1 0 2 0 2 1 0 1 1 1 2 3 2 1 1 0 1 2 0 0 3 3 0 0.2903505128 0
2 0 2 3 3 0 1 0 1 1 3 3 1 1 2 3 0 1 0 3 0 1 2 1 3 3 3 1 2 2 3 2 0 1 1 3 3 1 2 1 2 2 3 1 0 3 0 0 0 3 2 2 2 3 3 0 0 1 0 1 0 3 0 0 0.3516237889 0
2 3 3 1 0 1 1 2 3 0 2 1 0 2 1 1 3 0 3 2 0 3 0 2 1 0 1 1 3 2 0 1 0 2 3 3 0 2 2 2 3 0 3 0 2 0 1 3 1 1 3 1 3 1 2 2 1 1 0 0 0 3 2 2 0.2987143064 0
0 1 0 1 1 2 1 2 2 1 0 0 3 2 2 1 3 3 3 0 3 3 1 0 2 0 3 2 1 3 0 0 3 0 1 2 2 0 2 3 2 0 1 3 2 3 2 2 2 3 0 1 2 2 0 2 2 1 2 0 0 0 2 1 0.383045968 0
3 0 2 1 2 2 1 2 1 2 1 3 3 1 1 3 1 2 3 3 3 3 0 3 1 2 2 2 1 2 3 1 3 2 1 1 3 3 0 1 2 2 0 3 0 0 0 2 3 1 0 2 2 2 0 0 3 2 3 1 1 0 2 0 0.4162039862 0
0 3 3 2 3 1 0 3 2 0 0 2 2 3 1 3 3 0 2 0 3 0 2 0 0 2 3 3 3 3 1 3 3 3 2 3 3 0 3 2 0 3 3 3 3 1 3 1 1 3 0 1 1 2 0 3 1 0 0 2 1 2 2 2 0.3465901709 0
2 3 3 3 1 3 1 1 1 0 0 1 0 2 3 2 3 0 1 3 2 1 0 2 1 2 2 3 2 2 2 0 3 1 0 2 1 3 0 3 1 1 0 2 3 1 3 1 0 1 2 2 3 2 0 3 0 0 3 2 1 0 3 0 0.3005423822 0
1 2 1 3 1 2 0 3 1 3 2 1 0 3 3 2 0 3 2 0 0 1 0 0 2 0 0 1 2 1 1 0 1 1 1 0 0 0 3 2 2 2 0 1 1 0 2 1 3 1 1 3 3 3 1 2 2 0 3 0 0 2 3 1 0.2875668903 0
1 0 0 2 2 2 2 0 1 0 0 0 2 3 2 3 0 3 3 3 0 1 2 2 1 1 3 2 2 3 3 2 1 3 3 3 3 3 0 0 0 1 3 3 3 3 2 0 2 1 2 0 0 3 3 1 1 2 1 1 2 0 1 1 0.2963204151 0
0 1 3 1 3 3 2 1 0 1 0 3 3 2 3 2 3 3 3 0 1 1 0 0 2 1 3 3 3 1 3 2 1 2 2 2 2 2 2 2 3 0 1 2 3 2 3 3 2 0 2 0 0 0 0 0 1 2 2 1 1 1 1 1 0.3234259954 0
0 3 2 2 0 0 1 1 1 0 1 3 1 2 1 0 0 2 2 2 1 2 0 2 3 1 3 1 1 3 2 2 3 2 3 3 3 2 3 3 0 1 3 0 3 1 3 1 1 0 1 1 3 2 1 0 3 3 0 1 2 0 0 0 0.3418020796 0
0 2 3 2 3 3 3 2 2 0 1 2 1 2 2 1 3 2 3 1 2 2 1 0 2 0 1 3 2 2 2 2 3 3 3 1 0 0 2 0 1 3 0 0 1 1 2 2 3 2 1 2 0 2 2 2 3 3 2 3 1 1 3 1 0.3340670182 0
3 0 2 2 1 2 1 1 1 3 3 0 3 0 2 1 2 2 2 1 1 2 0 2 0 1 3 0 0 1 0 3 2 2 3 2 2 1 0 3 2 0 3 3 2 2 3 2 0 0 2 2 1 1 3 3 3 1 2 2 2 3 1 3 0.2938102447 0
0 3 0 0 3 1 1 3 2 2 1 2 2 2 3 3 0 3 2 2 0 0 1 3 3 0 0 3 3 1 0 1 2 2 1 0 1 2 3 2 3 2 1 1 0 1 1 1 0 3 2 2 0 0 3 2 1 0 2 3 0 2 3 3 0.4472135955 0
1 1 2 0 2 1 0 3 0 3 3 2 3 3 0 2 2 0 0 3 0 2 1 3 1 3 2 2 1 3 1 2 1 3 2 3 0 0 3 1 0 3 3 0 2 1 3 2 2 2 1 3 0 2 2 3 2 0 1 0 1 1 0 2 0.4114331844 0
3 2 3 3 2 0 1 0 3 2 3 2 0 2 1 2 1 2 3 2 2 2 0 2 1 1 0 2 3 2 3 0 1 1 3 3 3 3 3 2 0 2 0 1 3 2 2 2 2 1 0 2 0 1 2 0 1 3 1 0 0 3 0 0 0.3762779394 0
0 3 3 3 3 1 0 0 1 2 1 0 3 0 0 2 2 0 0 3 3 2 2 1 3 1 1 2 0 2 2 1 1 3 0 2 0 1 1 1 3 0 0 3 3 2 2 0 2 0 1 3 3 2 2 0 3 1 0 2 3 1 1 3 0.3011757808 0
3 0 2 2 1 1 1 1 3 1 0 3 0 2 1 1 3 2 2 1 1 2 0 1 3 1 1 2 2 1 3 2 2 2 0 3 3 3 2 2 1 0 0 0 1 2 2 0 1 3 3 1 0 3 1 2 2 0 1 3 1 3 3 3 0.3082594558 0
0 2 2 1 0 3 1 0 0 3 1 2 3 0 3 0 2 3 3 2 2 0 3 3 1 2 0 1 2 2 3 0 3 1 0 3 1 2 2 3 3 3 1 3 1 1 3 3 2 2 0 3 0 2 0 2 1 1 2 2 3 3 0 0 0.304113536 0
2 3 2 2 1 1 2 0 3 2 1 0 0 0 3 2 2 0 0 0 1 1 3 0 1 1 0 3 0 2 3 2 1 2 3 1 1 1 0 3 3 1 2 1 2 1 2 2 3 1 2 0 1 2 2 0 0 2 2 1 1 1 0 3 0.3332230924 0
3 0 2 1 1 2 2 3 1 2 3 1 2 0 1 1 3 3 2 2 3 1 2 0 0 3 1 0 1 3 1 3 0 2 2 1 0 2 3 3 0 1 2 3 2 2 0 2 2 0 3 1 2 3 2 2 1 2 2 1 2 3 3 1 0.2898979486 0
1 2 0 1 1 3 3 2 0 2 0 0 0 1 1 1 1 1 2 2 1 2 0 0 2 2 1 1 2 1 2 1 0 2 3 2 1 0 0 3 3 1 1 3 0 2 1 2 3 3 0 3 1 2 2 3 1 3 2 2 1 2 3 2 0.3337861086 0
0 2 2 3 3 2 0 2 3 1 0 1 1 1 3 0 0 0 0 3 0 2 3 0 2 1 0 1 2 2 0 1 1 3 3 3 0 1 0 0 1 3 2 1 0 2 2 1 1 3 3 0 1 3 1 3 3 3 0 2 2 1 3 2 0.4142135624 0
2 3 0 1 0 0 0 2 2 1 2 2 3 2 0 3 2 1 1 1 0 0 1 1 1 1 0 0 0 1 0 3 0 0 1 0 2 0 3 3 1 3 1 3 0 0 1 0 0 2 0 2 3 3 0 0 2 1 0 1 3 1 0 0 0.3083910611 0
1 1 2 1 0 1 2 3 3 2 1 3 0 2 1 2 0 1 3 1 1 3 0 3 2 1 1 2 1 1 0 3 3 3 1 2 2 1 2 2 1 0 1 3 1 1 2 2 2 0 1 2 2 1 0 3 0 2 1 0 3 2 1 2 0.364016789 0
1 3 3 2 1 3 1 3 3 0 0 1 2 2 0 3 2 3 3 2 1 0 0 1 1 1 1 3 0 1 3 0 1 1 2 3 0 2 0 3 3 0 2 2 2 3 1 1 3 1 0 1 2 0 1 1 1 2 3 1 0 1 3 1 0.2840872296 0
1 2 3 2 3 3 3 2 0 1 0 3 0 0 1 0 0 0 0 1 0 0 1 0 3 1 2 1 0 3 1 3 0 3 0 2 3 3 0 0 3 1 1 2 0 0 3 3 3 1 1 0 2 0 3 0 3 3 2 3 1 3 3 3 0.3255563301 0
3 0 2 0 2 2 1 1 0 0 0 3 1 2 3 2 1 0 3 3 3 0 1 3 1 1 0 2 2 1 1 3 3 1 3 0 0 0 0 1 1 2 2 1 2 1 1 2 1 0 1 0 0 3 3 1 2 0 2 1 0 2 2 3 0.3421074211 0
2 3 1 2 0 3 3 0 1 3 1 0 0 0 0 3 0 1 3 2 0 2 3 0 3 0 1 2 0 0 2 3 0 2 0 0 1 3 3 3 1 3 2 0 2 1 2 2 2 0 1 2 0 1 3 0 2 0 2 0 3 0 0 3 0.3252996028 0
0 3 2 0 0 1 2 0 0 0 2 0 0 3 0 1 2 3 2 0 0 3 0 2 2 3 3 1 2 2 0 0 3 1 3 2 0 0 1 2 2 1 2 2 2 3 3 3 2 2 3 0 0 2 3 1 3 0 2 0 3 1 3 0 0.3247280836 0
0 1 1 3 3 1 0 2 2 1 1 0 1 0 1 2 0 2 3 0 2 3 2 0 2 3 0 1 0 2 2 0 3 3 1 3 1 3 1 3 3 1 3 2 3 1 2 3 2 2 0 1 2 2 2 3 0 0 3 2 0 1 1 0 0.282163914 0
0 3 1 1 3 3 1 0 2 0 2 0 1 2 2 3 0 3 2 3 3 0 3 3 0 0 1 2 1 1 0 2 1 3 3 2 2 3 2 1 0 1 1 0 2 0 0 2 1 3 2 1 3 1 3 1 0 1 3 2 3 2 3 1 0.3005423822 0
0 3 2 1 2 1 0 1 2 3 1 1 0 3 2 3 2 1 1 2 0 2 3 0 3 3 3 1 1 0 2 0 1 2 1 2 0 1 2 1 1 2 1 2 0 3 1 1 1 3 1 1 1 0 1 0 1 1 3 1 1 0 3 0 0.3665002512 0
3 1 3 2 1 2 0 3 2 1 2 0 3 2 2 1 2 3 0 1 1 1 0 2 2 1 3 3 0 1 0 3 3 0 3 3 3 1 1 3 3 0 1 0 1 1 0 2 3 2 3 3 3 3 1 1 1 3 1 3 2 0 1 0 0.3397347183 0
2 0 0 2 2 3 3 3 2 2 1 0 1 0 0 1 0 0 3 0 2 3 0 3 1 2 3 1 2 0 2 0 3 2 0 3 1 2 0 2 3 1 2 2 0 0 2 1 0 2 3 0 2 1 3 1 1 2 1 0 0 3 1 3 0.4037797985 0
3 2 3 1 0 1 3 3 1 3 2 0 2 3 1 1 0 2 0 3 2 1 3 2 2 0 3 3 1 3 2 3 3 2 3 3 0 2 0 0 3 3 0 2 1 3 0 3 1 0 3 2 2 1 1 2 2 0 1 3 3 1 3 0 0.3442264525 0
0 0 3 0 0 1 2 0 0 0 0 3 0 1 0 2 1 1 3 3 2 2 2 1 1 3 2 2 0 2 0 2 1 3 0 1 3 2 0 3 2 2 3 3 0 1 3 1 3 3 1 1 2 1 1 3 1 1 1 0 1 1 3 1 0.3572822687 0
0 2 1 2 1 1 0 2 3 1 3 3 2 0 3 2 2 1 0 3 1 0 2 2 3 2 1 3 2 0 1 1 3 3 2 0 2 1 3 3 2 0 0 2 3 2 0 3 0 1 2 0 0 2 0 0 0 2 1 0 3 2 0 1 0.282163914 1
3 0 1 3 3 3 1 1 3 1 2 2 0 2 2 0 2 1 2 2 3 1 0 3 0 1 1 3 2 1 0 3 1 2 3 2 1 2 1 2 2 1 1 3 2 1 1 1 3 2 0 0 3 0 3 2 3 0 0 1 1 3 0 0 0.4126288197 1
0 3 0 3 0 1 0 0 1 3 2 1 2 2 3 3 0 1 0 1 1 3 3 2 0 2 2 3 3 0 2 2 3 1 2 1 1 3 3 1 3 1 1 0 0 2 3 1 3 1 0 2 2 1 3 3 2 3 1 0 3 2 1 1 0.3067328429 1
0 0 1 1 1 2 2 0 0 2 3 2 2 0 0 2 3 0 0 0 1 0 0 3 3 3 3 3 2 0 0 1 0 0 0 1 0 0 1 1 3 3 3 3 3 2 0 0 3 1 2 0 1 2 0 3 2 1 3 2 3 2 2 3 0.3582201532 1
2 2 0 0 1 1 3 0 0 3 1 3 3 2 3 0 0 0 0 3 3 0 2 2 3 3 2 0 1 2 2 3 3 0 2 0 3 0 0 1 3 1 3 3 0 1 2 1 0 0 3 0 0 0 1 3 3 1 3 2 1 3 3 0 0.4237149455 1
1 1 2 3 0 2 1 3 0 0 0 2 0 2 0 0 1 3 0 2 3 1 1 1 0 2 2 0 1 0 0 2 2 3 0 1 0 3 2 2 3 0 1 0 3 2 0 2 2 0 1 0 1 3 1 2 2 1 1 3 0 0 3 0 0.4304465009 1
1 3 2 2 3 1 1 2 2 2 2 0 3 2 0 1 0 0 3 1 0 0 2 0 3 1 0 1 2 3 0 1 3 3 3 3 1 0 0 3 2 2 3 2 2 1 3 1 3 0 1 1 0 3 1 2 2 2 2 0 2 3 0 0 0.4184720066 1
2 1 2 1 1 3 1 2 3 0 0 3 1 0 3 3 3 3 1 2 0 0 3 0 0 1 1 0 3 1 2 0 3 0 0 3 1 0 0 3 3 2 1 0 3 0 1 0 1 3 1 1 0 2 2 2 2 2 0 3 1 2 0 2 0.3218052944 1
1 2 1 0 0 1 3 3 1 0 1 3 2 0 3 2 0 2 1 0 0 3 2 3 1 3 2 2 2 1 0 2 3 2 2 2 3 2 1 3 1 1 1 3 0 0 3 1 3 3 0 0 0 0 0 3 1 0 0 3 1 2 1 2 0.3732175159 1
3 2 3 0 1 0 2 3 3 0 0 1 2 1 1 3 0 3 2 3 3 2 3 3 3 0 2 3 3 1 2 3 1 1 0 3 0 3 0 2 3 2 1 3 1 3 0 0 3 2 1 2 0 1 3 1 3 1 0 0 2 1 3 0 0.2806875398 1
3 0 0 2 2 1 0 0 2 1 1 2 3 3 2 3 2 1 3 0 1 3 3 1 1 2 0 0 1 3 0 0 2 3 1 1 3 1 1 1 3 3 1 2 2 2 3 0 3 2 0 1 1 1 1 1 0 1 0 2 0 2 3 0 0.3528503646 1
2 1 2 3 1 1 1 3 1 0 2 1 3 2 1 3 0 3 1 1 3 0 2 0 1 3 1 3 0 1 3 1 1 3 1 0 3 2 0 2 1 2 1 3 1 3 1 0 3 2 0 1 2 2 3 0 1 1 2 0 3 1 2 1 0.3429113871 1
2 3 2 2 0 3 3 1 2 1 3 3 0 3 3 1 3 2 1 1 1 1 3 1 0 3 3 0 3 1 3 0 2 2 2 1 2 3 3 3 1 0 0 2 3 0 0 1 1 3 0 1 3 1 3 3 0 3 1 2 2 3 0 2 0.4443082056 1
2 1 0 1 1 1 3 1 1 3 1 3 0 2 2 2 1 3 3 2 3 2 3 1 0 3 1 2 0 1 0 0 1 3 1 3 1 2 1 1 1 3 1 1 1 3 2 1 2 0 1 2 2 2 3 3 3 1 3 1 1 2 1 2 0.3087365277 1
1 3 0 0 1 3 1 3 1 1 2 3 3 3 3 1 1 2 2 3 1 1 3 2 1 3 0 1 0 3 2 2 3 2 1 0 2 3 3 2 3 3 3 1 3 0 3 3 2 3 0 2 3 2 1 3 1 0 1 2 3 2 1 1 0.4037797985 1
2 3 3 3 2 3 0 0 0 0 1 0 1 1 3 1 3 2 1 2 2 0 2 0 2 1 3 1 1 2 0 2 0 1 0 3 0 2 2 0 3 0 2 3 3 0 1 3 0 2 3 0 1 0 3 1 2 3 3 2 0 3 2 3 0.3025326147 1
1 2 2 3 1 0 1 2 0 1 3 1 0 2 2 0 1 3 0 3 2 3 3 0 0 3 3 1 0 3 2 1 0 3 0 3 3 1 3 3 2 0 2 0 0 3 3 3 0 1 0 2 0 1 2 2 2 2 1 3 1 3 3 2 0.2965064146 1
1 0 3 1 1 0 0 3 2 1 1 1 3 2 1 2 3 0 0 2 1 3 3 2 0 0 1 3 0 2 1 2 0 1 0 3 2 2 0 0 0 0 0 3 3 0 2 2 1 3 1 2 2 1 0 3 0 3 3 1 1 1 2 1 0.3039881037 1
1 3 2 0 3 3 3 3 3 0 0 3 2 1 0 2 0 2 1 1 0 3 1 2 0 0 2 0 0 0 1 2 1 2 2 0 3 0 0 3 3 2 3 3 2 2 2 2 0 2 1 1 0 0 0 0 2 3 1 2 1 2 2 3 0.2857269627 1
1 2 0 1 1 3 1 3 2 2 1 2 0 1 1 0 3 0 2 3 3 3 0 2 2 0 3 1 2 2 0 3 2 3 3 3 0 3 3 1 1 2 1 3 0 2 2 0 2 0 0 0 3 0 0 2 3 0 0 3 3 2 3 0 0.3690008269 1
0 0 3 2 0 2 0 1 0 2 3 0 1 2 2 1 0 0 3 0 1 2 0 3 2 2 3 1 2 3 1 3 1 2 2 0 0 0 0 1 1 3 0 0 3 1 1 3 2 2 1 3 0 2 0 3 3 1 2 1 1 1 0 3 0.5453467918 1
1 3 3 0 1 1 0 3 0 1 3 0 0 1 2 1 2 3 1 0 1 1 0 3 1 2 1 0 0 1 1 3 3 1 1 1 0 3 1 1 2 1 0 1 2 2 0 1 0 0 2 2 2 1 0 2 1 0 3 0 1 3 3 2 0.2965064146 1
1 2 0 2 1 2 0 1 3 3 2 1 0 0 1 0 0 2 1 0 1 2 0 1 1 3 3 2 1 2 3 2 0 2 0 0 1 1 0 2 1 3 2 2 2 1 1 0 3 2 0 3 0 2 2 1 2 2 0 1 3 0 1 0 0.3572822687 1
3 3 0 1 3 3 1 2 2 3 1 3 3 0 1 2 2 0 2 3 3 3 1 3 1 1 1 3 3 1 0 0 0 1 3 3 2 2 2 1 2 1 1 0 1 2 0 1 1 0 0 3 2 1 1 1 3 3 0 1 1 0 3 1 0.4076499498 1
3 0 1 0 1 2 2 3 0 0 1 1 2 2 1 2 0 2 1 3 2 0 2 3 0 0 0 3 1 2 0 2 0 2 3 1 3 3 2 0 1 0 1 3 2 1 3 1 0 0 2 2 3 1 1 3 3 0 3 3 1 0 1 0 0.3030564488 1
3 0 2 0 1 2 0 0 3 1 0 0 2 2 3 0 2 1 2 3 3 0 0 0 3 2 0 0 3 3 2 2 0 0 2 2 1 0 0 2 0 0 0 0 1 1 1 3 3 1 1 3 0 2 0 2 0 3 0 1 3 1 1 3 0.3077041043 1
1 1 1 1 0 2 3 0 1 0 3 0 3 1 2 1 2 3 3 2 2 3 0 2 1 2 2 1 1 1 1 0 2 2 3 2 2 2 0 2 3 1 0 1 0 0 2 3 0 0 3 2 3 0 0 0 1 1 0 1 1 1 1 3 0.3102148911 1
0 3 0 0 3 0 1 3 0 0 1 0 3 1 0 1 3 0 2 2 0 3 3 0 0 1 0 2 3 0 2 1 1 0 3 1 2 1 2 1 0 1 1 3 0 0 0 0 3 1 2 2 1 1 3 1 1 0 1 2 0 0 3 2 0.3489347692 1
0 0 1 3 1 3 3 2 3 2 3 3 0 3 2 2 3 1 2 2 0 3 0 3 1 2 1 2 2 1 0 3 2 3 1 3 1 2 3 0 0 3 0 3 3 0 3 0 1 2 1 1 2 1 0 2 2 3 3 1 1 1 3 0 0.3842352831 1
3 1 2 0 3 3 0 3 0 3 1 2 3 0 0 1 1 1 3 3 0 0 3 0 3 0 1 3 3 3 0 2 3 0 3 0 2 0 3 2 2 3 0 2 0 2 1 1 3 0 3 3 0 2 1 0 1 0 0 3 3 3 0 3 0.3158639485 1
1 3 2 0 1 0 0 3 0 0 2 1 1 3 3 2 0 3 3 3 0 0 1 2 3 1 0 3 2 0 2 1 3 0 3 2 2 0 0 2 3 1 0 1 3 3 0 1 2 0 1 3 0 3 0 1 2 3 0 1 1 0 3 1 0.3969468151 1
0 1 2 3 0 2 2 0 2 0 1 0 2 0 0 0 2 2 0 2 1 0 3 1 0 2 2 3 1 2 2 1 3 3 3 0 1 1 3 3 0 3 3 2 2 1 3 3 3 3 2 1 1 1 2 2 2 3 1 1 1 0 1 2 0.2932281927 1
2 2 0 0 1 3 3 1 1 2 1 2 2 1 3 1 0 2 1 2 2 0 3 3 1 3 3 2 1 0 3 3 2 2 3 3 3 1 2 2 3 3 1 1 3 1 3 0 0 2 0 1 0 0 0 3 1 0 0 1 1 1 3 1 0.3999149091 1
2 2 2 0 2 1 0 2 2 3 3 0 1 0 1 0 1 3 3 0 2 0 3 2 0 3 3 1 0 2 1 1 0 1 0 3 0 0 0 3 3 1 1 1 0 0 2 3 3 2 1 3 1 0 2 2 2 1 1 0 2 3 3 3 0.3005423822 1
3 3 2 3 2 2 0 1 2 1 1 3 0 2 3 3 0 3 1 0 3 1 2 0 0 3 2 2 2 2 0 1 2 3 3 3 3 0 2 1 2 0 3 1 1 2 0 0 1 0 1 1 2 1 0 0 2 1 2 2 0 1 3 0 0.3010544585 1
0 2 0 3 3 0 2 3 0 0 1 2 2 1 2 0 3 2 1 0 0 0 1 2 2 0 1 3 0 0 3 0 0 1 2 1 3 1 2 3 0 1 0 3 0 2 2 2 0 1 1 3 2 0 2 2 3 2 2 0 1 2 0 2 0.3200220867 1
1 2 3 0 2 0 0 3 0 0 1 1 3 1 3 0 0 2 0 2 0 2 3 3 0 1 3 2 0 0 2 0 3 0 3 1 3 1 0 1 2 2 1 0 0 0 3 0 0 2 1 3 0 3 2 3 1 3 1 0 3 3 1 1 0.2955369106 1
3 1 1 0 0 3 1 0 2 2 1 2 2 2 0 2 2 3 2 0 1 2 3 2 0 2 3 0 1 0 1 3 1 3 0 3 2 1 0 1 2 0 0 0 0 0 1 0 2 0 3 1 2 0 1 3 3 3 0 1 0 1 1 3 0.2898979486 1
0 0 2 2 1 2 2 3 2 0 2 0 3 1 3 3 1 3 1 0 3 0 3 3 1 2 1 0 1 2 3 0 0 0 0 1 0 3 0 3 2 3 3 3 2 0 1 0 2 3 1 0 0 0 2 1 2 3 0 0 0 0 2 0 0.7117102235 1
0 0 3 2 1 0 2 2 2 2 2 3 1 2 1 2 0 2 1 3 3 0 1 1 3 0 0 1 0 3 0 2 1 3 3 3 1 2 1 2 1 1 1 3 0 3 2 0 0 3 0 1 3 3 2 0 3 1 0 1 2 0 2 2 0.5703811193 1
3 0 3 3 1 2 1 1 1 1 3 3 1 0 1 2 1 2 3 3 1 1 1 2 0 2 0 2 2 3 0 1 1 2 3 3 2 0 1 0 3 1 2 0 1 2 2 3 0 3 1 2 2 1 2 2 0 2 1 2 2 0 0 0 0.3716235242 1
0 2 1 2 0 0 0 1 0 0 0 1 3 3 1 0 2 3 0 2 3 3 2 1 0 3 2 1 1 3 0 0 1 0 3 0 2 0 1 2 0 1 1 3 0 3 2 0 1 2 2 0 0 2 1 0 2 2 0 1 0 3 1 0 0.317756027 1
3 1 3 3 0 3 3 3 2 2 0 3 3 1 1 1 2 1 0 3 3 0 0 3 1 3 0 2 3 1 0 2 3 2 2 1 1 3 3 3 2 1 0 2 0 1 0 0 0 2 2 2 1 1 3 0 3 3 3 3 0 1 2 3 0.3011757808 1
2 0 2 2 3 1 2 2 0 1 3 3 3 1 2 0 3 0 0 1 1 0 0 3 3 3 1 0 3 2 3 1 2 2 3 0 2 0 3 1 2 2 2 2 1 2 2 0 2 1 0 1 0 1 3 0 3 2 3 2 0 3 0 0 0.3355515247 1
2 0 0 1 2 2 1 3 0 0 2 0 2 0 2 2 0 3 2 0 3 0 0 2 0 2 1 3 2 0 2 2 0 3 2 3 3 0 2 2 2 3 2 0 1 1 1 3 2 0 1 2 3 1 0 1 2 2 3 3 1 0 3 2 0.3572822687 1
2 1 1 3 1 2 0 0 3 1 2 1 0 3 1 3 0 1 2 1 3 3 3 2 1 3 3 1 3 2 0 3 3 0 3 0 2 3 0 3 3 1 2 3 2 0 1 0 3 3 3 2 1 3 3 3 3 1 2 2 1 3 3 0 0.3193901603 1
0 2 3 2 2 1 1 3 3 3 3 1 2 1 1 3 0 2 2 0 3 0 3 0 1 3 2 3 2 3 1 0 3 1 3 3 2 1 3 3 2 2 1 2 3 0 0 0 1 0 0 0 0 3 2 2 2 1 1 0 0 1 0 2 0.3273351788 1
2 0 3 2 0 3 1 0 2 3 0 0 3 1 2 3 1 2 1 3 1 2 1 0 1 3 2 2 0 0 1 1 1 0 0 3 3 2 0 3 1 3 0 0 1 1 0 1 2 0 3 0 0 2 0 2 0 1 2 0 2 3 2 2 0.3474320193 1
2 1 2 2 3 3 1 1 0 2 2 0 1 2 3 1 1 1 0 2 0 2 3 2 0 2 0 1 0 0 2 1 3 3 2 3 1 2 0 3 3 3 0 2 3 0 2 1 2 3 1 0 2 3 0 2 3 2 0 2 1 1 2 2 0.3069422669 1
0 1 3 3 3 3 0 0 2 2 2 2 1 0 1 0 2 2 3 3 3 0 1 0 0 2 3 0 1 2 0 3 2 0 0 3 3 2 2 0 3 1 1 0 1 0 3 2 0 3 2 1 3 2 0 3 0 1 3 3 0 2 3 3 0.3142042283 1
0 1 3 3 1 1 3 1 3 0 1 0 3 1 0 2 2 3 3 1 0 1 2 1 0 3 3 2 2 0 2 0 3 2 2 3 2 3 1 0 3 0 1 3 0 0 0 2 3 3 1 2 3 2 1 1 1 2 0 1 3 1 0 2 0.3629008246 1
2 0 3 3 0 2 2 2 0 1 2 0 3 0 3 3 0 2 1 2 1 2 3 0 2 2 0 0 1 2 1 0 1 1 3 3 0 0 1 1 1 0 2 3 1 0 1 0 2 3 2 1 2 2 2 1 0 1 2 3 2 0 3 3 0.4222413479 1
3 1 3 1 2 3 0 0 3 0 2 1 2 0 0 2 2 0 3 2 3 2 0 0 0 3 2 3 0 3 1 2 2 1 3 0 3 3 3 3 0 3 1 0 3 0 0 2 2 0 0 0 0 3 0 0 1 3 0 0 1 0 0 2 0.4806853357 1
3 1 2 0 1 0 2 0 0 3 2 3 3 3 0 3 2 1 3 1 2 3 1 0 1 1 2 2 3 3 2 0 3 1 2 2 2 0 3 0 0 2 1 1 1 2 3 1 1 3 3 2 2 2 1 3 1 0 0 0 1 1 1 2 0.5071671483 1
1 0 2 2 1 0 2 1 2 2 2 1 0 3 2 2 1 0 3 1 3 2 0 0 3 3 3 1 1 2 1 3 3 2 3 1 2 0 3 2 2 2 1 3 0 3 2 1 2 1 0 2 0 1 0 0 3 0 0 3 3 1 0 0 0.2817901702 1
3 2 0 1 1 1 1 2 1 3 1 0 0 1 1 3 1 2 1 2 0 1 3 2 0 1 3 1 1 1 2 3 2 2 1 3 1 0 3 0 1 2 0 3 0 1 3 2 3 3 0 2 2 3 0 0 1 1 0 2 3 0 0 3 0.3102148911 1
2 1 2 3 0 0 3 2 1 3 0 2 1 3 0 2 0 2 3 1 0 2 0 2 3 3 2 2 2 3 2 0 2 0 2 0 3 0 1 1 3 1 3 3 2 0 2 3 1 3 0 0 2 0 3 3 2 1 2 0 1 1 0 0 0.3010544585 1
2 3 3 3 3 1 1 3 1 1 1 0 3 2 0 0 0 1 2 2 2 2 3 2 0 2 0 3 0 1 2 0 1 2 0 3 3 3 3 3 1 3 2 0 0 2 2 3 1 3 3 1 1 1 3 0 2 1 1 3 0 2 3 2 0.3665354679 1
2 1 1 1 3 1 2 1 0 3 1 3 0 1 1 2 0 3 1 2 2 2 0 3 3 2 3 2 3 1 0 3 3 3 0 3 0 3 2 0 2 2 2 2 1 0 0 3 2 1 1 1 3 0 2 0 2 1 1 1 1 3 2 2 0.3062172217 1
2 3 2 3 0 0 2 0 3 3 2 0 1 2 1 2 0 2 2 0 1 2 3 2 0 1 2 3 3 0 3 1 1 1 0 0 0 0 2 1 2 1 1 3 2 1 3 1 3 3 3 0 2 1 1 2 2 1 3 2 1 3 0 0 0.4842134203 1
0 2 3 1 3 3 1 1 0 0 1 0 0 2 1 0 3 1 3 3 0 0 0 3 0 3 3 2 1 1 1 2 1 0 0 2 3 3 3 3 0 3 0 0 3 0 0 0 3 0 0 2 2 0 3 0 1 1 0 2 0 3 2 0 0.2807067927 1
0 3 3 0 1 3 1 0 2 3 2 3 0 1 1 0 2 0 2 3 0 2 1 1 2 0 2 1 3 2 2 1 3 1 2 1 0 2 3 3 1 1 2 1 0 2 2 0 1 1 3 1 0 2 1 1 0 0 2 2 0 3 0 1 0.5846609003 1
2 1 3 0 0 0 1 2 1 2 2 3 2 0 3 1 3 2 3 0 0 2 0 2 1 0 2 3 1 2 0 0 3 2 3 3 3 1 2 3 1 2 3 2 2 3 3 2 2 1 3 0 3 2 2 1 2 0 1 0 3 3 1 0 0.3193901603 1
0 0 1 2 3 0 1 0 2 2 0 0 0 2 2 2 2 0 1 0 0 3 0 3 3 1 2 0 1 2 3 2 2 2 1 1 1 3 3 3 3 3 0 0 3 0 1 1 2 0 2 1 1 3 0 3 3 3 2 3 0 0 1 0 0.3430292414 1
3 3 2 3 0 0 3 3 2 0 0 2 0 0 0 2 2 1 0 1 0 3 1 1 1 3 1 2 2 1 3 0 0 2 3 1 1 0 2 2 2 2 0 2 2 1 3 0 0 1 1 1 3 1 1 3 1 2 2 3 3 3 2 2 0.2825766451 1
0 0 1 0 0 1 1 3 3 3 1 0 1 1 1 0 2 3 0 3 0 0 0 0 1 2 2 3 0 2 0 0 0 3 0 0 0 2 1 3 1 3 0 3 2 2 1 1 1 0 0 1 0 2 1 2 1 0 3 1 0 2 3 0 0.7150702111 1
3 0 1 0 2 0 1 3 2 0 1 0 1 3 1 2 2 1 3 1 1 2 0 1 2 1 3 3 1 3 2 0 2 3 1 0 2 1 3 1 2 2 3 2 2 3 0 0 3 2 2 0 0 1 0 2 0 2 2 1 0 2 0 2 0.3210538243 1
3 3 0 0 3 3 2 3 3 2 1 3 0 3 1 1 3 3 3 3 3 2 1 0 0 1 2 3 3 0 3 2 1 1 1 0 0 3 0 2 1 0 0 3 1 3 3 1 2 1 1 3 2 2 1 0 2 3 0 2 1 3 0 2 0.4209393819 1
2 1 0 2 0 2 3 0 1 2 2 2 2 1 2 1 2 0 3 1 0 2 0 1 0 1 1 3 0 0 1 0 1 0 0 2 3 2 2 1 2 0 3 1 1 2 2 2 2 2 0 0 0 1 0 3 2 3 0 2 1 3 2 2 0.2891707476 1
0 3 1 2 0 0 0 1 0 1 1 0 0 3 3 1 0 2 1 0 0 1 2 2 2 1 0 0 3 1 1 3 3 3 1 2 0 2 3 3 3 0 3 0 1 2 3 3 3 1 2 1 0 3 0 3 0 0 1 2 3 1 2 2 0.2788983006 1
2 2 3 2 1 3 2 1 0 3 0 3 1 3 1 0 3 0 3 2 3 3 2 1 0 1 2 1 2 2 0 3 3 1 0 3 1 0 1 1 0 3 1 0 3 1 3 2 0 1 2 3 2 3 2 3 1 3 0 0 3 1 0 3 0.3439144051 1
2 0 3 3 0 0 0 3 0 2 3 3 3 0 0 0 3 3 3 2 0 1 0 3 2 1 1 1 1 3 1 1 1 2 1 1 0 2 0 2 3 0 2 2 3 1 3 2 0 2 3 0 0 3 1 0 3 2 2 3 3 3 1 0 0.2776625516 1
0 2 1 1 2 2 1 0 2 2 0 1 2 1 3 0 0 2 1 1 1 0 1 3 3 0 2 3 2 2 3 1 3 2 1 0 3 3 2 2 0 0 2 3 1 2 1 3 2 2 1 2 3 1 1 2 1 1 2 0 0 2 1 2 0.2983609102 1
1 2 0 1 3 3 1 1 0 3 1 1 2 1 2 0 2 3 1 0 1 3 3 1 3 3 0 1 2 2 1 1 3 1 1 1 2 0 1 3 1 1 3 3 0 1 3 3 1 3 0 2 0 2 1 1 3 0 1 3 3 1 0 2 0.2984058257 1
0 2 3 2 3 2 1 2 1 1 1 2 3 1 1 2 1 3 3 3 3 2 1 1 0 2 1 0 1 3 3 0 3 2 1 1 2 2 3 0 0 2 2 3 1 3 1 0 3 3 0 3 1 1 0 0 0 1 2 1 3 3 3 2 0.288659483 1
1 3 2 3 1 0 1 3 2 2 1 2 0 1 2 2 3 0 3 0 3 2 3 2 3 1 1 3 0 2 0 0 0 1 0 0 2 0 0 0 1 1 3 0 0 1 1 2 3 0 3 0 2 0 0 0 0 2 3 3 0 3 0 1 0.3225939386 1
1 3 2 0 3 0 0 1 0 3 2 0 1 3 0 0 0 1 3 3 1 2 1 2 2 2 1 1 3 1 0 2 3 1 2 3 2 3 2 0 3 2 0 2 0 3 3 2 3 0 0 2 0 3 2 3 1 1 0 3 3 3 3 1 0.3474320193 1
1 1 2 0 1 1 3 0 3 1 2 1 0 0 2 3 2 1 2 3 3 1 1 3 2 3 1 1 3 3 2 0 1 0 3 1 3 0 2 0 1 1 3 0 0 2 0 1 1 0 3 2 0 0 2 0 0 1 3 0 2 0 0 3 0.3496707166 1
1 1 3 3 1 0 0 1 3 3 1 0 3 1 0 1 1 3 3 2 3 1 1 1 2 0 1 0 3 1 2 1 1 2 0 1 3 1 1 1 0 2 2 0 0 3 2 0 0 3 3 3 3 2 3 1 0 2 2 2 1 3 0 0 0.4228979929 1
0 2 0 2 1 3 1 3 1 0 2 3 2 1 3 3 2 1 3 2 0 2 1 2 0 3 0 2 0 2 1 2 2 1 3 2 2 2 3 3 2 0 1 0 2 3 1 2 3 3 3 3 0 3 2 1 0 2 0 0 2 1 0 2 0.4472135955 1
1 3 2 0 0 2 0 1 1 1 0 3 2 0 2 2 2 2 3 1 3 3 0 0 2 1 2 1 1 0 0 2 3 2 2 1 1 2 2 3 2 2 0 3 1 2 1 3 3 3 0 3 1 3 1 1 3 1 2 2 0 1 0 0 0.3484826572 1
0 3 1 0 3 3 2 3 3 2 2 1 1 1 3 2 0 3 0 3 1 0 1 3 0 1 3 2 0 2 2 1 2 3 3 3 3 2 2 0 2 3 3 2 1 2 1 2 2 2 2 3 0 3 0 1 0 2 1 2 1 3 0 0 0.2936299596 1
2 3 2 2 1 0 2 2 0 0 2 1 1 2 2 2 2 0 1 2 1 3 1 3 3 1 1 2 2 0 1 1 1 3 3 0 3 3 3 1 1 2 1 3 3 2 2 0 1 2 3 1 2 0 0 1 0 0 2 3 0 2 1 3 0.3337861086 1
1 1 2 1 3 1 1 2 3 3 3 1 1 0 3 3 2 1 3 3 2 1 2 3 0 3 0 2 3 3 2 2 2 0 0 2 1 3 1 0 1 1 2 3 0 2 0 3 0 3 2 0 0 0 2 3 2 3 1 0 3 2 0 0 0.2814635903 1
3 2 1 0 2 1 2 0 1 2 2 0 2 1 0 2 2 3 1 0 2 2 0 3 0 0 1 1 2 3 1 2 2 1 1 2 2 2 3 0 3 3 1 3 0 0 3 3 0 2 1 1 2 2 1 2 0 3 3 3 1 3 2 0 0.3774710347 1
2 0 3 0 1 3 1 0 3 0 2 3 1 0 3 3 0 0 3 2 1 1 1 2 1 0 3 2 2 2 0 0 1 3 0 3 0 1 2 1 0 1 1 1 3 2 2 2 0 3 2 1 3 0 2 0 3 2 3 2 1 1 3 1 0.3762779394 1
2 1 2 0 2 0 1 2 0 0 3 3 2 2 0 1 0 3 3 1 0 1 1 1 3 2 1 1 0 1 0 0 2 3 2 1 3 2 3 1 2 2 1 2 2 1 2 1 0 0 0 2 0 3 1 3 3 0 1 2 3 1 3 3 0.4124663515 1
2 2 1 0 1 0 0 1 0 0 1 0 2 3 0 2 1 2 1 0 1 0 0 3 3 1 3 3 3 3 3 0 3 0 2 3 1 3 1 0 2 1 2 2 2 0 2 2 2 2 3 3 2 2 2 0 2 1 0 3 2 1 1 3 0.331165631 1
0 0 3 3 0 3 3 3 3 2 2 2 0 2 1 1 3 0 1 0 2 3 0 0 3 0 1 0 2 1 0 0 2 1 2 1 1 1 0 0 0 1 0 3 0 0 1 3 2 2 1 2 3 2 3 1 1 1 3 1 0 0 1 1 0.3009333038 1
2 0 1 1 3 0 2 2 2 1 0 0 3 2 3 1 0 0 0 0 0 2 2 3 2 1 3 2 1 2 3 0 3 2 2 1 3 3 3 1 0 0 1 3 1 2 3 1 3 0 3 0 0 3 0 3 1 0 0 1 1 3 1 1 0.2857509089 1
1 3 3 0 3 3 0 0 1 0 3 0 1 3 3 1 0 3 2 3 0 2 0 2 0 2 1 3 0 0 1 0 1 2 0 1 3 3 2 2 3 3 3 2 2 3 3 0 1 2 2 0 1 0 3 3 3 0 0 2 0 2 3 1 0.3655178698 1
3 1 3 1 3 0 1 3 1 1 3 0 2 0 3 1 1 0 3 3 3 3 1 1 1 2 1 3 1 1 1 0 2 1 2 3 3 2 0 0 0 2 1 3 0 3 2 1 0 3 3 0 2 1 1 2 2 2 0 3 2 2 3 3 0.3302867025 1
1 2 0 1 1 0 3 2 0 0 3 1 2 1 3 0 1 0 3 3 3 1 3 2 1 1 1 0 0 1 2 2 3 0 3 1 0 3 2 0 3 1 0 1 2 0 1 0 1 2 1 2 0 3 2 3 2 2 1 1 2 1 1 2 0.2921851759 1
3 2 1 1 1 3 2 0 2 2 1 1 1 3 2 0 0 3 3 3 0 2 3 3 3 0 0 1 3 2 3 1 3 2 3 1 1 3 3 0 3 0 0 3 3 0 3 3 3 0 2 0 2 2 0 1 0 3 0 2 3 2 1 2 0.2861577002 1
0 0 2 3 1 0 1 3 0 2 0 0 2 2 0 3 3 2 0 0 0 0 2 0 1 3 2 2 3 0 3 3 1 0 3 0 2 2 3 2 1 0 0 2 2 3 2 3 3 3 2 3 0 3 1 3 1 3 2 0 1 2 1 2 0.3340670182 1
2 0 1 1 1 0 0 2 2 1 2 2 3 2 0 3 0 0 0 2 1 3 3 2 1 1 3 0 2 3 3 1 0 3 1 1 0 0 2 0 2 3 1 0 3 0 0 2 3 3 1 3 2 0 2 2 2 3 1 0 2 0 1 2 0.3305574359 1
2 3 0 1 0 3 1 1 0 2 2 3 0 2 1 0 0 0 2 1 3 0 3 2 0 2 2 0 2 1 0 1 1 2 3 0 2 1 0 2 2 1 2 0 0 0 3 1 3 1 1 2 3 2 1 3 1 1 1 0 0 3 3 0 0.3572822687 1
1 2 2 0 1 0 2 0 0 1 2 0 1 3 2 2 1 0 0 0 1 2 0 2 0 2 3 3 2 1 0 0 1 0 2 1 2 2 3 2 1 3 2 0 2 2 2 1 3 0 2 1 0 1 3 3 0 2 0 2 3 2 2 0 0.5784771826 1
2 0 0 1 0 1 2 1 0 0 1 0 3 0 0 0 1 0 3 3 3 1 0 0 3 2 2 2 3 3 2 1 2 2 1 1 2 1 3 0 3 1 1 0 2 3 3 2 1 2 3 2 0 2 2 2 3 2 2 2 0 3 3 0 0.5471518349 1
1 3 1 2 3 0 0 2 0 0 0 2 1 0 2 3 3 1 1 0 3 1 1 0 3 2 2 1 3 2 2 2 0 2 2 2 2 2 3 3 1 3 1 2 1 2 0 1 1 3 1 2 0 0 3 2 3 3 0 2 1 2 3 3 0.3117179653 1
3 2 1 0 2 2 2 0 1 2 0 2 2 2 1 3 3 0 2 2 3 1 3 2 3 2 1 2 1 1 3 1 3 0 2 1 3 2 1 1 0 3 1 0 1 0 2 1 1 0 2 2 0 0 0 0 1 3 1 2 2 0 0 0 0.3095138673 1
1 2 3 1 0 0 2 0 2 2 1 0 0 0 2 3 0 2 0 3 3 0 1 2 3 0 1 0 3 0 3 1 1 3 2 1 3 0 3 1 1 0 2 1 2 1 2 1 2 1 1 3 1 3 3 3 1 0 3 3 2 1 0 3 0.4184720066 1
3 0 0 1 3 1 0 0 1 2 2 3 0 3 2 0 3 2 0 2 1 3 3 0 1 3 0 2 2 0 1 1 3 0 3 1 3 2 1 3 2 0 0 1 2 2 1 1 0 0 1 2 2 0 2 2 0 1 0 1 1 3 2 0 0.4627853301 1
2 1 1 2 1 0 0 1 1 3 2 1 2 2 1 2 3 3 0 0 2 3 2 0 3 1 3 2 3 3 1 1 1 2 0 1 0 2 0 3 3 0 1 1 3 0 2 0 1 1 0 1 2 1 1 0 1 1 2 0 0 3 3 3 0.323714375 1
2 2 2 3 1 3 3 1 1 2 1 2 1 3 3 1 0 1 2 2 2 2 0 1 2 1 0 2 3 3 2 1 2 0 2 2 2 3 0 2 3 0 0 2 0 3 0 1 3 0 1 2 3 1 1 3 2 1 3 2 0 2 2 2 0.2910879078 1
0 2 0 3 2 3 0 1 1 1 3 2 3 2 1 3 1 2 3 1 0 2 3 3 2 0 3 0 2 2 3 3 1 2 3 0 2 1 1 0 2 2 0 0 1 2 2 2 0 3 3 2 3 2 0 1 1 2 3 1 2 2 3 3 0.4627853301 1
0 3 3 2 0 2 3 3 3 3 3 2 3 1 1 0 1 2 3 0 3 2 3 1 2 1 2 1 3 0 1 2 2 3 0 3 3 2 0 3 0 2 0 0 3 1 3 0 3 0 1 2 3 3 1 1 0 3 0 0 2 3 1 2 0.3955158291 1
3 2 3 3 3 3 1 1 1 1 0 2 0 0 0 2 3 1 2 2 0 0 0 0 0 3 0 3 3 0 2 1 1 2 3 0 2 1 3 1 1 3 2 1 1 0 1 3 3 1 0 2 3 1 2 0 3 0 3 2 3 0 0 3 0.3804245211 1
0 3 3 0 0 0 1 1 3 1 0 3 0 3 3 2 0 3 1 0 2 1 1 2 1 2 1 0 2 3 0 1 3 2 1 0 2 2 0 1 3 1 0 1 2 3 0 3 2 1 1 3 2 2 2 2 0 1 1 0 0 3 3 2 0.4894301474 1
1 2 2 3 0 3 1 0 3 3 0 3 1 2 0 2 0 3 3 3 2 3 2 0 2 3 3 3 2 3 1 0 0 0 0 0 0 3 2 0 1 3 0 2 1 0 1 3 0 2 1 2 0 0 0 2 0 1 3 2 3 1 2 1 0.3724476299 1
1 3 1 3 3 3 0 3 2 2 0 3 1 1 3 0 3 1 3 3 1 1 0 0 2 2 2 3 3 0 1 1 3 3 1 1 3 0 0 0 3 0 3 0 3 0 0 1 3 0 3 0 0 1 1 1 0 0 1 3 2 1 0 3 0.4025461134 1
1 2 1 3 2 1 2 0 3 0 1 1 1 2 2 0 0 3 1 0 0 2 3 3 3 0 0 1 3 0 3 1 3 0 3 2 2 3 1 0 3 3 0 2 3 1 0 3 2 0 0 0 2 3 1 2 0 1 0 2 2 2 3 1 0.3510801119 1
0 2 3 2 0 0 1 2 1 0 1 1 3 0 1 2 1 0 1 0 0 2 1 3 2 0 1 0 1 3 3 0 1 3 0 1 2 3 1 0 0 1 1 0 2 3 0 1 1 2 3 1 1 0 3 3 2 2 1 2 1 1 3 3 0.3352662227 1
1 0 2 1 0 2 2 2 2 2 2 0 0 2 0 2 3 3 0 2 1 1 0 2 3 3 0 1 3 0 2 3 2 0 3 2 3 0 3 1 1 1 1 1 1 1 2 1 0 3 3 2 2 1 3 0 0 0 1 1 1 3 1 3 0.5614939454 1
0 2 3 3 3 3 3 2 2 1 0 0 3 2 2 3 3 2 3 3 2 1 0 2 1 1 0 2 2 1 2 0 3 3 2 1 3 2 1 1 0 0 0 2 0 2 0 1 2 0 1 0 2 2 3 3 3 1 2 3 2 1 0 2 0.3025326147 1
3 2 3 0 0 3 1 0 3 1 2 2 3 3 2 0 0 0 3 2 0 2 0 2 2 2 0 2 0 0 2 1 3 2 3 2 3 3 0 1 2 0 2 2 0 1 3 3 3 0 1 1 0 2 3 1 0 0 1 0 1 2 0 1 0.2913712585 1
3 3 2 1 2 1 1 3 1 2 1 1 0 0 3 2 2 3 1 1 1 3 3 2 3 2 2 2 0 1 0 2 0 3 1 0 3 1 3 1 1 0 2 0 2 0 1 0 2 3 2 0 3 3 0 0 0 3 2 2 0 1 3 2 0.2918317294 1
0 3 3 0 2 3 1 2 3 2 2 1 1 0 3 2 0 3 3 0 3 2 1 2 3 3 0 2 2 2 1 2 3 2 3 2 3 3 1 3 3 0 0 1 0 2 0 0 2 0 2 2 2 3 0 1 3 1 1 0 1 0 0 2 0.387499617 1
0 2 1 0 1 1 3 3 1 2 3 0 3 3 0 1 3 0 2 0 0 1 3 1 3 1 0 2 2 2 1 0 3 0 0 1 3 0 1 2 1 1 1 3 1 2 1 0 3 1 1 1 0 0 2 0 0 0 1 2 3 1 1 2 0.3632784829 1
3 1 1 3 3 0 2 1 2 3 1 1 2 0 2 0 1 3 2 0 2 3 1 2 3 0 3 2 2 2 2 3 3 3 1 3 3 2 0 3 1 1 3 2 1 0 1 1 2 0 1 1 1 2 1 2 1 2 3 3 1 1 0 2 0.3553497752 1
2 0 1 2 1 0 3 3 1 3 0 3 0 2 1 2 2 3 0 1 1 0 2 1 2 2 3 2 2 2 2 0 1 0 2 3 3 3 0 0 3 1 3 3 2 2 2 1 1 2 1 0 0 0 0 1 1 1 3 3 0 3 0 3 0.3892408304 1
0 3 0 0 2 3 0 1 3 3 0 1 2 0 0 0 0 0 0 1 3 3 3 2 2 3 2 3 0 1 0 3 3 3 1 1 1 3 3 3 3 0 2 1 1 2 1 2 2 3 1 2 3 0 0 2 3 1 1 2 1 2 3 0 0.2954231899 1
2 0 2 3 0 0 0 2 2 2 3 2 0 0 1 1 2 1 0 2 0 1 3 3 1 3 0 1 0 2 2 3 1 2 3 1 0 2 3 0 3 0 1 1 3 3 0 2 0 3 3 3 0 0 3 2 1 1 2 3 1 3 3 1 0.4120293971 1
1 2 3 2 3 2 3 1 0 1 0 0 3 0 3 1 3 1 3 3 0 2 3 1 3 2 3 1 3 0 0 2 3 2 0 0 2 0 3 0 3 0 0 3 1 2 2 0 0 0 0 2 2 2 0 3 1 3 0 0 1 1 1 1 0.4493617321 1
2 0 3 0 0 0 1 3 1 1 2 1 3 1 0 0 3 3 0 0 0 2 1 1 3 2 1 3 2 1 0 0 0 2 3 0 2 0 3 1 3 3 3 1 3 0 0 0 0 1 3 2 3 3 1 3 3 1 1 1 2 3 2 2 0.2804968051 1
3 3 0 3 2 1 3 0 3 3 1 2 1 2 3 1 0 0 3 0 3 3 3 3 3 2 3 1 0 0 2 1 3 1 1 3 0 1 1 0 2 1 0 2 0 0 1 3 0 1 2 3 2 2 1 3 2 0 3 3 1 2 1 0 0.3163830028 1
2 1 2 3 3 1 3 2 3 1 2 1 3 2 2 3 1 3 0 1 2 3 1 2 2 2 1 1 3 1 0 0 1 1 0 2 0 2 2 0 0 1 1 1 0 2 3 3 2 2 0 3 3 2 2 0 3 2 0 1 2 0 3 0 0.388756727 1
0 0 0 1 3 2 3 2 3 0 1 2 1 0 1 2 2 0 0 0 2 3 3 0 0 3 0 2 2 0 0 0 1 1 2 1 3 2 1 2 0 1 1 3 0 3 0 2 3 1 1 2 2 0 1 0 0 0 0 2 2 0 3 1 0.3804245211 1
1 1 2 0 1 3 2 2 2 3 2 1 1 2 0 0 3 1 0 1 0 3 3 1 1 2 3 1 1 1 2 2 1 3 2 3 2 2 2 1 2 2 0 1 3 3 0 0 3 2 1 2 0 0 2 3 0 0 0 0 2 1 2 2 0.4817647796 1
0 2 2 1 2 1 2 2 3 0 2 3 0 3 2 1 3 1 3 0 0 2 1 0 0 2 3 3 3 3 2 0 3 1 2 1 1 3 2 3 0 1 3 2 2 1 1 3 0 0 3 3 0 2 1 0 0 1 2 0 3 0 0 0 0.2987143064 1
3 1 3 1 0 3 0 1 2 1 2 0 2 2 3 0 3 0 2 2 1 2 3 2 2 0 2 0 0 1 0 3 1 3 3 0 3 0 2 0 1 2 0 0 2 2 3 0 2 3 1 3 1 1 1 1 1 3 1 0 1 0 0 0 0.3737950927 1
2 3 3 1 3 3 3 1 0 1 1 1 3 3 1 1 2 0 2 2 0 1 2 1 2 1 1 0 0 3 2 3 3 3 2 2 0 3 0 0 2 3 3 1 1 2 2 3 1 0 0 0 3 3 2 3 2 3 1 0 0 3 0 0 0.3655178698 1
2 3 3 1 0 0 3 0 1 1 1 1 1 2 3 1 3 3 2 0 2 0 0 2 3 1 1 1 1 0 1 1 1 3 3 3 2 2 0 0 1 3 0 1 0 0 1 2 3 0 0 0 3 1 3 0 3 3 3 2 2 2 2 3 0.3890556606 1
2 1 0 3 1 1 0 1 3 1 2 0 3 2 1 2 1 0 0 2 0 2 1 2 2 1 1 3 1 1 3 3 0 1 0 0 0 0 3 1 3 1 0 0 1 3 2 0 0 2 0 0 3 0 3 3 1 2 1 1 1 3 3 2 0.4472135955 1
1 2 2 2 3 0 0 1 0 0 3 2 1 3 0 3 2 0 2 0 1 2 2 0 2 0 1 3 3 0 0 3 1 1 0 3 2 2 2 3 2 1 2 3 2 1 1 3 2 0 2 1 3 1 3 3 2 1 2 1 3 2 0 1 0.7497091866 1
1 2 3 3 3 3 1 3 2 1 0 1 0 1 2 0 3 0 1 3 0 3 1 1 3 3 2 1 1 1 3 3 1 0 3 2 0 2 2 2 1 3 0 1 3 2 0 1 1 2 0 0 3 2 0 2 1 2 1 0 1 3 1 2 0.3244736208 1
1 2 0 1 0 3 2 3 2 3 3 2 1 0 3 1 3 1 2 3 3 2 2 0 3 3 3 2 0 3 1 1 3 3 2 3 0 1 2 2 2 0 1 1 0 3 1 0 0 2 0 1 2 2 3 0 3 2 2 1 2 0 2 0 0.3189103168 1
3 3 2 2 0 3 1 2 0 0 3 1 0 0 3 0 2 0 0 2 3 3 0 0 1 3 3 1 1 0 2 1 3 2 3 2 0 2 0 2 1 3 1 3 2 1 2 0 3 1 3 0 0 0 2 1 3 2 1 0 2 3 1 3 0.3126595927 1
2 2 3 3 2 3 1 1 1 1 0 1 1 2 1 2 0 1 0 1 2 2 0 3 1 2 0 3 0 1 1 2 3 3 2 0 1 2 1 3 3 1 3 3 1 3 2 1 1 0 2 1 2 0 1 1 3 1 2 3 0 3 1 2 0.354867572 1
3 0 1 1 3 1 2 3 3 2 0 3 3 2 1 3 0 1 1 3 3 2 1 1 0 0 0 3 0 1 3 1 3 1 2 2 2 3 0 3 1 0 1 1 2 1 3 1 0 0 3 3 0 1 0 3 3 3 1 3 1 0 0 3 0.4873332321 1
3 2 2 0 3 0 0 2 0 2 1 3 3 0 1 2 0 2 3 2 1 1 3 3 0 1 3 1 3 3 0 0 0 0 3 1 2 0 3 2 0 3 1 3 0 1 3 0 0 1 1 1 3 2 3 0 1 2 0 3 1 1 1 2 0.3080970496 1
1 1 2 2 2 3 0 0 0 1 2 0 3 2 0 2 2 3 0 3 0 2 2 3 2 2 1 3 1 1 0 1 0 2 0 1 2 2 0 0 1 0 0 0 0 2 3 0 3 0 3 0 1 0 3 1 2 2 3 0 1 1 1 0 0.2910624043 1
2 3 1 2 0 2 1 3 1 0 0 1 2 1 1 1 0 2 3 1 3 0 0 2 0 1 0 0 1 2 2 1 2 3 2 1 0 2 0 1 3 0 1 3 0 1 0 3 3 0 1 1 3 2 0 3 2 3 2 3 2 1 2 0 0.3005423822 1
1 0 3 2 2 3 0 2 2 0 2 3 3 3 1 2 2 0 0 0 1 2 2 2 0 1 1 0 3 3 2 1 2 0 2 1 1 1 0 3 0 3 0 3 2 0 1 0 1 2 2 1 3 3 2 3 0 3 0 0 3 1 3 0 0.2971553461 1
0 2 1 3 2 0 2 2 3 3 3 3 1 0 3 2 1 2 3 2 2 1 0 3 1 3 2 3 0 3 1 1 3 2 2 2 3 2 1 2 1 2 3 2 0 0 0 1 3 0 1 1 0 0 2 3 1 1 2 2 3 3 2 2 0.3302867025 1
0 0 0 3 2 2 2 1 0 1 0 0 3 0 3 0 1 3 1 0 3 1 1 2 3 2 3 0 3 3 3 1 1 3 2 2 3 3 3 0 0 0 0 1 2 1 0 1 2 0 2 3 1 1 2 1 2 2 1 3 2 3 1 2 0.2879030161 1
3 3 1 1 1 1 3 2 0 2 1 3 3 0 0 2 0 0 1 0 3 2 0 0 2 1 3 2 2 1 1 2 1 2 2 1 3 3 0 2 2 1 0 3 3 0 2 2 3 0 0 0 0 3 3 1 1 1 2 3 2 1 3 1 0.3193901603 1
3 3 2 1 1 1 3 1 3 3 1 2 2 1 2 0 0 2 3 2 1 3 1 2 0 2 3 2 2 2 0 1 1 1 2 1 1 3 1 0 1 2 3 0 1 0 2 2 0 2 2 0 3 0 1 3 3 0 0 3 1 0 0 2 0.3210538243 1
2 3 2 2 0 2 1 0 2 3 1 3 1 1 3 2 2 0 2 3 3 1 1 3 0 3 0 2 1 0 1 2 0 3 1 0 2 2 2 0 1 3 3 1 3 0 2 3 1 3 3 0 0 0 3 3 1 3 2 3 2 0 2 3 0.3214509738 1
3 2 3 2 3 3 0 1 1 2 2 3 0 3 0 1 2 0 2 0 3 2 3 3 2 2 3 0 2 1 1 0 2 0 2 3 0 3 3 3 2 3 1 0 0 3 0 3 2 3 1 0 2 2 1 0 2 0 1 0 0 1 0 0 0.3939380266 1
1 3 0 0 3 3 3 0 1 0 2 1 2 1 3 0 3 0 2 3 0 2 1 1 2 3 1 1 0 1 3 1 3 0 2 2 3 0 3 3 3 1 0 3 2 3 3 3 0 3 3 3 0 0 3 3 0 2 1 1 0 2 1 2 0.2898979486 1
3 3 1 3 2 0 0 2 0 2 3 1 0 1 1 1 0 2 2 2 1 2 2 2 0 1 0 3 3 2 0 3 2 3 3 2 1 0 0 3 2 2 3 1 2 1 0 2 3 0 0 0 2 3 2 3 2 3 3 3 0 2 3 1 0.395590895 1
1 2 3 1 0 0 3 1 0 1 1 0 1 0 2 1 0 3 0 3 3 2 2 3 0 0 1 1 0 1 0 0 3 2 1 1 3 1 3 0 0 3 1 3 3 3 3 2 1 0 3 0 2 1 3 3 1 1 0 3 2 0 3 3 0.2867174089 1
3 1 3 2 1 3 1 2 2 2 0 3 1 1 0 0 0 0 0 3 1 3 0 3 0 0 3 0 0 2 0 2 2 1 2 0 3 3 1 0 2 1 3 0 1 3 0 2 3 0 1 1 2 2 3 1 1 2 2 2 1 0 0 2 0.5298559784 1
3 0 3 3 1 0 3 1 0 1 2 2 3 0 2 1 2 1 3 0 3 2 2 1 3 2 2 3 3 3 0 3 3 0 0 0 3 1 1 3 2 0 0 1 3 2 1 3 3 2 3 2 0 1 3 2 1 0 0 2 1 3 2 2 0.2907389623 1
3 3 3 0 1 3 3 2 1 2 0 1 0 1 1 2 2 0 1 0 0 1 1 2 0 1 3 1 3 0 1 0 3 1 3 0 0 2 3 3 0 2 2 1 3 1 1 0 2 0 2 3 0 0 2 0 1 0 1 0 2 1 0 0 0.4072953528 1
0 1 1 0 1 3 0 1 0 1 3 3 0 3 2 3 1 0 1 2 2 3 2 3 3 0 0 2 0 1 1 1 3 0 3 3 0 3 0 1 2 0 2 0 0 3 0 2 2 3 0 3 3 1 0 0 2 2 2 2 3 2 2 3 0.3238107005 1
2 1 1 2 1 3 0 2 1 3 3 2 3 3 0 3 1 3 2 2 0 2 2 3 2 3 2 1 3 0 3 0 0 1 1 2 2 3 1 2 1 3 1 2 0 1 0 1 2 1 2 2 1 2 3 0 3 2 2 2 0 1 0 1 0.4751838527 1
3 2 0 0 1 2 1 1 2 1 1 2 3 1 1 2 2 2 3 0 1 0 2 0 1 0 2 2 1 3 2 3 3 1 3 1 1 0 3 2 1 2 1 0 2 3 1 0 3 1 3 2 0 3 3 0 2 2 0 1 3 2 2 1 0.6454089641 1
3 3 3 2 1 1 0 2 1 0 1 0 2 2 2 1 0 0 3 2 0 1 3 3 1 0 2 1 0 2 3 2 0 0 2 3 0 0 0 0 2 3 0 2 0 1 3 0 1 1 0 2 0 2 2 0 0 2 0 2 3 3 1 1 0.2930491235 1
1 2 2 2 0 1 2 0 1 3 0 2 1 2 3 0 0 3 3 0 3 0 3 2 2 1 2 3 3 2 0 3 1 0 2 2 1 2 2 0 0 2 3 0 0 1 2 0 1 3 2 3 2 3 1 2 2 2 3 2 2 2 1 2 0.3603494589 1
2 2 1 3 3 1 0 3 3 0 3 1 1 2 3 1 0 3 1 2 3 0 2 3 3 3 0 0 1 1 2 1 1 2 2 0 0 0 2 0 2 1 2 3 2 3 1 1 3 1 1 1 2 3 1 1 0 2 1 2 2 2 3 1 0.3122662991 1
3 2 0 0 3 0 3 0 0 0 0 3 0 3 0 3 0 0 2 2 0 0 0 3 2 3 1 3 0 0 3 2 1 0 1 2 2 0 1 2 1 3 1 1 0 0 3 2 2 1 3 3 3 0 0 1 2 1 3 3 3 0 2 0 0.357604307 1
2 1 0 1 0 1 3 0 1 0 2 3 0 0 2 2 0 0 1 0 1 0 1 1 2 1 2 1 2 0 3 0 2 2 3 3 2 2 3 3 3 2 3 1 3 0 1 2 3 2 1 3 2 0 2 1 0 0 2 0 2 1 3 2 0.3193901603 1
2 3 0 3 3 1 3 3 2 0 0 2 2 1 0 2 0 1 1 1 3 1 1 0 0 2 1 1 2 2 2 2 3 1 1 1 1 0 1 0 1 0 2 0 3 3 0 0 0 0 0 2 2 2 0 2 3 1 0 3 3 3 2 1 0.4627853301 1
3 3 2 2 1 3 2 0 0 1 3 1 1 1 2 0 0 1 3 1 0 2 0 0 3 0 3 0 1 0 3 3 3 1 3 1 2 0 3 2 0 3 3 3 1 2 2 2 2 0 3 2 2 2 2 0 1 0 1 2 1 2 2 2 0.5614939454 1
2 2 1 0 0 3 0 3 2 1 3 1 2 1 3 1 1 0 3 1 3 3 1 2 3 1 1 0 1 2 0 1 2 1 0 3 0 2 2 0 0 1 1 2 1 3 1 3 0 3 1 3 3 1 0 0 2 1 1 3 3 0 1 3 0.3510801119 1
2 0 1 2 3 1 3 3 3 1 2 2 1 1 3 0 0 0 3 2 3 2 1 3 3 3 1 2 0 3 0 0 2 2 0 0 2 2 1 3 2 2 3 3 0 3 3 3 2 2 3 3 2 3 3 0 1 3 1 2 3 1 0 2 0.354867572 1
1 2 1 0 1 0 0 3 1 1 1 3 3 1 3 2 1 1 0 1 2 2 3 2 2 2 3 0 0 2 2 2 2 0 1 2 3 2 0 0 1 2 0 2 3 3 3 2 1 0 2 3 2 0 3 2 2 0 2 3 0 2 2 2 0.3804245211 1
1 1 1 2 2 3 1 2 2 3 3 3 1 1 2 1 2 2 1 0 2 2 3 0 1 2 2 3 3 2 0 3 2 3 1 0 3 0 3 0 0 3 0 0 1 1 3 2 3 1 1 3 0 1 2 0 3 2 0 3 0 3 3 3 0.4637160337 1
0 1 2 2 1 1 0 3 0 0 0 1 0 1 2 2 2 3 2 3 2 2 3 1 1 3 1 1 1 1 3 3 0 3 3 2 2 2 3 3 3 3 3 2 0 2 3 3 2 2 3 2 2 3 1 0 1 0 0 3 3 1 3 3 0.3212411204 1
3 2 3 3 3 1 0 2 3 2 0 0 1 0 3 0 0 2 2 2 0 3 2 3 1 2 2 2 2 0 1 2 0 2 3 3 3 3 2 0 3 1 2 2 3 3 1 0 0 1 0 2 3 0 1 3 1 2 3 3 0 3 0 0 0.2892764577 1
3 1 3 3 0 1 0 0 3 1 0 0 2 0 0 1 2 3 1 2 2 2 2 2 2 3 0 3 0 1 1 0 2 3 1 0 1 3 3 0 1 1 2 0 2 2 3 2 3 2 2 2 1 1 3 0 3 2 0 1 1 3 2 3 0.2942840346 1
0 0 1 2 1 1 3 3 3 2 1 2 2 1 3 2 1 0 3 0 0 3 1 0 0 1 2 2 0 1 1 0 1 3 0 2 1 3 2 3 1 3 1 2 0 3 3 0 1 2 1 1 0 0 1 2 3 2 2 2 1 3 0 0 0.488281641 1
1 1 2 0 0 2 0 2 0 1 1 3 2 1 1 0 1 3 3 1 3 2 0 0 2 2 1 2 3 3 3 3 0 2 1 0 0 1 1 3 3 1 0 2 1 0 2 2 0 2 2 0 3 0 2 1 1 0 0 1 3 1 2 1 0.79210615 1
1 3 3 1 0 2 3 0 3 1 0 1 0 1 0 3 3 3 1 0 1 2 1 2 1 1 0 0 3 1 2 2 1 2 0 3 3 1 3 1 3 0 0 2 1 2 0 2 2 2 0 2 1 1 2 0 2 3 2 1 1 1 3 2 0.395590895 1
3 2 3 0 2 3 1 1 1 3 0 1 0 3 2 0 2 2 2 0 2 1 3 0 2 0 3 3 2 1 3 0 3 0 1 0 0 1 3 2 3 0 1 2 2 2 2 2 0 0 1 3 2 1 1 1 1 0 2 2 2 1 2 0 0.3465901709 1
3 3 1 0 1 0 0 3 3 2 3 1 2 1 2 1 3 1 0 1 0 2 0 2 2 3 3 0 0 1 0 3 0 2 2 2 0 2 1 3 1 2 1 0 1 1 2 3 3 3 1 3 3 3 2 2 2 0 1 0 2 1 2 0 0.2887244073 1
1 2 3 0 0 0 2 3 2 0 0 1 1 3 1 3 3 0 0 0 0 2 1 1 2 3 1 3 2 1 1 0 1 3 1 2 3 3 0 3 3 0 3 3 0 2 2 0 1 2 2 0 0 3 3 2 3 0 2 3 3 3 0 2 0.4184720066 1
1 2 3 2 1 2 0 2 1 0 0 3 2 0 2 2 1 1 0 3 3 2 0 0 3 2 3 0 0 1 0 2 1 1 1 3 1 0 0 2 2 3 1 3 0 0 3 0 2 0 2 3 0 2 0 0 1 1 1 2 0 0 3 3 0.2938528595 1
1 2 0 3 3 1 1 3 3 1 3 2 0 0 2 0 0 0 2 2 1 1 1 0 0 1 3 1 3 0 1 1 1 2 1 2 3 2 3 1 0 1 0 2 2 2 3 3 0 0 1 0 3 0 0 1 3 3 1 0 2 3 2 0 0.3193901603 1
1 3 2 2 0 1 0 0 1 1 2 3 2 2 0 0 3 1 2 2 0 3 3 0 3 1 1 2 2 1 3 1 1 3 0 2 3 0 0 0 2 1 0 3 2 0 1 3 0 2 3 2 2 2 3 1 2 1 3 1 0 2 0 1 0.5166298428 1
0 2 0 1 2 0 0 0 0 3 3 3 3 2 1 1 1 2 1 1 2 2 0 3 0 1 1 1 0 3 2 2 2 0 0 0 1 0 3 0 1 0 1 3 0 0 0 1 2 1 0 2 2 2 2 0 2 0 0 2 2 2 1 0 0.3011757808 1
1 2 3 0 2 1 1 1 0 3 1 1 1 0 2 0 1 0 2 3 2 3 3 2 3 1 0 0 2 2 1 1 1 2 3 0 3 0 2 0 0 2 2 1 2 1 0 3 3 3 1 2 0 3 2 0 3 0 0 1 0 0 2 1 0.3474320193 1
0 2 3 3 1 1 2 3 1 1 3 1 0 1 1 0 3 1 2 1 1 0 1 3 0 2 1 3 3 1 1 1 1 2 3 2 2 2 0 0 0 0 1 2 2 0 1 3 3 1 1 2 2 0 1 1 0 3 1 2 2 0 0 1 0.3364806498 1
0 1 3 1 2 2 3 2 1 1 0 1 3 0 1 3 3 1 1 3 2 2 2 3 3 3 2 1 2 1 2 3 3 1 0 3 2 3 1 3 3 1 2 0 0 0 1 0 1 1 1 2 0 2 3 1 3 0 2 1 2 1 0 3 0.3092983413 1
1 3 0 3 0 0 0 0 0 0 3 0 1 0 0 0 1 2 3 0 2 2 2 2 3 3 2 0 1 0 3 3 2 3 1 1 1 1 3 2 0 1 3 3 1 1 3 0 2 2 2 3 2 0 1 0 3 1 3 0 0 1 3 3 0.3157755779 1
3 3 2 1 0 1 0 3 0 3 1 0 0 1 3 1 3 2 3 3 2 2 1 1 1 1 1 0 1 3 0 3 2 1 1 1 1 1 2 1 0 2 2 0 0 0 3 2 1 1 0 0 2 3 3 1 2 2 3 3 3 0 0 3 0.2887586985 1
1 3 3 2 3 2 1 2 1 0 2 1 2 1 1 0 2 3 0 3 0 3 3 0 2 0 3 2 3 1 1 3 3 1 3 2 1 2 3 2 1 0 3 2 2 2 3 0 2 1 3 0 0 0 3 2 3 3 3 0 3 2 0 3 0.3345232984 1
0 2 3 0 2 1 3 3 0 0 1 1 1 3 1 1 1 3 3 1 0 0 3 3 1 2 0 2 2 2 1 1 3 1 1 0 1 2 3 1 1 0 1 1 0 0 1 2 0 1 1 1 1 2 3 1 3 0 2 2 1 3 0 3 0.3059792276 1
2 0 1 3 3 0 1 3 2 0 3 0 1 3 0 1 3 1 3 0 0 3 2 0 2 0 2 2 2 3 1 1 1 0 0 0 3 3 3 1 0 1 3 1 1 1 1 3 3 0 0 1 0 1 2 3 1 0 2 0 3 0 0 0 0.3597564272 1
1 0 1 3 2 0 2 0 1 3 3 3 3 1 0 1 0 3 3 0 1 0 0 3 1 3 1 0 1 2 3 3 2 0 1 0 2 1 0 0 0 3 2 3 0 0 0 0 2 1 2 1 0 3 1 1 1 1 0 2 2 2 2 3 0.4142135624 1
1 2 3 2 1 0 1 0 3 3 1 3 1 2 0 3 0 1 2 0 3 2 2 2 3 3 0 1 3 3 1 0 1 3 3 1 2 1 1 3 0 1 1 3 0 1 1 0 2 2 0 2 1 2 3 0 2 3 0 3 2 2 0 2 0.5071671483 1
2 3 3 1 0 3 0 3 3 1 3 3 2 1 1 3 2 1 0 1 2 2 3 0 0 1 0 1 1 3 0 3 3 1 2 0 3 1 2 3 3 1 3 3 3 1 1 1 0 1 0 0 1 2 0 0 1 3 2 2 0 1 2 0 0.304978078 1
2 3 3 1 1 2 0 3 2 1 1 2 3 0 1 2 1 2 3 0 3 1 1 3 2 3 3 2 0 3 2 2 0 0 1 2 1 2 2 3 2 0 0 0 3 0 0 3 2 1 1 2 0 1 1 1 1 3 2 3 0 0 0 0 0.3136111207 1
0 2 0 2 2 0 0 0 0 0 2 3 3 2 3 2 3 2 3 3 2 2 3 0 3 3 2 3 0 2 2 0 3 0 0 1 1 2 2 0 1 0 0 0 1 1 1 3 2 3 0 1 2 1 0 1 3 3 3 1 2 2 0 0 0.3079158226 1
2 3 2 0 3 2 2 3 3 1 2 3 3 0 1 3 1 1 0 1 3 3 0 2 0 3 3 2 1 1 0 0 2 1 2 0 0 3 3 0 1 1 3 2 0 3 1 3 3 1 3 2 1 2 0 0 2 1 1 0 1 1 2 2 0.3133855929 1
1 1 3 2 2 0 3 1 1 0 3 1 0 3 3 0 0 0 0 0 1 3 2 0 2 3 2 3 1 1 1 0 1 3 1 1 1 3 0 2 3 0 3 0 3 1 0 1 1 1 1 3 2 3 0 2 2 0 2 0 3 0 1 3 0.3582201532 1
2 1 0 1 2 3 3 3 0 0 1 2 3 1 1 2 2 3 3 3 2 2 1 0 3 2 2 2 0 1 2 3 2 1 1 1 1 0 0 3 0 1 3 0 2 1 1 3 2 3 2 0 3 0 2 2 1 1 3 2 3 2 0 0 0.3259266652 1
1 3 0 3 3 0 2 1 1 2 0 1 2 2 2 1 0 2 3 2 0 3 2 1 2 1 2 1 0 1 0 1 2 2 2 1 3 2 3 0 1 1 0 3 0 3 3 3 2 2 3 2 1 2 0 3 1 2 3 0 0 2 0 2 0.33895657 1
1 0 1 0 1 3 2 2 1 0 2 1 1 0 2 0 3 3 0 2 3 2 3 3 3 2 3 3 2 1 2 0 3 3 1 1 2 0 3 3 0 3 3 3 2 2 0 1 3 0 3 0 3 0 3 3 3 0 2 0 2 2 0 0 0.3048514162 1
2 0 3 3 1 2 2 2 3 2 2 2 3 3 3 1 0 0 2 2 3 2 1 2 1 1 0 3 2 3 2 3 3 2 2 0 0 3 0 1 2 1 1 0 0 2 2 1 2 2 0 3 3 2 2 0 2 3 0 2 2 3 3 1 0.3165269877 1
0 3 1 2 3 3 0 1 3 0 1 2 3 1 1 0 2 2 1 0 0 1 1 3 0 3 3 0 2 1 3 1 3 1 3 2 0 2 1 2 2 0 0 3 3 1 2 3 0 1 1 2 0 0 3 3 1 2 3 1 1 3 0 1 0.6792850868 1
1 2 0 1 0 1 0 1 0 1 0 2 0 3 3 2 3 2 3 2 0 2 3 0 3 1 1 1 3 2 0 3 0 1 3 2 3 2 0 3 2 2 1 3 3 0 3 2 0 1 0 0 3 0 1 3 3 2 2 0 2 3 1 3 0.3157755779 1
0 2 2 0 0 0 1 0 0 3 3 3 1 3 3 0 2 2 2 3 1 0 3 2 3 1 0 1 0 3 0 1 3 3 3 2 0 1 1 3 2 0 1 2 2 3 0 0 3 1 1 0 0 3 2 2 2 2 0 1 2 0 0 2 0.3102148911 1
0 2 3 2 1 3 1 0 3 3 2 2 0 1 0 0 0 2 1 1 2 3 2 2 0 1 1 2 0 0 0 0 0 2 3 3 2 0 3 2 2 3 1 1 2 0 1 1 0 3 0 3 0 2 0 3 0 2 2 3 1 2 1 0 0.2944493004 1
1 2 2 0 3 2 2 2 1 0 2 2 1 2 0 1 2 0 1 3 0 3 0 2 2 3 3 2 0 1 3 3 2 1 2 2 3 2 2 3 0 1 0 0 2 0 2 0 0 2 0 2 1 0 1 1 3 3 3 2 0 1 3 0 0.363892531 1
0 0 2 0 0 3 3 0 3 1 2 3 1 2 1 1 1 3 1 1 2 2 3 3 0 2 3 3 1 2 2 1 1 3 1 2 1 1 0 3 2 1 3 3 3 3 0 2 2 2 0 1 0 0 2 3 3 1 2 0 1 3 1 2 0.3560003902 1
2 2 3 3 2 2 0 3 3 0 0 1 1 2 3 0 3 0 2 3 1 1 2 0 3 1 0 2 0 1 0 0 2 3 0 1 3 2 0 0 3 0 2 2 0 0 1 3 3 3 0 2 3 1 2 2 3 1 2 2 0 0 2 2 0.3092983413 1
0 2 0 1 1 3 1 1 0 0 2 2 1 2 1 0 2 0 2 2 2 2 2 1 2 2 3 1 1 1 2 2 2 1 3 0 1 3 3 2 2 2 2 2 0 2 3 1 0 1 2 2 1 2 1 3 3 3 2 2 2 1 2 2 0.5672970737 1
3 2 1 2 1 2 1 0 3 2 0 2 2 2 0 0 2 0 0 1 0 2 1 0 3 0 0 1 0 3 1 2 0 3 3 1 1 0 0 0 1 3 2 0 0 1 0 2 1 2 2 0 2 1 2 1 1 1 3 3 1 3 2 3 0.3403334205 1
1 3 3 2 3 0 3 1 2 3 1 1 1 2 1 1 0 2 3 1 1 2 0 3 1 0 0 3 1 0 0 3 2 1 0 3 3 3 3 0 1 0 2 3 0 1 3 0 2 2 0 2 3 2 3 2 2 1 3 0 1 1 2 3 0.420142161 1
0 2 3 1 0 1 0 0 3 2 2 3 0 3 2 1 1 0 3 2 2 2 3 3 2 3 0 2 3 2 3 2 0 2 2 1 2 2 3 1 1 2 1 3 1 0 1 0 0 1 0 3 1 2 3 2 2 1 1 3 0 3 3 1 0.3314388929 1
1 1 2 3 2 3 0 2 0 0 2 2 3 2 1 3 2 3 2 3 0 3 3 3 3 2 1 3 0 2 0 2 2 2 3 2 0 2 1 1 2 0 0 0 2 3 1 2 0 2 3 1 2 2 0 1 2 0 2 2 1 3 2 3 0.3087365277 1
1 2 2 1 0 0 0 0 0 3 3 3 1 3 3 2 2 1 3 1 3 3 3 3 1 2 1 0 0 1 3 1 1 1 0 1 2 2 2 3 1 1 1 1 1 0 2 1 0 3 2 3 1 2 1 3 1 1 3 0 0 3 2 2 0.2809658295 1
3 0 3 1 0 1 2 1 0 0 2 3 2 2 1 2 0 1 3 1 3 2 0 3 2 2 1 1 2 1 0 1 3 2 3 1 0 0 3 3 0 2 0 1 0 0 3 3 3 2 1 1 1 0 2 2 3 0 2 2 2 2 0 1 0.3208092227 1
1 3 3 2 3 1 1 3 0 0 2 3 1 2 0 3 0 0 3 3 2 1 2 3 1 0 0 2 3 2 1 2 2 0 1 1 2 2 0 1 1 0 0 1 0 2 3 2 2 1 0 0 1 2 3 3 3 2 1 2 0 0 2 2 0.3173189326 1
3 1 3 2 2 3 1 1 2 1 0 1 3 2 1 2 3 2 3 0 2 0 1 3 3 2 3 0 1 1 2 3 1 1 0 0 2 2 2 0 2 0 0 1 1 3 3 3 0 1 0 1 3 3 0 0 3 2 1 1 1 3 2 0 0.5927255389 1
1 2 1 0 3 1 3 2 1 0 0 0 2 3 0 3 0 2 1 1 2 3 0 1 1 2 1 0 0 3 1 0 3 2 0 2 0 0 0 0 3 3 1 2 0 1 1 0 3 2 0 1 3 2 2 3 2 1 1 0 0 2 1 1 0.2975313541 1
3 1 3 2 3 3 3 0 0 0 0 0 0 0 3 1 1 0 3 1 1 0 1 3 1 0 3 1 2 0 1 3 2 0 1 2 3 1 3 0 2 3 0 1 1 3 0 3 0 3 2 1 0 2 0 2 2 1 2 2 1 1 3 0 0.3193901603 1
0 0 2 3 1 3 1 3 0 2 0 3 2 0 1 1 3 0 1 2 0 2 0 3 3 3 2 3 3 3 0 2 1 2 1 0 3 0 1 0 2 1 2 1 2 1 1 1 2 1 1 2 1 0 3 1 0 2 3 3 1 3 3 1 0.4485365786 1
2 3 3 2 0 1 2 1 3 0 2 3 3 2 1 2 1 3 2 2 2 3 3 1 0 3 1 1 3 3 0 2 3 1 3 2 2 1 1 2 2 0 1 0 0 3 1 2 2 3 0 1 3 1 2 0 0 3 2 1 2 0 0 0 0.3157755779 1
2 2 1 3 2 2 0 2 0 2 3 1 2 2 3 0 1 1 3 1 3 2 3 1 3 0 3 1 1 0 2 1 3 1 3 0 1 2 1 2 2 1 0 1 1 3 1 2 2 2 2 1 1 0 2 0 2 1 3 3 1 3 1 0 0.3516237889 1
3 3 3 0 0 0 0 2 1 2 3 0 3 3 1 1 3 2 1 0 2 2 3 0 2 2 2 2 3 1 0 2 2 1 2 0 3 2 2 2 1 3 0 2 2 3 3 3 0 2 3 0 1 1 3 0 0 0 1 1 1 1 0 0 0.2989055052 1
3 3 0 0 0 2 0 0 3 2 3 3 3 1 2 1 2 0 1 3 2 3 1 3 3 0 2 2 1 2 0 0 1 1 2 2 3 2 1 3 3 2 2 3 3 2 1 0 3 2 0 0 2 0 1 0 0 0 1 3 2 3 1 2 0.309647329 1
0 1 2 3 0 2 0 1 1 0 1 3 0 3 1 0 0 2 0 3 1 0 3 3 1 2 3 1 1 2 3 0 3 2 3 0 3 0 2 0 3 2 2 0 0 3 3 0 0 2 2 2 0 2 2 0 1 2 3 0 1 2 0 0 0.5761894145 1
0 3 3 3 1 1 2 2 2 0 0 0 3 2 0 0 1 0 1 1 0 1 2 0 3 0 0 3 1 3 0 1 1 1 0 3 2 3 2 3 1 2 1 0 0 0 1 2 3 2 0 2 3 3 0 2 1 2 2 3 1 0 1 1 0.5115467053 1
1 2 3 0 0 3 1 3 0 2 2 3 3 0 0 1 1 3 0 1 0 0 0 1 3 1 3 3 2 1 0 0 1 3 3 1 3 3 0 3 3 2 0 1 1 1 1 0 2 2 0 3 1 0 0 1 1 1 1 2 0 3 0 2 0.3629008246 1
2 3 1 3 0 2 1 2 1 1 0 2 0 1 1 2 3 0 2 3 0 1 2 3 2 1 3 0 3 0 1 0 0 3 2 0 1 0 2 2 2 3 3 2 1 1 1 1 1 1 0 2 1 2 0 2 2 3 2 1 0 3 0 1 0.2984058257 1
0 2 0 1 1 3 2 3 0 3 3 3 0 0 3 0 1 1 1 2 0 0 2 2 2 1 1 1 2 2 2 2 1 0 3 3 2 2 3 0 3 0 3 2 0 2 3 2 0 1 2 2 0 0 2 0 1 0 0 0 3 3 2 1 0.2793054973 1
0 1 0 0 2 2 1 1 3 1 0 0 1 0 3 0 1 0 1 2 1 0 1 2 3 0 3 0 1 2 2 1 0 3 0 1 0 3 2 1 1 3 2 3 1 2 3 2 2 2 3 2 0 1 1 3 2 2 0 2 0 0 3 3 0.363892531 1
2 2 2 0 3 3 2 2 1 3 3 1 2 0 0 3 2 3 3 2 1 1 2 2 0 0 0 2 2 2 0 1 1 2 2 1 2 1 2 1 0 0 2 1 0 0 2 3 2 1 1 3 0 3 3 0 2 3 1 0 1 2 0 0 0.3472326347 1
0 1 3 1 3 3 0 1 3 0 3 0 2 1 1 2 1 3 3 2 3 0 0 0 1 0 2 2 1 3 3 3 1 3 1 1 3 3 1 0 0 2 3 2 0 3 1 0 0 0 1 3 0 2 2 0 0 0 1 2 3 0 2 1 0.3126595927 1
2 2 3 3 0 2 1 2 1 1 2 3 2 2 0 1 1 3 2 3 2 0 1 0 0 2 0 0 1 3 0 2 1 0 1 3 2 3 3 0 3 0 0 2 0 1 0 1 2 1 2 0 3 2 0 0 2 3 0 1 0 0 1 3 0.375585761 1
1 3 3 2 1 3 3 1 3 0 1 3 0 0 3 1 3 3 2 1 1 2 0 3 1 0 1 3 1 2 1 1 1 3 2 0 0 1 1 0 3 1 2 3 2 2 2 2 3 0 3 0 0 3 1 1 0 1 3 1 3 1 0 3 0.3835303427 1
0 1 3 3 0 0 2 0 2 3 2 3 1 2 0 2 0 3 2 3 0 2 3 3 1 2 0 2 1 2 0 2 2 0 1 1 3 0 0 2 2 0 1 3 2 2 2 2 2 0 1 2 1 2 3 0 0 0 2 1 0 2 0 1 0.3413100511 1
3 3 3 1 0 1 1 1 0 0 3 3 2 0 1 1 0 2 0 2 3 3 1 3 1 2 0 0 3 2 2 2 0 2 0 0 3 1 0 0 3 2 0 2 3 0 0 2 3 1 0 1 2 0 0 0 0 3 3 3 0 1 1 0 0.3102148911 1
2 0 3 1 0 3 3 2 3 0 1 0 2 0 2 0 2 0 3 2 2 1 0 2 3 1 1 0 3 0 1 0 3 1 3 2 1 1 1 1 0 3 2 2 0 1 1 2 0 3 1 3 1 2 0 2 3 1 2 0 0 2 2 2 0.441769316 1
2 2 2 2 3 1 1 0 0 0 2 3 1 1 3 1 3 1 0 3 2 3 0 1 2 3 1 1 2 0 1 2 3 0 0 3 1 0 1 0 1 3 0 1 2 1 3 0 3 3 3 3 2 3 0 0 2 3 2 2 3 2 2 0 0.3210538243 1
2 2 3 3 1 1 1 1 0 0 2 2 2 3 1 0 2 0 2 2 3 1 3 3 3 1 0 3 2 1 3 2 2 1 0 1 1 0 1 1 1 3 0 2 0 0 2 2 0 1 0 1 0 0 3 2 3 1 0 2 0 2 1 0 0.3302867025 1
3 3 0 0 3 0 3 0 0 1 2 0 3 2 1 3 1 2 0 2 2 0 0 1 3 2 0 0 0 1 3 2 0 2 0 3 2 2 2 3 0 0 3 2 2 2 2 1 2 3 0 3 2 1 2 0 3 2 0 3 0 2 3 1 0.3439144051 1
1 2 3 1 1 3 1 2 2 0 3 0 2 2 2 2 1 0 0 3 1 0 1 2 2 1 1 1 2 3 1 3 0 2 2 1 1 0 2 3 1 3 1 0 0 1 3 2 3 3 3 1 0 3 3 1 0 0 2 1 1 1 1 3 0.5784771826 1
2 3 2 1 1 1 2 2 3 2 0 2 2 0 1 2 0 1 3 3 0 0 1 2 1 0 0 1 2 1 1 2 0 2 3 2 0 3 0 1 1 1 1 3 3 1 1 1 3 2 1 1 0 2 1 3 0 3 2 2 1 0 3 3 0.4058882458 1
0 3 3 3 0 1 0 0 3 3 1 2 0 1 0 2 2 1 0 1 1 3 2 1 2 3 1 1 3 0 0 2 1 1 2 0 1 2 1 1 3 3 1 1 1 1 1 3 3 3 3 2 1 1 2 0 0 1 3 0 2 3 0 0 0.344733477 1
2 0 3 2 2 3 2 2 3 0 2 2 3 0 3 2 1 3 0 3 2 3 0 0 3 1 1 1 3 1 1 0 1 1 1 3 1 2 3 0 1 1 2 2 3 0 0 1 2 0 0 1 2 0 3 0 2 0 1 0 0 2 0 1 0.5927255389 1
2 3 2 3 2 0 0 0 2 3 2 3 0 1 3 3 0 1 0 3 2 3 1 0 1 0 3 3 3 2 3 1 1 1 2 1 3 1 0 1 1 3 1 3 2 3 0 0 0 2 0 0 0 2 2 0 0 2 3 0 0 2 1 0 0.3126595927 1
3 3 3 3 1 2 3 2 0 0 3 1 1 0 0 3 1 3 2 2 3 1 2 1 2 0 2 3 3 1 0 1 0 2 0 1 3 1 1 0 2 0 3 3 3 3 1 1 0 2 1 1 1 2 0 0 2 1 3 1 0 1 0 0 0.3496707166 1
3 2 1 3 3 2 3 0 3 1 2 0 2 2 3 2 2 2 3 2 0 0 2 1 0 2 2 1 1 1 1 2 0 0 3 0 3 3 3 1 2 0 2 2 0 2 3 1 1 0 0 1 2 2 3 0 2 2 2 0 2 3 1 1 0.3163830028 1
0 0 0 2 3 3 1 2 0 0 1 3 0 3 1 2 0 0 1 3 1 2 0 2 0 3 0 0 1 2 0 3 3 2 0 3 3 3 1 1 1 1 2 3 2 3 1 3 3 3 2 0 2 1 0 1 2 0 1 0 1 3 1 2 0.2898979486 1
0 0 3 3 1 2 0 3 3 0 0 0 3 3 1 0 3 2 3 0 3 3 3 3 3 0 1 3 1 3 3 2 1 1 3 3 3 3 3 2 0 3 2 1 3 2 3 2 0 2 1 0 0 2 1 0 1 1 0 0 1 1 3 0 0.3727036241 1
3 0 0 0 3 1 1 2 3 0 0 2 2 0 0 3 3 1 1 3 3 0 1 1 1 0 1 2 2 3 0 3 1 3 2 3 3 0 2 1 0 1 1 0 2 1 3 1 0 2 2 2 3 2 3 1 3 3 0 2 2 2 3 1 0.3372389691 1
2 2 1 0 2 3 1 1 1 3 1 1 0 0 1 2 2 1 3 2 3 2 2 2 0 3 1 3 0 3 2 0 2 2 1 3 3 2 1 2 2 1 1 1 3 3 0 1 3 1 0 2 1 1 3 0 0 0 0 3 2 2 2 2 0.3460734657 1
0 2 2 2 1 2 0 0 2 2 0 1 3 2 2 3 1 3 2 1 0 1 1 1 2 0 1 1 2 1 2 0 0 2 2 1 0 1 3 2 0 3 1 1 0 3 0 2 1 3 3 3 0 0 1 1 2 2 1 3 2 3 0 2 0.3133855929 1
2 1 2 0 1 0 0 2 2 2 3 1 2 2 3 2 0 2 2 0 1 0 0 3 1 2 1 1 1 2 3 1 0 2 2 0 3 3 3 0 2 0 2 2 2 1 2 3 0 1 3 0 1 3 0 1 0 3 3 3 2 1 3 3 0.3055166403 1
2 0 1 2 1 0 1 3 0 3 0 1 3 1 3 0 2 0 2 3 1 1 0 3 1 1 0 2 0 2 1 2 3 2 0 0 1 0 2 2 0 1 1 0 3 1 1 1 2 2 2 0 0 2 1 0 1 1 1 0 1 1 2 1 0.3934323365 1
2 0 3 3 2 1 1 0 2 1 0 2 1 3 2 2 1 0 0 0 1 2 2 1 0 1 3 2 3 3 0 3 3 3 1 3 3 3 0 0 3 1 3 0 0 2 1 1 0 2 3 1 0 1 1 0 3 2 0 2 1 2 0 0 0.4065895561 1
3 0 2 3 1 0 3 3 2 3 2 2 1 0 1 3 0 0 3 1 3 2 3 0 1 1 0 0 2 2 1 0 3 2 3 1 2 2 0 1 2 0 1 2 1 2 0 1 0 2 2 2 0 0 3 0 1 3 0 1 3 0 0 0 0.3991772541 1
0 2 3 2 1 2 2 1 3 2 1 1 2 3 3 2 0 3 0 3 2 1 0 3 2 2 0 3 1 0 3 2 1 3 3 0 3 3 1 1 2 0 0 3 2 1 1 0 1 2 2 0 2 0 1 0 0 2 2 3 1 3 0 3 0.3163830028 1
2 1 1 0 3 3 3 2 0 2 1 1 0 1 0 2 0 0 0 3 1 2 0 3 1 1 2 3 1 1 3 1 0 0 3 0 2 2 2 0 0 0 1 1 3 1 0 0 3 0 0 0 0 2 1 3 0 0 1 3 0 0 3 2 0.4222413479 1
2 2 2 1 2 1 3 1 1 3 0 0 3 1 3 0 0 0 0 2 2 3 2 0 3 1 3 3 3 3 0 1 1 2 0 0 1 0 2 2 2 1 0 0 0 3 0 0 2 2 1 2 1 0 2 0 2 0 3 1 0 0 0 3 0.3698994287 1
1 1 0 2 1 1 2 3 3 0 1 1 0 1 1 1 0 2 1 3 2 2 1 3 1 0 1 0 0 2 1 2 3 3 0 1 3 0 2 1 2 3 1 1 1 3 0 0 1 0 1 0 3 2 0 3 2 3 0 1 2 1 1 2 0.7497091866 1
2 2 1 2 0 2 0 2 3 2 2 3 2 3 2 3 3 3 1 2 3 2 0 2 2 0 0 3 2 2 1 0 0 3 0 1 3 2 0 0 3 2 2 1 3 2 0 1 2 3 0 3 1 3 0 0 3 1 1 2 2 0 2 3 0.3703038446 1
1 3 2 1 0 0 2 2 1 2 0 3 1 2 0 3 3 3 3 2 3 2 2 0 2 3 2 0 2 0 0 3 3 3 1 2 1 0 1 0 0 1 0 0 2 0 3 3 1 0 0 3 3 0 0 3 3 2 3 0 0 0 2 0 0.3022104176 1
2 1 1 0 2 1 1 1 0 0 1 2 0 1 1 2 1 1 1 2 0 3 1 0 1 3 3 1 2 0 0 3 2 3 0 2 2 3 0 0 3 3 2 1 1 2 2 0 2 0 3 3 3 3 2 2 0 1 2 3 3 1 1 2 0.3165950471 1
2 0 2 1 1 2 2 3 1 0 2 3 3 0 1 2 2 0 0 2 2 1 3 1 2 2 3 1 3 0 0 2 0 1 3 0 1 3 0 1 1 1 1 2 2 0 1 0 0 1 1 3 0 3 2 1 2 2 0 0 1 0 0 3 0.3552162649 1
2 1 3 1 2 3 1 1 0 0 2 0 1 2 1 1 0 2 0 3 3 3 1 2 1 1 3 3 3 1 2 2 1 1 1 1 0 0 3 3 0 1 1 0 1 1 0 3 0 1 3 1 3 1 0 0 1 3 2 2 0 0 0 3 0.3082594558 1
2 2 1 2 3 0 0 0 0 1 0 0 2 2 3 0 2 2 1 2 0 1 0 0 1 1 0 0 0 0 2 1 0 0 3 1 1 3 3 3 2 0 3 2 1 1 0 0 3 1 0 2 0 1 0 0 3 0 1 3 2 3 0 2 0.3737950927 1
0 2 1 2 1 2 1 3 3 3 3 3 2 1 3 2 3 2 2 3 0 1 0 1 0 0 3 1 2 2 2 2 0 1 1 2 2 0 3 3 0 0 1 1 2 0 0 1 3 2 2 3 3 0 1 1 1 1 2 0 3 3 3 0 0.4270808842 1
0 3 1 3 0 2 0 2 0 0 2 0 3 0 0 0 1 2 2 2 3 2 1 0 1 3 3 1 2 3 0 3 0 3 0 3 0 3 3 3 1 0 0 1 2 0 3 0 2 2 3 0 1 3 2 1 3 0 3 3 1 2 0 0 0.4077536346 1
3 1 2 2 3 0 1 2 0 2 3 1 1 0 1 1 3 0 2 0 0 1 1 1 0 0 2 3 1 0 1 3 3 3 0 2 1 0 2 0 1 1 2 2 0 2 2 2 0 1 0 1 3 3 0 1 0 2 3 1 2 3 1 0 0.3200220867 1
0 1 0 0 0 1 0 3 1 0 2 3 1 0 0 2 2 0 3 2 3 1 1 1 0 0 1 0 1 3 3 3 2 2 2 1 3 1 1 0 1 1 1 1 2 3 1 0 0 0 3 1 1 1 3 3 2 1 3 1 3 2 3 1 0.2918317294 1
0 2 3 2 1 0 2 0 0 2 0 2 1 0 0 1 2 0 3 0 2 2 0 1 1 2 2 3 3 3 3 1 2 0 2 2 3 0 3 0 3 3 3 2 1 1 3 2 1 1 3 0 0 1 1 2 1 1 1 3 3 3 3 3 0.3150637764 1
3 2 3 3 0 1 3 2 3 2 0 3 1 3 1 3 2 0 1 1 1 2 2 2 0 2 1 3 3 2 3 2 2 0 3 3 3 0 3 3 2 3 2 2 2 2 3 0 1 0 3 3 1 3 1 2 0 2 1 2 1 0 1 3 0.2918317294 1
1 3 0 1 3 0 1 1 2 0 1 1 2 3 0 1 3 0 2 3 2 3 3 3 3 1 2 3 2 0 2 2 0 2 3 2 1 0 0 3 2 3 0 0 3 1 1 1 1 3 1 3 1 2 0 1 3 2 0 2 3 1 0 2 0.388756727 1
2 1 3 2 2 2 0 2 0 0 1 1 3 2 1 0 3 3 1 2 3 2 0 2 2 3 3 1 0 3 0 1 2 3 3 3 0 3 1 0 1 0 0 0 1 1 3 0 3 2 1 3 0 3 1 3 1 0 3 3 0 1 1 1 0.2960910576 1
0 0 2 2 2 0 0 1 2 2 0 2 2 3 0 2 0 0 1 2 1 3 0 2 2 3 1 2 2 0 0 3 1 0 2 3 3 3 0 3 3 0 0 2 3 3 3 0 0 0 1 2 0 3 3 2 3 1 0 1 0 3 3 0 0.3056141132 1
2 1 3 2 0 3 3 2 2 0 0 3 0 3 3 1 2 0 2 3 2 1 0 3 3 1 0 2 3 0 1 0 3 0 2 1 0 1 3 0 1 3 3 2 2 3 1 0 0 3 1 0 3 1 2 2 0 2 1 3 2 0 2 2 0.363892531 1
3 0 2 0 0 0 1 3 2 2 1 3 3 1 0 3 3 0 3 0 3 1 1 0 1 1 3 3 1 2 2 3 0 0 0 0 2 2 3 1 3 0 0 2 0 0 2 1 3 2 2 3 1 3 0 1 0 3 2 2 0 2 2 0 0.4286189735 1
0 2 3 0 0 1 3 3 1 2 0 2 0 3 0 0 2 0 3 3 0 1 0 1 1 1 2 3 2 3 1 1 3 2 0 3 1 0 0 3 2 2 2 3 1 0 3 3 3 0 0 3 1 3 1 2 3 1 1 0 0 1 3 1 0.5531708459 1
0 3 3 0 0 0 3 2 2 2 0 1 1 2 0 1 1 2 0 2 3 2 3 2 3 3 3 1 3 0 2 2 3 2 0 0 0 2 1 1 2 2 0 3 1 1 0 0 1 1 0 2 2 2 1 0 0 2 0 1 0 1 2 2 0.4233057333 1
0 3 1 2 2 3 0 3 0 0 0 3 1 1 1 1 3 3 2 1 3 2 1 2 0 0 3 0 0 3 1 0 2 0 0 0 1 2 1 3 0 1 3 0 3 0 1 3 3 2 3 0 1 2 3 3 3 1 3 2 1 0 1 0 0.3024094072 1
2 3 1 2 0 2 2 2 0 1 3 2 1 1 1 3 0 2 2 0 2 0 2 3 1 1 1 1 2 3 1 1 1 0 0 2 1 0 2 0 1 3 3 0 0 0 1 1 2 0 0 2 0 0 2 3 0 3 0 0 1 0 2 0 0.2892111098 1
1 0 2 2 1 1 2 2 1 2 3 2 2 0 2 2 3 2 2 3 3 1 0 0 0 2 1 2 2 1 3 2 1 2 2 1 1 3 1 0 2 2 1 1 1 3 2 2 2 0 3 3 2 0 0 0 3 2 1 1 0 2 1 0 0.3401917517 1
0 2 0 0 3 3 1 1 1 0 1 1 0 0 0 2 3 2 1 1 3 1 3 1 0 0 0 0 0 0 0 1 2 2 0 3 2 0 2 2 3 1 0 0 0 2 0 3 2 0 3 2 0 0 3 0 0 2 3 1 0 2 0 3 0.4242228081 1
2 0 1 0 0 2 2 3 3 3 1 2 3 0 0 0 0 2 3 3 0 3 3 0 0 3 2 1 0 1 3 3 2 1 0 2 2 2 0 0 2 1 2 1 0 0 2 2 0 2 0 2 0 2 0 3 3 0 1 1 0 1 3 1 0.3762779394 1
3 3 2 1 2 3 3 1 1 3 3 1 2 2 1 2 0 3 2 1 1 2 0 1 0 3 2 3 2 3 2 0 3 1 2 0 0 1 3 1 3 1 2 3 0 1 3 0 2 1 0 1 3 0 1 0 3 3 1 3 0 0 2 3 0.375585761 1
3 3 3 2 1 3 3 0 3 3 3 0 2 0 3 1 3 3 2 0 1 2 2 2 3 0 0 2 1 3 0 1 3 1 2 2 0 3 0 2 1 0 2 0 1 3 3 3 0 2 0 2 2 3 3 0 1 1 0 3 2 2 1 1 0.5336088039 1
3 2 1 1 1 0 2 1 2 0 2 0 2 3 0 0 3 2 2 2 3 2 2 2 0 2 3 2 3 3 0 3 0 3 0 2 1 0 2 3 2 1 0 1 3 1 2 1 3 1 3 2 1 0 1 3 2 0 1 3 0 2 0 2 0.3210538243 1
0 0 1 2 1 1 1 3 2 1 1 1 3 0 2 3 1 3 3 2 3 1 1 2 3 3 1 3 0 2 1 0 3 0 0 0 1 3 0 0 0 3 1 0 0 3 0 2 1 3 1 3 3 3 2 0 1 2 1 1 3 0 0 1 0.3418020796 1
0 3 2 2 0 3 3 1 1 1 3 1 0 3 3 2 2 0 2 0 1 2 0 1 2 3 1 2 2 0 3 1 0 1 1 3 0 2 3 3 3 2 2 3 1 1 2 2 1 1 2 0 0 3 0 3 1 3 3 0 3 1 2 0 0.3782790794 1
2 3 0 3 1 1 0 1 0 2 2 0 2 3 3 3 0 3 3 1 0 3 3 0 3 1 1 3 0 0 0 1 1 1 1 2 2 2 0 1 1 3 2 1 0 0 2 3 3 0 0 0 0 0 3 2 1 2 0 1 1 3 2 2 0.7410811989 1
1 2 2 0 3 0 2 0 2 1 0 2 2 1 3 1 0 2 3 3 3 2 2 1 1 2 3 2 2 3 3 3 0 2 3 2 0 0 0 2 3 1 2 2 0 3 2 0 1 3 0 0 2 3 3 0 0 2 3 2 2 2 0 2 0.3751602567 1
0 3 0 0 3 3 0 1 1 1 3 1 2 2 1 2 3 0 3 1 3 1 1 0 1 2 2 2 3 2 2 0 3 3 1 0 3 1 2 1 3 0 0 2 3 0 3 1 3 2 0 3 0 2 2 1 0 3 0 3 1 0 1 1 0.4273803269 1
2 0 3 3 2 1 3 2 0 0 0 3 0 0 2 0 3 1 3 0 3 2 2 1 1 3 1 3 2 3 1 1 1 1 2 1 1 0 1 0 1 3 1 1 1 0 1 2 0 3 2 1 3 1 1 0 0 2 0 2 3 0 2 0 0.3873439985 1
0 3 3 0 0 1 1 3 0 3 0 1 3 3 1 3 0 1 3 1 1 0 3 1 0 3 2 3 0 3 0 3 2 3 1 1 1 1 2 1 2 0 0 2 0 3 0 2 1 3 1 1 0 3 0 3 3 3 1 2 0 3 3 3 0.461294566 1
0 2 1 1 3 0 1 3 0 2 3 0 2 1 2 3 3 2 2 2 0 2 2 1 1 1 1 1 1 3 1 3 1 2 0 0 3 2 3 0 3 3 1 1 1 0 0 2 3 2 2 2 1 0 1 0 0 3 1 3 2 1 1 3 0.3465901709 1
3 2 2 2 1 1 2 2 1 0 1 3 3 1 3 2 0 3 2 0 3 2 0 1 3 0 0 3 3 2 3 0 0 0 1 0 2 0 3 1 3 3 2 2 0 0 0 3 1 2 2 2 0 0 3 0 1 1 3 0 1 2 3 2 0.324885698 1
2 0 1 1 2 3 3 3 3 2 2 0 0 2 2 2 0 1 1 1 0 1 0 3 2 2 3 3 2 2 3 2 1 1 1 2 3 1 2 1 1 2 3 3 3 2 2 2 1 2 2 3 1 1 3 2 3 0 1 1 1 3 0 1 0.4138922208 1
0 2 2 0 1 3 2 2 0 2 3 0 3 3 2 2 1 1 2 1 3 2 0 3 1 2 1 3 2 0 2 3 3 0 2 3 3 3 3 1 1 1 3 3 0 3 2 3 3 1 3 0 3 2 2 1 3 2 2 3 3 0 2 3 0.4594771941 1
1 1 3 0 2 1 0 3 3 3 3 0 0 2 2 2 3 2 1 1 1 2 1 2 3 0 0 1 1 1 1 1 2 3 1 0 0 2 0 2 2 2 2 0 0 3 3 3 0 3 1 0 2 1 2 3 0 3 3 0 0 1 0 1 0.2828096283 1
1 0 1 0 1 1 1 2 0 0 2 3 0 0 0 2 2 1 2 1 3 2 2 3 3 2 3 0 1 2 3 3 1 0 3 1 1 3 3 0 0 1 3 2 1 2 3 2 0 3 3 2 2 1 3 2 0 2 0 1 1 3 2 0 0.4565940367 1
3 3 3 1 0 0 1 3 2 0 0 3 2 1 2 2 0 2 0 1 1 2 1 0 1 1 1 2 1 3 0 0 0 1 1 0 0 0 2 0 1 1 2 0 3 2 2 0 1 2 3 3 0 3 0 1 0 2 3 1 1 2 1 0 0.33895657 1
1 1 0 3 1 2 3 3 3 2 2 2 1 3 1 0 1 3 3 3 2 0 1 1 1 3 1 2 3 2 3 3 3 3 2 3 0 2 3 0 1 3 0 1 3 3 2 0 2 1 3 3 3 2 0 1 3 0 2 2 3 1 0 2 0.304113536 1
2 0 1 3 2 2 1 3 0 3 0 2 2 2 1 0 3 1 1 3 3 2 1 2 3 3 1 3 2 3 2 0 0 0 1 1 3 3 0 3 0 1 0 0 2 3 2 0 3 2 2 1 1 2 2 2 1 1 3 2 2 0 1 1 0.3709615778 1
1 1 0 1 0 1 2 1 0 1 2 2 1 0 3 3 2 1 3 1 0 3 2 0 1 3 3 3 3 2 2 2 2 2 1 1 3 0 1 3 2 0 3 1 3 3 0 3 2 1 3 1 3 0 1 3 3 1 2 3 2 1 2 2 0.3206583737 1
1 3 3 1 1 3 1 3 3 2 2 3 2 0 3 2 3 0 1 3 3 2 0 1 1 3 0 2 1 3 0 2 1 1 3 1 2 3 0 3 1 0 2 2 0 3 1 0 3 3 3 3 3 0 1 3 0 2 3 3 2 3 0 2 0.3102148911 1
2 3 1 2 3 1 3 2 1 0 1 0 2 0 1 2 3 3 2 2 3 1 0 2 3 0 3 1 0 3 2 3 1 1 1 2 2 1 1 1 2 3 2 0 2 1 1 0 3 2 0 1 3 1 0 3 2 1 2 0 0 2 2 0 0.7497091866 1
1 3 2 1 3 2 0 1 2 3 1 0 3 2 0 3 2 2 1 1 3 2 2 3 1 2 0 2 0 1 0 1 3 1 1 2 2 0 2 1 3 0 0 3 1 0 3 0 2 0 1 1 2 2 1 2 0 2 0 3 1 3 0 2 0.5531708459 1
1 1 1 3 2 3 3 3 2 1 0 2 0 2 0 0 3 3 1 2 0 0 0 1 3 3 0 2 3 2 2 2 1 0 2 0 0 2 1 1 0 2 1 1 0 3 3 3 3 1 2 2 1 1 0 3 2 1 0 2 1 1 1 0 0.3371279581 1
1 0 2 2 2 0 3 2 1 3 1 3 1 2 0 3 1 1 1 1 0 3 2 3 3 1 2 2 0 0 3 0 1 3 1 0 3 1 3 0 2 0 1 1 3 3 3 0 1 2 1 1 0 1 3 0 0 1 1 1 1 2 2 0 0.4239685927 1
2 2 0 1 0 3 0 2 3 1 2 0 1 3 2 2 1 0 1 3 3 3 3 1 3 0 2 3 2 2 0 2 3 1 2 2 0 2 1 3 3 3 1 0 3 3 3 3 0 0 1 1 3 3 2 2 2 2 0 1 1 3 0 2 0.7367156879 1
1 0 2 1 3 0 1 2 0 1 0 2 0 3 2 0 1 2 0 2 1 3 1 1 0 3 2 3 1 2 2 1 0 2 1 1 3 3 0 3 0 0 2 2 0 1 2 1 0 1 0 3 0 2 1 2 1 3 1 3 1 1 2 2 0.3572822687 1
3 0 0 2 1 3 3 0 3 3 1 1 1 1 2 0 0 0 3 2 1 1 1 3 1 2 0 2 0 2 2 3 3 3 1 0 2 0 1 1 2 3 1 3 3 3 3 0 0 3 2 2 0 2 1 1 0 2 0 1 2 2 0 0 0.3216613042 1
0 1 1 3 3 0 3 3 3 0 3 3 0 1 0 3 1 2 3 3 2 0 3 3 2 1 0 0 0 1 1 0 2 1 1 1 3 1 3 0 0 0 3 2 3 3 3 2 3 0 1 3 0 1 0 3 1 1 1 3 0 0 0 2 0.4212815585 1
1 3 1 1 2 3 0 2 3 1 1 1 1 3 1 2 2 3 2 2 0 2 1 3 2 0 3 2 1 2 3 2 3 3 2 0 2 0 1 1 2 2 2 0 0 1 0 0 0 2 2 3 2 0 2 3 1 3 2 2 2 2 3 3 0.3418020796 1
1 0 2 2 0 2 0 3 2 3 1 3 3 3 1 0 1 3 0 1 3 1 2 0 3 1 0 1 3 1 2 3 2 0 1 1 3 3 3 0 2 2 1 2 1 0 0 1 1 3 0 0 3 3 1 0 0 2 2 1 1 2 0 2 0.3510801119 1
3 1 3 0 1 0 0 3 3 3 1 2 2 1 3 3 2 3 1 1 3 3 0 1 0 3 3 2 2 2 2 0 0 2 3 1 0 3 0 2 2 3 1 2 2 1 2 0 2 1 1 3 1 0 1 0 0 1 1 0 1 3 0 2 0.3102148911 1
3 1 0 3 3 0 3 2 3 3 1 0 1 0 1 0 1 0 2 0 0 1 1 3 3 1 0 2 0 1 3 3 0 1 0 1 2 3 3 3 0 3 0 0 3 2 3 3 0 0 0 1 1 2 0 2 1 2 1 0 0 1 1 1 0.6208014545 1
1 3 3 0 3 3 3 1 0 1 3 0 1 0 3 0 3 1 1 1 0 3 0 3 2 3 0 2 3 0 2 1 2 3 1 3 0 0 0 2 1 1 2 1 0 0 1 0 1 3 3 3 0 2 1 3 1 1 1 2 0 2 0 3 0.5582520261 1
1 2 0 0 1 1 1 3 3 2 2 2 2 0 3 3 0 2 0 2 3 2 3 0 3 2 1 1 1 3 1 3 2 1 1 0 2 2 1 2 1 1 2 1 1 2 0 2 1 0 3 1 0 1 3 2 1 2 3 0 0 0 2 0 0.2996463476 1
3 0 2 3 3 3 0 1 2 1 3 0 1 3 1 0 3 2 2 0 1 3 3 1 2 3 2 1 0 3 1 2 3 0 2 1 2 1 0 2 1 0 2 1 2 0 1 3 1 1 0 3 3 0 0 0 2 2 2 0 1 0 3 3 0.2898979486 1
3 2 2 1 2 3 1 2 2 1 2 3 3 2 1 1 0 0 3 1 3 3 2 0 3 2 2 3 2 3 1 3 2 1 1 1 1 0 0 0 2 1 2 1 0 3 1 3 1 1 2 2 3 0 1 0 0 1 0 0 0 0 2 3 0.3142373953 1
1 1 1 2 3 0 3 2 1 2 2 2 0 1 2 3 3 1 2 1 1 3 2 3 2 2 3 2 1 2 1 2 1 1 0 2 2 3 1 3 2 3 2 3 3 1 3 2 3 0 1 2 3 2 1 0 2 3 1 3 0 2 3 3 0.488281641 1
0 2 0 2 0 3 3 2 0 2 0 3 2 2 0 2 1 3 3 1 0 0 0 3 3 3 0 1 3 2 1 3 0 0 3 2 1 3 0 3 2 1 1 1 2 1 3 3 2 1 1 1 1 0 3 0 2 2 3 2 0 2 1 1 0.3079658758 1
0 1 0 2 3 1 0 2 1 1 0 2 1 3 2 2 3 3 3 2 3 2 0 1 3 0 1 2 1 2 1 0 1 3 3 0 1 2 0 3 0 1 1 0 1 2 3 0 1 0 2 0 1 2 0 3 0 0 3 1 2 2 1 0 0.3597564272 1
3 2 3 1 2 2 1 1 0 1 1 1 1 2 1 2 3 3 2 1 0 1 1 2 0 1 0 1 2 1 1 2 2 0 0 2 3 1 3 2 3 0 0 3 3 2 3 2 3 0 1 0 0 1 2 1 1 2 2 0 3 1 3 3 0.4438190372 1
0 3 1 0 0 1 1 1 1 2 3 1 0 2 3 2 0 1 0 3 3 1 2 0 2 0 1 0 3 1 2 0 2 1 1 0 3 2 3 0 0 1 3 0 3 3 1 0 3 3 0 1 3 0 3 1 0 1 2 3 1 3 0 0 0.3179926396 1
3 3 2 1 3 2 1 0 3 2 0 3 3 2 1 0 1 0 2 1 3 2 0 2 1 3 2 1 2 1 3 3 1 2 2 3 2 3 3 0 0 3 1 3 2 3 3 1 2 3 1 0 0 2 2 0 1 0 2 2 1 1 2 2 0.331165631 1
2 1 0 2 0 3 0 2 0 3 0 2 1 0 3 3 0 2 3 3 2 1 3 0 3 3 1 2 1 3 1 1 1 0 3 0 0 3 3 1 2 0 3 1 3 0 0 0 1 1 1 0 2 1 2 2 2 2 1 3 0 2 0 2 0.3198154516 1
2 2 1 2 1 3 0 3 1 1 2 3 1 0 0 2 0 2 1 3 3 2 0 1 1 2 2 3 3 0 3 2 0 3 3 3 1 0 0 2 2 0 2 2 2 1 3 1 2 3 3 0 0 1 2 1 1 2 0 3 2 2 1 1 0.3131201134 1
0 1 3 1 1 0 1 0 1 3 3 0 0 0 0 0 0 0 0 1 2 2 2 2 1 2 3 2 2 2 0 0 1 1 3 2 1 1 3 3 0 1 1 2 0 0 3 0 1 3 3 1 2 2 0 1 3 1 3 2 1 3 0 0 0.304978078 1
1 1 1 1 0 1 0 2 2 0 1 1 1 3 2 2 0 1 1 2 2 2 1 2 0 2 1 0 3 0 0 2 1 1 1 1 0 2 2 3 0 3 2 3 0 2 0 0 2 1 2 0 2 1 1 0 2 2 2 2 1 2 3 0 0.4164973649 1
2 0 2 2 2 0 1 1 1 2 0 0 2 1 3 0 1 3 0 3 1 0 3 3 1 1 2 1 2 3 0 3 0 3 3 1 0 3 1 0 1 2 3 0 2 3 2 0 3 3 2 3 1 0 1 1 2 0 3 3 2 0 2 0 0.347631809 1
0 0 2 0 3 1 0 0 0 3 2 2 1 2 2 3 0 2 2 0 2 0 0 0 1 1 3 0 1 2 0 1 1 1 1 0 0 0 1 3 0 3 1 1 0 2 3 1 0 1 0 0 2 1 2 2 1 1 1 2 3 3 2 3 0.2861577002 1
3 2 3 3 0 0 2 3 1 2 2 3 0 2 2 3 2 3 3 0 0 1 2 2 0 0 0 2 0 2 1 0 1 3 0 2 1 1 2 1 2 0 2 3 1 2 0 2 0 0 3 2 3 2 1 1 0 0 1 3 2 3 1 0 0.375585761 1
1 3 0 0 2 3 0 0 2 0 0 3 2 3 1 3 3 1 3 2 2 3 2 1 3 1 0 2 0 2 1 1 2 1 1 3 1 1 0 0 3 1 1 2 0 2 1 0 0 3 0 3 2 1 3 3 2 1 3 3 1 2 1 2 0.3193901603 1
2 2 3 0 0 0 3 1 1 0 0 1 3 2 2 0 1 1 0 2 0 1 0 0 0 0 3 0 2 3 1 3 2 1 3 0 2 2 3 2 2 0 2 3 3 2 0 2 1 3 1 1 0 0 1 0 2 1 0 0 1 1 3 0 0.3183767839 1
1 3 2 3 2 3 1 1 3 1 2 2 1 0 0 2 1 0 3 1 1 0 0 2 2 1 1 2 1 3 1 1 3 3 3 3 0 1 3 2 2 1 2 2 2 0 3 2 0 1 1 3 2 0 3 3 1 1 0 2 1 1 0 0 0.4365680863 1
0 2 3 2 0 2 3 3 3 0 0 1 0 2 1 2 2 3 3 3 3 0 3 3 2 2 2 1 2 0 3 3 1 0 3 1 1 2 0 1 3 3 0 3 1 2 0 3 3 2 0 2 2 2 3 1 1 0 0 0 1 0 1 1 0.3969468151 1
1 3 3 3 0 0 3 3 3 2 1 0 2 0 0 1 1 1 1 1 1 2 0 3 3 1 0 0 0 1 2 0 0 2 1 0 3 2 1 3 2 3 2 1 2 0 3 1 3 1 0 2 1 0 3 2 0 2 2 3 1 3 3 0 0.5905490266 1
1 2 3 3 1 0 3 0 1 2 1 2 0 3 2 3 3 3 2 3 1 0 1 0 1 2 3 3 1 0 2 3 3 0 1 1 2 1 0 1 0 1 1 3 0 1 3 2 1 3 0 3 1 2 0 2 1 3 1 2 3 1 3 0 0.2936987778 1
1 0 0 2 3 0 1 0 0 3 1 0 1 2 0 3 1 3 0 1 1 1 2 2 2 1 2 3 2 2 1 1 3 0 0 3 0 1 2 0 3 3 3 0 3 2 0 1 2 0 3 3 2 3 1 1 1 1 1 1 3 2 2 0 0.3126595927 1
1 1 1 0 3 3 0 1 2 2 1 2 1 2 3 3 3 1 0 2 0 3 0 1 3 2 2 1 3 3 0 1 1 2 1 0 0 3 0 3 2 1 0 0 2 0 0 0 0 0 2 3 0 3 2 1 3 2 1 0 2 3 3 0 0.2938102447 1
1 0 0 1 3 2 0 0 2 1 0 2 3 2 2 3 3 2 2 0 2 3 1 1 2 1 3 2 2 3 0 2 0 2 3 0 2 0 3 2 3 0 3 2 2 3 0 0 0 1 1 0 0 3 0 1 0 3 2 2 2 2 0 0 0.3847411572 1
0 2 3 1 2 0 0 3 1 1 2 3 1 0 0 3 0 3 0 2 3 2 3 3 2 2 2 1 0 2 3 3 1 2 3 3 0 3 0 3 0 3 2 1 3 2 1 0 1 0 3 3 1 3 2 2 0 0 1 0 3 2 0 2 0.3000332808 1
0 2 3 3 3 1 1 2 2 2 0 1 0 2 2 0 0 3 2 1 0 2 0 3 0 2 0 0 2 2 2 3 2 0 3 0 2 1 1 0 0 1 1 1 3 1 1 3 0 1 2 1 1 2 0 1 3 1 1 0 0 0 2 0 0.4142135624 1
3 0 0 3 1 3 2 1 1 2 0 2 0 1 3 1 1 2 1 0 1 1 3 0 1 0 2 3 3 0 0 2 1 1 2 0 2 0 0 2 2 1 2 1 0 2 1 0 1 0 1 0 1 2 0 2 1 3 0 1 0 3 1 0 0.2871289074 1
3 0 1 2 3 0 1 1 1 2 3 3 3 3 2 0 2 2 1 2 1 1 2 2 2 2 2 2 0 3 1 0 1 3 0 1 0 3 2 3 3 3 1 1 0 0 3 1 0 0 3 0 2 2 1 1 1 2 1 2 2 1 1 3 0.3451686195 1
3 3 2 1 2 1 0 3 2 3 3 0 1 1 0 0 2 0 2 0 0 2 0 1 3 3 0 3 3 1 1 0 0 0 0 2 0 0 1 3 3 1 0 3 3 2 0 0 0 2 1 2 0 3 3 0 1 1 3 3 2 2 2 1 0.3295815643 1
1 3 0 2 0 2 0 0 0 0 3 2 0 2 0 0 2 1 1 3 0 1 0 2 3 3 3 3 1 2 0 0 3 0 0 1 2 2 2 3 3 1 0 2 3 0 1 3 3 2 0 1 2 2 1 3 1 2 0 2 3 1 2 0 0.379261948 1
2 2 3 3 3 3 0 1 3 1 2 0 0 2 1 1 3 0 2 1 2 1 3 2 2 0 2 2 3 3 1 0 2 2 0 3 2 3 1 0 1 1 3 2 0 2 2 3 0 2 3 3 2 3 2 3 0 0 0 0 3 3 0 1 0.304978078 1
2 3 1 0 1 3 2 1 3 1 1 2 2 3 0 1 2 1 3 2 0 2 0 0 3 2 3 1 1 3 3 1 1 1 0 0 2 1 1 1 2 1 0 1 0 2 3 1 2 0 1 1 2 2 1 3 2 2 3 1 1 1 3 1 0.3302867025 1
1 0 3 0 2 1 1 0 0 1 0 1 0 0 0 2 3 1 2 1 3 3 1 3 3 1 2 3 1 1 0 2 2 3 2 2 0 1 2 1 2 0 2 2 3 3 0 0 3 0 1 1 2 1 3 2 0 0 1 0 0 1 0 0 0.3457554802 1
1 3 0 1 3 1 0 0 1 1 0 0 3 2 0 0 2 0 1 2 0 2 3 3 2 0 3 3 2 3 0 0 2 2 1 0 3 1 2 2 3 0 1 2 2 1 0 1 3 0 0 3 1 2 3 2 0 2 0 2 2 0 1 3 0.2908054948 1
0 1 0 0 1 0 3 1 0 2 2 0 0 3 0 2 2 2 2 1 1 2 1 0 0 0 0 3 1 2 0 3 1 0 2 3 1 0 2 1 0 3 2 0 2 1 1 3 2 1 3 3 1 0 0 1 3 3 2 2 3 1 1 0 0.4485365786 1
1 3 0 3 1 1 1 2 3 3 2 1 1 1 3 0 3 2 3 2 0 2 0 2 1 1 2 1 2 1 3 2 3 2 0 2 1 3 3 2 3 1 3 3 1 2 1 3 2 2 2 3 3 0 1 0 3 3 0 1 3 3 2 1 0.3056442556 1
2 3 3 1 3 3 3 1 1 2 2 3 1 1 1 1 1 3 2 3 3 3 2 2 2 1 1 2 0 0 1 1 0 2 0 2 0 3 3 0 2 0 1 1 1 0 1 0 1 0 0 1 0 2 1 1 3 3 1 0 3 2 3 1 0.4000414161 1
1 3 2 2 2 3 0 2 2 3 0 0 0 0 0 3 2 3 1 1 1 2 3 2 2 0 0 2 1 2 1 3 2 3 0 1 0 3 2 2 0 3 3 1 1 0 3 1 1 3 1 2 1 1 3 3 3 0 1 0 1 3 3 0 0.4257225336 1
1 0 1 0 1 0 1 0 3 1 1 2 1 1 0 2 1 2 0 2 0 3 2 3 3 2 0 2 2 2 2 1 2 3 0 2 2 0 0 3 3 3 1 1 1 2 1 0 1 2 3 1 0 3 0 2 1 2 3 0 3 0 3 2 0.354867572 1
2 0 3 0 1 1 3 3 2 1 3 2 0 2 1 0 2 0 1 0 3 1 2 0 0 3 2 3 0 2 0 3 3 2 2 0 0 3 1 3 0 2 2 0 1 2 2 1 3 1 1 0 1 0 1 0 2 2 1 0 3 2 0 1 0.4184720066 1
2 3 1 0 2 2 3 0 2 0 3 2 3 0 3 1 0 1 1 3 0 1 2 0 2 2 1 0 0 3 1 0 1 0 0 0 3 2 0 1 3 3 0 0 3 1 3 1 2 0 2 0 0 2 2 2 0 0 1 0 1 2 0 1 0.4239685927 1
0 2 1 0 2 1 3 2 1 2 0 3 2 2 0 0 3 2 2 0 1 1 1 3 0 3 2 2 3 3 1 3 1 3 0 0 3 1 1 3 2 3 0 0 1 1 1 1 2 0 3 1 2 0 1 3 0 2 2 0 2 2 3 2 0.4304465009 1
3 1 0 0 1 2 0 2 2 1 1 3 0 3 2 0 3 2 0 2 1 1 1 2 3 2 2 2 0 2 3 2 3 1 1 2 0 2 3 3 2 1 1 0 2 2 3 3 1 0 3 3 1 1 2 2 1 3 0 1 1 2 0 2 0.4142135624 1
1 1 0 1 1 0 3 0 0 1 0 2 0 0 2 1 1 3 0 3 3 2 2 1 1 0 2 0 1 0 1 2 0 0 0 1 1 3 1 3 1 3 2 1 3 0 3 3 1 1 2 3 0 3 2 0 0 2 3 3 3 3 3 1 0.4142135624 1
1 2 3 2 2 0 0 1 2 1 1 0 0 1 1 3 3 1 1 3 2 3 3 1 1 1 2 2 2 1 3 3 2 0 0 0 3 2 0 0 1 1 0 3 2 3 1 3 1 2 0 0 1 3 3 0 2 0 0 2 3 3 2 3 0.3026088474 1
2 0 3 0 1 3 3 0 0 1 2 1 2 1 2 2 0 3 3 0 3 0 1 0 3 2 2 2 1 0 0 1 1 1 1 0 1 3 3 0 1 3 3 2 0 2 1 2 2 0 0 2 2 1 0 1 1 1 0 0 1 3 3 1 0.3265903442 1
1 3 0 3 3 3 0 0 0 1 0 2 1 1 0 0 1 3 0 3 3 0 0 2 0 2 2 1 0 1 0 1 2 3 1 1 0 3 0 2 3 0 3 3 2 2 1 1 1 3 1 1 1 3 0 3 3 2 1 2 2 3 1 3 0.3075208953 1
1 1 1 3 2 1 2 3 0 2 1 2 0 2 2 2 2 0 2 1 3 2 1 2 2 0 2 2 0 3 2 1 1 3 0 1 2 0 0 3 1 0 2 1 1 3 0 3 0 0 2 0 2 3 0 3 2 3 3 2 0 0 3 3 0.3005423822 1
1 0 3 2 3 2 1 0 1 3 2 0 0 3 3 0 1 0 3 1 1 2 3 3 1 2 0 1 2 2 1 1 0 3 2 0 2 1 1 0 3 2 3 0 2 0 3 1 1 1 2 0 3 0 0 3 2 2 1 2 3 3 1 2 0.5003888065 1
2 0 3 1 1 2 3 1 3 2 3 1 3 1 2 0 0 3 0 1 2 0 0 2 3 2 0 0 0 2 0 2 2 0 0 0 3 0 1 1 3 1 3 2 0 1 1 1 0 0 0 0 3 1 0 1 2 0 2 2 2 3 0 1 0.288345039 1
1 2 2 2 0 0 1 3 2 1 3 3 0 1 0 3 2 2 1 2 2 1 1 2 0 3 3 2 0 1 0 3 2 3 0 3 3 1 0 0 3 2 3 1 1 2 1 2 2 3 0 1 2 3 0 0 2 1 0 0 3 1 1 3 0.3244736208 1
3 0 1 0 1 1 1 3 2 3 0 0 0 1 2 0 2 2 1 1 2 3 3 0 2 2 0 1 0 3 1 1 2 2 2 2 1 2 2 3 1 0 1 2 2 3 1 1 0 2 1 2 3 0 0 3 1 2 0 3 3 2 1 1 0.3750983214 1
3 3 1 2 1 3 3 1 3 2 2 1 1 2 1 2 1 2 0 0 1 0 1 0 0 2 3 2 0 1 1 1 0 0 0 3 2 3 0 2 0 0 0 0 2 2 3 2 1 0 1 2 1 2 3 1 3 1 0 3 1 2 3 3 0.303785526 1
1 3 2 2 1 0 1 0 2 1 1 2 0 0 2 0 3 1 2 0 1 2 1 3 3 1 0 2 1 0 3 1 1 3 3 0 2 0 3 1 2 3 1 0 0 3 2 3 3 1 2 3 0 0 2 3 1 3 1 0 1 1 2 0 0.4627853301 1
0 0 1 2 3 3 1 2 2 2 2 1 2 2 1 2 0 1 3 2 0 1 1 0 3 2 3 2 1 1 2 1 1 2 3 3 0 0 3 3 3 2 0 3 0 0 1 0 3 1 2 1 1 2 2 3 3 3 2 3 2 1 1 0 0.4619159365 1
3 0 3 3 3 0 0 2 0 1 1 3 2 0 3 2 0 0 2 0 3 1 3 0 0 0 1 3 2 2 1 2 2 2 0 0 2 2 3 3 0 1 0 0 2 0 1 0 1 1 3 2 0 0 0 0 0 2 3 1 2 2 0 3 0.455178243 1
0 2 1 3 1 1 0 2 3 3 3 3 1 2 3 2 2 0 2 2 3 3 2 0 2 0 2 2 3 0 3 0 2 0 1 1 1 3 3 3 2 0 2 3 3 3 1 0 3 2 0 0 3 0 0 2 1 1 2 0 0 3 3 0 0.3505394 1
1 3 1 3 3 3 1 1 3 3 3 1 2 2 3 1 1 0 3 3 3 3 1 2 3 2 2 0 3 1 3 2 1 3 3 2 2 1 0 3 1 0 1 3 2 3 1 3 3 1 3 0 1 2 1 1 3 2 2 0 3 2 0 1 0.2804379536 1
0 3 0 3 0 2 2 0 3 1 2 1 0 2 1 3 2 0 0 3 1 2 1 1 2 1 3 1 2 2 2 2 3 3 1 3 1 0 3 2 0 1 1 2 3 1 2 3 3 3 1 2 2 1 3 0 1 2 2 3 1 0 3 2 0.309647329 1
0 3 0 3 1 2 1 2 0 3 3 0 2 0 2 0 2 1 1 3 2 2 2 3 2 3 2 1 1 1 2 1 1 3 0 1 1 2 1 0 0 2 2 2 2 1 1 0 1 0 1 0 3 2 2 1 1 2 3 0 0 3 1 3 0.4779036016 1
1 2 1 2 0 0 3 2 1 1 2 2 0 1 3 0 3 0 3 0 0 2 0 2 0 0 2 0 2 2 3 0 3 3 0 3 3 0 1 2 3 0 1 0 0 2 2 0 0 0 3 1 1 3 0 1 1 1 2 0 2 0 0 3 0.347631809 1
3 1 2 2 2 0 1 0 1 1 1 1 3 3 3 2 0 1 3 3 3 2 1 0 2 3 0 2 2 3 1 2 1 1 0 3 3 2 3 2 2 3 1 3 0 3 2 0 0 1 0 0 3 0 0 0 3 0 2 2 2 1 0 3 0.5362851655 1
1 3 1 3 1 1 1 0 1 2 3 2 2 3 0 3 1 0 3 2 3 0 1 1 0 0 2 2 3 2 1 3 3 3 1 1 2 1 2 1 0 0 1 3 2 2 2 1 0 3 1 0 0 2 1 1 1 0 2 3 2 0 3 0 0.4932215826 1
0 0 3 0 1 2 3 1 3 2 2 1 3 3 0 0 2 3 2 3 3 3 2 3 0 0 2 0 2 3 3 3 1 1 3 1 1 3 3 3 2 2 2 1 3 3 3 0 0 3 3 3 1 3 0 2 3 0 3 3 3 0 1 1 0.379261948 1
0 3 2 1 1 3 2 2 0 0 0 0 1 0 0 2 0 2 2 1 2 1 2 0 3 2 2 2 3 1 1 0 3 3 3 3 1 0 2 3 3 1 0 2 1 3 3 3 0 3 0 0 1 0 3 0 0 2 3 3 1 1 0 2 0.4932215826 1
3 1 1 0 1 2 1 3 0 2 3 2 1 2 3 0 1 1 1 1 2 2 3 1 2 1 0 2 0 1 1 3 0 0 3 1 1 3 1 2 2 3 1 0 2 0 2 3 2 2 3 3 0 3 2 1 1 3 1 3 2 0 0 3 0.3510801119 1
2 2 3 3 0 1 0 0 2 2 0 0 2 2 3 1 0 2 3 0 0 1 0 0 3 2 3 1 0 0 3 1 3 3 2 3 0 3 2 3 1 1 0 3 0 3 0 2 0 2 1 1 3 0 0 3 3 2 2 0 0 2 0 1 0.279388968 1
2 3 1 0 2 2 0 2 2 2 2 3 1 1 1 2 3 2 3 2 0 1 1 3 3 2 3 3 0 3 1 1 0 0 0 0 1 2 0 0 0 0 3 0 3 2 3 0 0 2 1 3 2 0 0 3 1 0 3 2 3 1 0 1 0.3364806498 1
2 2 0 3 0 2 1 0 3 1 1 2 2 0 2 3 2 0 1 0 1 1 3 0 3 1 0 0 1 3 0 2 1 3 0 1 2 3 3 3 0 1 1 2 2 1 1 0 2 0 0 0 0 0 2 3 1 2 1 1 3 0 1 3 0.4032263621 1
1 1 3 1 2 2 3 3 3 0 0 1 0 1 0 1 1 0 3 3 2 1 3 3 3 2 3 3 0 1 2 2 0 2 3 3 1 2 2 2 1 3 0 1 3 3 3 1 2 3 0 0 0 0 3 2 3 0 0 0 3 2 2 1 0.301691577 1
1 0 2 1 0 2 1 2 2 2 1 3 0 0 2 2 2 2 1 2 1 0 2 2 3 3 3 0 2 3 3 3 1 3 2 0 2 3 1 3 1 2 2 2 2 1 0 1 0 1 3 2 0 2 2 0 0 0 2 3 2 1 0 1 0.4017905395 1
0 0 3 2 1 2 1 3 0 1 3 1 0 1 3 3 2 3 1 2 1 0 1 1 0 3 0 3 2 2 0 0 2 0 0 2 1 2 3 2 3 1 0 1 2 3 2 1 1 0 0 0 1 3 2 0 3 2 2 3 1 2 2 0 0.3397347183 1
1 0 3 3 1 0 0 3 3 2 3 2 1 0 2 0 3 2 2 1 1 3 1 3 2 3 0 1 3 2 3 0 2 3 1 0 0 1 3 0 2 0 1 2 1 3 1 1 1 3 2 1 3 0 2 0 0 2 1 2 0 3 0 0 0.3950774274 1
0 1 1 1 2 2 2 0 1 0 3 0 1 3 3 0 3 0 2 2 0 1 2 0 0 0 0 1 1 2 3 1 1 3 0 2 1 3 2 1 3 0 1 1 2 2 0 2 1 1 1 1 0 2 1 2 1 0 1 1 1 1 0 0 0.4959785345 1
1 2 3 0 3 0 3 0 3 2 1 1 0 2 3 1 2 2 3 3 0 0 2 2 1 3 3 2 2 2 3 2 2 2 1 0 1 3 3 0 0 3 2 0 1 1 1 3 2 3 0 0 1 3 3 0 1 0 2 3 2 0 3 2 0.2848957611 1
2 0 1 2 3 0 1 0 3 0 2 3 1 0 2 0 1 1 1 3 1 1 2 3 2 3 2 1 1 0 3 0 0 2 0 0 2 2 2 0 3 2 0 2 0 2 1 0 1 1 3 1 2 1 2 0 2 2 2 2 1 0 0 3 0.2989055052 1
3 0 1 0 0 1 2 2 3 0 0 1 2 1 3 0 3 1 0 1 3 2 2 1 3 1 1 1 0 1 1 2 3 3 0 0 1 0 1 3 0 1 1 2 0 0 3 3 3 3 2 1 1 0 1 0 3 3 3 3 1 2 1 0 0.3111927637 1
2 3 3 3 1 2 0 3 2 2 2 3 2 2 2 2 1 0 1 1 3 0 2 0 2 2 2 0 3 0 0 3 0 1 3 0 3 0 0 3 1 1 0 3 1 2 1 1 1 2 3 2 0 2 3 1 2 1 0 0 2 2 1 1 0.5309869398 1
0 3 2 0 2 3 3 2 1 3 0 2 0 2 1 3 3 3 2 0 0 2 2 1 1 2 2 3 1 2 2 1 0 2 3 1 2 1 1 3 3 2 3 1 0 3 0 2 3 0 1 3 1 1 2 1 1 1 3 1 0 0 0 3 0.3188538438 1
1 3 1 0 1 1 2 2 0 0 1 3 3 0 3 3 1 3 2 3 0 2 3 0 0 0 1 2 1 2 1 0 0 2 2 0 2 1 1 3 2 0 1 0 3 3 0 1 1 2 1 1 0 3 3 1 0 0 1 2 1 2 1 2 0.4484907642 1
0 1 3 1 2 1 2 3 0 3 0 0 0 0 1 2 0 3 1 3 3 3 3 3 0 1 3 0 0 0 0 3 0 2 2 1 3 0 3 2 0 3 3 0 2 1 1 3 0 3 1 1 0 3 3 0 2 3 2 3 0 0 2 3 0.3051834049 1
2 1 2 1 0 3 3 2 0 2 2 1 1 2 0 0 2 0 1 0 2 0 3 1 2 1 0 2 1 0 1 3 1 2 1 1 1 1 1 2 2 0 0 2 3 1 2 0 3 2 1 1 3 2 1 2 2 2 0 3 0 1 2 2 0.653254234 1
2 3 3 0 1 3 0 1 3 3 3 0 3 2 1 0 3 3 1 2 0 3 3 0 3 1 2 3 1 3 2 1 2 3 3 0 0 0 2 3 2 1 2 3 1 1 3 3 2 1 3 3 0 1 3 1 3 1 2 1 2 3 1 1 0.5364359609 1
1 2 1 0 3 3 2 0 0 1 3 3 0 1 1 2 0 2 3 3 2 3 2 1 3 0 1 1 2 2 0 0 2 1 1 2 1 1 0 0 0 0 2 0 3 0 3 2 2 2 1 2 1 3 3 1 1 2 1 2 1 0 3 0 0.3256921321 1
2 1 3 1 3 1 1 0 0 0 3 1 3 0 1 3 0 3 1 0 0 2 2 1 2 3 0 2 1 1 3 2 3 0 3 2 0 2 1 2 3 3 3 2 0 3 2 1 2 1 3 3 0 2 2 0 1 2 2 2 2 1 2 1 0.3042208089 1
1 3 3 2 1 1 1 2 0 2 2 1 0 3 2 0 2 2 3 1 0 2 2 3 1 1 1 2 1 0 3 3 2 3 1 1 2 1 1 1 0 1 1 0 2 1 2 3 2 0 0 0 2 0 1 1 1 0 3 2 3 2 0 2 0.5515550361 1
0 0 0 2 3 1 3 3 1 3 0 0 1 1 1 2 1 3 2 2 3 1 0 0 2 2 0 0 1 3 0 2 0 3 3 3 3 0 0 3 3 2 1 2 2 2 3 0 1 3 2 0 1 2 2 0 3 0 0 0 0 0 1 2 0.2796354011 1
1 1 2 3 1 2 1 2 2 1 0 0 0 2 0 0 1 3 0 1 1 3 3 3 0 2 2 2 2 1 3 3 3 3 1 2 2 0 1 2 0 2 0 1 3 0 0 3 1 3 1 0 3 3 1 2 1 0 1 0 1 3 1 2 0.3141174534 1
1 1 3 3 2 1 2 0 2 1 3 3 1 3 0 0 0 0 3 3 0 0 2 3 0 1 3 1 3 3 1 2 2 1 0 0 2 3 3 1 1 0 1 1 2 2 2 2 1 3 3 2 0 2 0 3 1 0 3 3 3 0 3 2 0.3003016483 1
1 0 0 0 2 3 0 0 2 2 0 2 1 1 1 1 2 1 3 0 1 1 2 3 2 3 0 2 2 1 2 3 1 0 2 3 1 2 3 0 1 0 3 3 0 1 1 2 0 2 1 1 3 3 3 2 2 0 1 3 0 2 2 1 0.282163914 1
1 2 0 0 2 1 3 0 2 3 2 2 2 3 0 0 0 1 2 3 0 0 2 3 1 3 2 3 1 2 2 3 0 1 2 0 1 1 0 0 1 0 0 1 0 3 1 3 2 2 0 1 3 0 2 0 3 1 2 2 0 2 2 0 0.3661455846 1
1 0 0 2 0 1 0 2 3 0 3 3 1 0 1 0 2 3 2 0 3 0 2 1 3 3 3 3 3 0 3 0 0 1 2 3 2 1 1 2 2 2 0 0 0 1 3 3 2 1 3 1 2 2 2 3 2 3 3 0 0 3 2 0 0.3496707166 1
0 0 0 0 3 2 2 1 2 2 0 1 1 3 0 3 1 2 0 3 0 3 2 1 1 2 2 0 3 2 1 0 0 1 0 3 2 0 0 2 2 1 0 0 0 1 0 2 1 1 3 1 0 3 2 2 3 1 1 2 1 3 0 2 0.3174643992 1
3 2 0 1 3 3 1 0 0 3 3 3 3 2 3 3 0 3 0 2 3 2 1 3 3 3 2 1 1 2 3 3 0 0 2 0 0 1 3 0 2 3 3 3 0 1 1 0 0 0 1 3 2 3 0 2 0 1 3 0 1 3 0 2 0.2799995281 1
2 1 3 1 2 2 1 1 3 0 2 3 3 1 1 0 3 2 1 2 2 2 1 2 1 3 1 2 1 2 0 0 3 3 3 3 3 3 0 1 1 2 1 1 1 3 0 2 2 0 1 0 1 2 3 0 2 2 0 0 3 0 3 0 0.2783531573 1
3 3 1 2 2 3 1 2 0 2 0 2 2 2 0 2 2 3 3 3 1 1 2 1 3 3 0 3 1 3 1 2 1 0 1 3 0 2 2 3 3 2 3 1 1 1 2 3 0 1 1 3 0 2 3 0 1 0 0 1 2 3 1 3 0.3835303427 1
2 2 3 0 3 2 2 2 1 1 2 3 1 1 2 3 2 2 0 1 1 0 2 2 1 2 3 2 2 3 2 0 3 1 1 1 2 1 3 3 3 3 2 2 2 0 2 0 2 2 0 0 0 3 0 2 2 3 1 1 1 3 2 0 0.3345232984 1
0 0 0 1 0 1 3 3 0 0 2 2 0 1 1 0 1 3 3 1 0 1 1 0 2 2 2 0 2 2 2 1 3 0 1 3 3 2 3 3 1 0 2 1 0 1 2 2 2 0 3 2 2 2 2 0 3 0 1 1 0 0 0 2 0.3183767839 1
2 3 2 3 3 0 0 1 3 1 0 0 0 1 1 0 1 0 1 2 3 3 2 1 2 0 3 1 0 2 3 2 1 2 1 0 2 0 1 0 1 0 0 0 1 1 3 3 1 2 0 0 3 0 0 0 2 0 3 0 0 0 1 1 0.4574775524 1
0 3 1 0 3 0 3 2 0 1 1 1 0 2 2 3 2 1 3 3 0 3 3 0 3 3 3 2 0 3 3 2 1 1 0 0 2 2 3 3 1 0 3 3 0 3 2 0 0 2 0 2 3 0 0 2 2 1 3 0 3 3 1 2 0.5019562305 1
3 1 0 2 1 2 0 0 0 0 2 0 0 3 3 3 1 2 0 3 0 3 3 2 2 3 3 2 1 3 3 0 2 3 1 2 1 1 3 1 2 3 0 2 2 3 1 3 0 3 0 0 2 2 1 3 1 3 3 0 0 1 0 0 0.3166160889 1
0 0 1 2 3 1 0 3 0 0 1 1 2 3 3 1 0 3 3 0 3 2 2 3 3 0 0 3 1 1 0 0 1 3 0 0 3 1 3 0 0 1 2 2 2 1 2 0 3 0 3 3 3 3 2 2 1 2 2 1 3 1 2 2 0.2967264722 1
0 2 1 0 0 3 2 3 1 1 3 1 2 2 1 0 2 0 1 0 1 3 1 1 3 2 0 3 1 3 3 0 0 2 3 1 0 1 1 3 2 1 0 1 2 1 0 1 2 0 2 3 0 3 1 2 0 0 0 0 2 0 1 1 0.3569263257 1
0 3 0 3 3 0 1 3 1 2 3 0 1 2 2 1 1 2 2 0 2 3 0 0 0 3 2 1 1 2 1 1 1 1 1 3 3 0 1 1 0 2 1 2 2 2 0 3 2 3 3 0 2 1 3 1 1 2 2 2 1 1 3 0 0.3656092124 1
0 2 2 0 0 2 0 3 1 0 1 1 2 3 0 0 2 3 3 1 2 3 2 0 3 2 3 0 3 2 3 1 2 1 1 1 1 1 1 3 3 2 3 3 2 3 3 1 0 3 0 3 3 0 0 0 2 2 0 0 1 0 0 0 0.3808719971 1
1 0 3 2 2 2 2 0 1 3 3 3 1 0 0 2 0 3 3 2 3 1 0 0 3 3 2 0 3 3 3 1 0 3 0 2 0 2 3 2 1 0 2 0 0 0 3 1 2 1 1 1 3 0 0 2 0 1 2 1 3 1 2 0 0.2853608089 1
1 2 0 1 1 2 1 3 0 1 3 2 3 3 1 2 1 2 0 1 3 0 1 0 2 3 1 2 3 0 1 0 2 2 0 0 2 2 3 2 1 2 3 2 0 2 0 1 2 0 1 3 3 2 1 2 2 1 2 2 1 0 1 1 0.5927255389 1
1 2 1 1 1 0 0 1 0 1 3 3 3 1 3 0 1 1 3 2 0 1 0 3 1 2 3 2 1 0 3 1 1 0 0 1 3 3 3 3 0 3 3 3 0 3 0 0 1 1 2 1 0 0 2 1 3 3 0 1 2 2 0 0 0.3140434043 1
1 1 2 0 2 1 1 3 1 1 2 0 3 1 1 1 0 0 1 1 1 2 1 0 3 0 3 3 3 2 1 2 0 1 2 1 2 0 0 0 0 0 2 1 0 0 2 2 2 0 3 0 3 0 2 0 2 2 3 3 3 2 1 0 0.4085837192 1
3 2 3 2 3 2 3 2 2 1 2 2 1 3 2 1 2 1 0 2 2 0 0 1 0 0 3 1 2 2 3 1 1 3 0 0 1 2 3 2 2 3 0 3 0 2 2 1 0 0 2 1 1 3 3 2 1 0 3 2 2 0 2 1 0.4158211051 1
3 3 3 1 1 0 3 1 3 1 3 1 1 0 1 3 0 3 0 0 0 1 3 0 1 1 0 3 1 2 3 3 3 0 0 2 0 3 1 3 2 2 3 0 1 1 1 2 1 1 1 1 2 3 0 3 1 1 0 1 0 0 1 3 0.3816000776 1
2 2 0 1 2 3 0 1 2 1 3 0 0 3 2 2 2 0 3 1 3 3 1 2 2 1 3 2 0 0 2 3 0 3 0 1 3 1 3 1 2 0 1 0 1 2 3 1 0 1 3 3 3 2 2 1 2 1 0 3 3 2 0 2 0.2918317294 1
0 2 2 3 3 2 1 3 0 2 0 1 2 3 3 2 0 0 3 1 1 3 3 1 2 1 2 0 1 0 2 0 1 2 3 3 1 0 0 3 3 1 1 2 3 0 1 3 0 2 1 3 2 1 2 3 0 1 0 3 0 1 1 3 0.3210538243 1
0 1 1 2 1 0 3 1 0 1 1 3 1 1 0 3 3 3 3 3 0 0 3 0 2 2 2 1 0 2 1 2 1 3 2 2 3 0 3 2 2 3 1 1 3 1 1 3 0 2 0 0 0 0 0 0 2 0 2 0 2 3 0 2 0.4180244391 1
1 1 3 3 0 3 0 2 2 3 3 3 0 3 2 1 1 0 1 0 1 1 3 0 2 2 0 2 2 2 3 0 2 0 2 0 3 0 3 0 0 1 0 0 0 3 2 0 2 3 3 1 3 1 0 0 3 0 1 1 0 1 1 2 0.3269121948 1
3 1 0 1 3 2 3 1 3 2 0 2 1 1 2 0 0 0 2 2 2 2 0 2 1 1 2 1 3 3 3 1 3 3 3 2 3 3 3 3 2 2 0 3 3 1 1 0 0 2 2 3 1 1 2 2 2 3 2 3 1 0 3 1 0.2877347861 1
1 3 2 0 3 2 3 1 1 0 0 3 2 3 1 0 0 3 1 2 0 1 0 0 0 1 3 2 1 3 1 3 1 2 3 2 2 1 3 3 2 1 0 0 3 1 3 2 0 1 1 0 3 2 1 3 3 3 0 1 0 0 0 2 0.2898979486 1
1 2 1 2 3 2 1 2 1 1 0 0 2 3 2 0 1 0 0 2 3 1 1 3 1 3 3 3 3 2 3 2 3 2 0 0 1 0 3 2 3 3 2 2 0 1 0 1 1 0 0 1 3 2 1 3 0 0 0 3 3 0 3 2 0.2859929126 1
3 3 1 0 2 1 0 2 1 3 0 1 0 0 2 0 2 2 3 2 2 3 0 3 1 1 2 1 2 1 0 1 3 0 1 2 1 0 3 3 0 2 1 3 2 2 1 2 2 1 0 0 2 2 3 2 1 2 2 1 3 0 0 0 0.2910879078 1
0 2 1 1 0 3 0 3 3 2 1 1 0 2 2 1 3 2 1 2 0 2 1 0 1 0 2 1 0 2 0 1 0 2 1 1 3 3 2 3 2 1 1 3 2 1 2 2 0 3 2 1 2 3 2 0 3 3 0 1 2 1 1 2 0.4017905395 1
0 2 3 0 3 2 1 0 3 0 3 2 3 1 2 2 2 3 0 0 3 2 3 3 0 0 1 3 0 0 2 2 0 2 1 2 1 2 0 0 3 1 2 3 0 0 0 0 2 2 1 2 3 2 2 1 2 3 0 2 3 0 2 1 0.3117179653 1
3 2 3 2 3 0 0 1 1 3 2 0 1 2 0 1 2 2 2 2 0 3 3 2 2 1 0 3 3 0 0 1 1 2 0 2 2 3 1 1 2 1 1 1 3 3 0 3 3 1 1 0 3 0 3 3 2 3 2 2 1 1 2 1 0.3009249644 1
1 0 2 1 1 3 2 0 0 1 2 2 2 1 2 1 1 2 1 1 3 2 3 1 0 2 2 2 0 1 0 1 3 3 0 3 3 2 1 2 1 2 3 2 2 1 1 0 2 0 2 0 2 3 1 2 2 1 0 0 1 2 1 2 0.2879030161 1
3 2 2 1 2 0 0 0 3 0 0 1 3 0 3 0 0 3 3 3 0 3 0 1 3 1 2 0 3 3 2 1 0 0 2 2 0 2 2 0 2 1 0 3 2 0 1 0 2 0 2 1 2 1 1 0 0 3 0 2 3 1 1 0 0.6123133776 1
0 2 1 2 3 1 0 0 2 1 2 1 2 2 3 3 2 0 1 3 1 1 3 2 1 0 3 1 1 1 2 3 3 3 1 0 2 1 2 2 2 2 3 0 1 1 1 1 2 2 3 0 3 2 0 3 1 2 1 2 0 0 2 0 0.2861577002 1
3 2 1 2 3 2 0 3 2 1 0 3 3 2 3 1 1 3 3 3 2 2 1 0 0 2 2 3 3 1 0 2 3 0 0 3 0 0 2 3 1 3 0 0 2 3 2 3 0 1 2 2 0 0 2 1 2 0 0 0 2 2 3 1 0.3804245211 1
3 3 2 3 3 2 1 2 0 0 3 3 1 0 3 0 0 0 2 2 0 2 3 1 1 3 2 2 3 1 3 1 2 1 1 3 1 0 3 1 2 2 0 2 2 3 3 1 3 0 3 2 3 2 2 3 0 3 1 3 1 3 1 3 0.5501265818 1
2 2 2 2 0 1 3 2 3 0 3 1 0 2 1 0 1 1 3 3 3 0 0 2 2 0 1 0 3 3 0 0 2 1 3 1 0 1 0 0 1 1 0 0 0 3 2 0 1 3 2 1 2 1 2 3 3 1 0 2 0 1 2 1 0.3364806498 1
3 2 0 1 1 2 0 3 2 1 1 2 0 0 0 2 1 0 3 3 1 2 1 0 1 0 0 2 0 1 2 1 0 2 1 3 1 3 0 3 1 3 1 1 0 0 1 0 1 1 1 2 0 3 2 2 2 2 1 0 1 0 1 3 0.2898979486 1
0 1 0 3 1 1 0 3 2 2 0 3 0 1 3 2 2 2 1 0 0 2 0 0 1 1 1 1 0 0 1 2 0 3 0 1 2 0 3 3 1 2 2 1 2 1 3 3 0 1 3 0 0 2 3 2 3 0 3 2 0 0 0 1 0.3525098313 1
2 0 1 0 1 3 0 3 2 2 2 2 1 1 1 0 1 1 3 2 0 2 1 1 0 0 3 3 1 1 1 1 1 1 1 2 2 1 1 0 2 2 1 0 1 0 1 2 2 3 0 3 2 2 3 2 3 1 1 0 0 3 0 3 0.3182859546 1
3 2 1 3 0 0 1 0 2 0 2 2 3 2 0 2 3 3 3 1 3 3 1 0 0 1 2 0 0 2 3 3 1 2 3 1 3 1 1 0 2 1 2 3 2 0 1 1 2 0 2 3 1 0 1 3 3 3 1 2 2 2 1 0 0.3572822687 1
1 2 2 0 1 1 3 3 2 1 0 2 1 0 1 0 3 3 3 1 3 3 3 0 1 0 0 0 2 2 3 0 1 1 1 1 0 3 1 3 0 2 1 3 2 1 2 2 1 0 2 0 1 1 2 1 1 2 1 2 1 0 0 1 0.2855004788 1
1 3 0 2 3 3 3 1 3 1 3 0 1 1 0 0 0 2 3 1 0 1 3 2 1 2 2 1 2 2 2 0 1 1 1 1 1 2 3 0 3 3 0 2 0 0 0 3 1 3 0 0 2 1 0 2 1 1 3 0 0 0 0 2 0.5293928788 1
1 1 3 0 2 3 2 0 3 3 2 3 2 3 0 1 0 3 2 3 2 0 2 0 3 3 3 1 1 1 0 0 1 3 0 3 2 3 1 2 1 0 3 2 2 3 0 3 2 2 2 2 0 2 0 0 1 1 3 0 1 1 0 1 0.375585761 1
3 2 3 2 1 2 0 3 1 1 1 1 0 3 3 1 1 1 1 0 0 0 3 1 2 1 3 2 3 2 2 2 1 2 3 0 0 1 3 2 3 3 0 2 1 2 2 3 2 1 0 0 0 3 1 2 1 1 3 3 0 0 3 2 0.5071671483 1
0 0 2 0 3 2 3 0 3 1 3 0 2 3 0 0 1 1 3 3 0 3 1 0 3 3 2 1 3 2 0 0 0 3 1 1 0 0 1 3 2 3 3 1 1 3 2 2 2 1 0 2 1 1 1 3 0 3 3 0 2 0 2 1 0.2783531573 1
1 0 0 0 0 2 1 3 2 0 0 3 3 1 1 3 0 0 3 3 1 1 2 3 3 0 1 0 2 2 1 1 1 0 1 0 1 3 2 1 3 3 0 2 0 2 0 0 3 0 0 2 1 2 3 3 3 1 2 2 0 3 2 0 0.2856256005 1
1 1 1 2 1 0 1 1 2 0 3 3 3 2 2 2 0 0 2 1 1 1 2 1 1 3 3 1 0 1 3 0 1 3 3 1 1 3 0 3 0 0 0 3 2 0 1 2 2 3 2 1 3 1 1 2 0 0 0 0 1 3 2 0 0.2823815248 1
1 3 0 2 3 2 0 1 3 0 1 1 0 0 0 1 2 2 3 2 0 2 1 1 1 2 0 2 3 0 3 0 1 1 0 3 1 3 3 1 2 1 2 2 2 0 3 1 0 0 1 0 3 0 2 3 1 0 3 0 3 1 1 0 0.3161505099 1
2 2 3 0 2 3 2 0 3 0 2 2 2 3 0 2 0 3 2 1 1 2 3 3 0 2 3 1 1 0 2 0 2 3 1 0 1 0 1 1 1 2 1 2 3 1 3 3 0 1 0 2 2 0 1 1 3 2 2 3 1 0 1 2 0.2872959339 1
0 0 0 3 3 3 3 1 1 2 1 3 1 3 0 3 0 0 1 1 1 0 3 1 2 1 2 1 3 1 0 0 1 0 0 0 0 2 0 2 2 0 1 3 0 0 2 3 0 0 3 2 0 3 0 2 1 2 3 3 1 3 3 2 0.375585761 1
2 1 0 2 3 3 2 1 2 3 2 0 1 0 3 2 2 2 0 0 1 1 3 3 2 1 2 0 0 0 3 2 2 3 0 3 2 3 3 0 0 1 3 0 3 2 1 0 1 3 3 2 3 2 1 3 1 1 3 0 1 2 0 3 0.3018893954 1
2 2 0 1 2 1 1 3 1 3 1 1 1 3 0 0 1 1 2 2 3 2 3 3 2 3 2 3 3 2 0 0 1 1 1 3 1 3 3 0 2 2 0 2 0 0 1 3 1 1 2 1 1 2 1 3 2 2 1 2 0 2 2 3 0.395590895 1
0 0 2 1 3 1 3 3 0 0 3 2 3 2 2 0 0 3 0 2 0 3 2 3 2 0 0 3 1 2 2 0 2 1 3 1 1 1 1 3 1 0 1 2 0 3 1 2 1 3 3 1 1 3 3 3 3 1 2 1 1 2 1 2 0.2850346585 1
3 2 2 1 1 1 3 0 3 3 2 0 3 1 0 0 3 0 1 2 2 3 1 0 1 3 1 0 0 2 1 1 0 1 3 1 0 3 0 1 3 0 1 1 0 3 1 0 3 1 2 0 0 3 2 0 0 2 0 2 0 1 0 1 0.308950706 1
1 2 3 0 3 3 2 2 2 3 3 1 3 2 0 0 1 1 3 1 1 2 3 1 3 0 3 1 1 3 3 1 2 1 0 3 1 0 1 3 2 1 0 2 2 3 2 2 0 1 3 1 2 0 0 0 0 2 2 2 3 1 2 0 0.2843480223 1
2 1 3 3 0 3 2 3 3 2 1 0 3 3 1 3 0 0 3 1 1 1 0 2 2 1 1 2 1 3 1 2 2 3 2 2 2 2 3 2 3 3 0 3 0 2 3 3 2 2 3 2 1 3 1 3 2 2 0 2 2 1 0 1 0.3095138673 1
3 2 1 3 0 3 0 3 3 0 1 3 0 1 3 1 1 0 0 3 1 0 1 2 2 1 2 1 1 2 1 3 1 3 1 1 3 0 0 1 0 0 3 1 0 0 2 1 3 2 2 2 1 2 3 3 0 2 2 2 3 2 0 1 0.3814935384 1
3 1 1 1 3 0 3 0 1 2 3 3 1 3 1 1 3 2 0 0 0 2 3 1 1 3 3 2 0 0 3 2 0 2 1 1 2 0 2 0 2 1 0 1 0 2 1 2 1 0 1 2 3 0 0 3 2 2 1 1 3 1 3 0 0.3005423822 1
0 2 2 3 2 3 3 3 3 0 1 3 3 1 0 2 2 0 2 0 3 0 2 1 0 0 2 3 1 2 3 0 3 3 0 0 0 2 3 1 1 3 1 3 1 3 2 2 1 3 2 3 2 1 0 2 3 3 3 0 0 2 1 3 0.3364806498 1
0 3 1 2 2 2 3 2 1 1 0 0 0 3 2 0 2 3 1 3 2 1 3 2 0 1 1 1 2 2 1 1 1 1 2 1 2 3 0 2 3 0 0 1 2 1 1 0 3 2 0 1 2 3 1 1 3 3 1 1 3 2 2 2 0.437421574 1
3 3 1 2 0 3 0 1 0 3 2 2 1 3 1 0 3 2 3 1 2 1 2 1 3 1 2 3 2 0 2 3 0 3 0 3 1 0 3 3 0 0 2 1 0 0 2 0 2 3 3 1 3 0 2 3 1 2 3 2 2 0 2 3 0.365757181 1
3 1 0 1 3 0 0 2 0 0 2 0 0 3 0 0 0 0 0 1 3 0 0 3 1 3 2 0 2 2 0 2 2 3 3 3 3 1 3 3 3 0 3 1 2 0 1 0 1 3 0 2 0 2 0 2 0 0 2 0 2 1 0 3 0.388756727 1
0 2 2 2 3 2 1 0 1 0 2 2 2 0 0 1 2 3 3 3 0 2 2 1 1 1 0 1 3 0 2 2 2 2 1 0 2 0 1 1 0 0 2 2 0 2 1 0 2 2 1 2 3 3 1 3 2 0 2 1 2 1 0 1 0.2984058257 1
2 1 3 3 3 1 3 3 2 3 1 2 2 3 3 2 0 2 3 1 1 0 3 3 1 1 1 3 1 1 3 2 0 0 1 0 1 3 0 0 0 3 1 0 0 3 3 0 3 0 1 3 2 3 2 0 0 2 2 0 2 1 0 0 0.5253110497 1
0 0 0 2 3 2 2 3 0 3 0 2 0 3 2 1 0 2 2 0 1 3 3 0 3 0 2 1 3 1 1 1 2 3 3 1 1 0 0 3 1 1 0 0 1 0 1 2 2 1 1 3 0 0 2 2 0 2 1 0 1 3 1 0 0.4257225336 1
3 2 2 3 1 0 3 2 0 0 1 0 3 1 1 0 0 1 0 1 0 3 1 0 0 1 1 0 1 3 0 1 0 0 0 3 2 3 0 1 3 0 2 2 3 2 0 3 1 1 1 1 0 3 3 1 1 1 1 3 2 1 0 2 0.3474320193 1
3 2 0 1 3 3 3 2 3 2 1 3 3 2 3 1 2 1 2 2 1 0 0 2 1 3 0 1 2 3 3 0 1 1 3 2 2 0 1 3 2 3 0 1 0 3 1 3 3 2 0 3 0 1 3 3 1 0 2 2 0 2 1 0 0.3665354679 1
2 1 3 0 0 2 0 2 0 1 0 2 0 3 1 1 0 1 3 0 1 1 1 2 1 3 1 1 0 2 3 2 3 1 0 2 0 1 3 3 3 0 3 0 2 3 1 2 3 0 1 0 3 2 2 3 3 0 0 0 1 1 3 3 0.5071671483 1
2 1 2 1 2 1 0 2 3 1 1 3 3 3 0 1 1 0 2 2 3 3 2 2 3 3 3 3 2 3 3 2 2 3 2 3 0 2 0 0 0 2 1 2 2 1 2 1 1 1 1 1 2 0 3 3 1 2 1 1 2 3 3 1 0.3771399076 1
3 2 2 1 1 2 3 1 0 0 2 1 2 1 2 0 3 0 2 1 1 0 3 2 1 3 2 0 3 0 0 3 2 3 0 3 0 0 2 0 3 1 1 3 0 3 1 1 0 3 3 2 3 1 0 2 2 1 1 0 1 2 3 1 0.5071671483 1
0 3 3 1 1 1 0 1 0 2 3 0 1 2 2 0 2 3 1 0 2 1 3 0 0 0 0 0 0 2 1 3 1 1 0 1 0 2 0 0 2 1 3 3 1 3 0 2 0 0 1 3 1 1 2 0 2 3 1 0 0 0 1 2 0.363892531 1
0 0 3 0 1 2 2 2 0 0 3 0 0 1 0 0 1 2 3 3 2 0 0 1 3 2 1 2 2 1 3 0 2 1 3 3 2 1 0 2 0 1 3 1 0 1 1 3 2 1 1 2 1 1 1 2 1 0 1 2 0 0 0 0 0.3709615778 1
1 1 2 0 3 2 1 2 0 1 1 0 2 3 0 1 3 2 0 0 0 1 2 0 3 1 1 3 0 3 1 3 0 1 0 1 1 3 2 1 2 3 1 0 1 1 3 1 3 1 3 3 0 3 3 3 1 1 0 2 0 3 3 3 0.375585761 1
1 2 3 0 0 3 3 0 2 3 1 0 1 0 0 0 3 2 0 0 0 0 3 2 0 2 2 2 1 1 2 2 0 1 2 1 2 1 0 3 1 3 0 0 0 3 3 1 3 1 3 2 0 0 0 3 3 1 3 3 0 2 3 3 0.5727687575 1
0 1 0 2 2 1 3 0 0 1 3 0 2 0 3 0 0 0 3 3 1 3 2 0 0 2 0 0 2 1 2 3 3 3 2 1 0 1 2 1 3 2 1 0 0 0 3 3 2 1 2 2 2 1 0 1 0 0 3 0 1 0 0 3 0.3341745348 1
0 2 1 2 1 3 1 0 0 1 1 2 2 1 3 0 0 1 2 3 2 1 2 0 2 0 2 3 3 2 1 3 3 1 0 0 2 2 1 1 0 1 3 1 1 2 0 0 3 3 1 0 0 3 0 0 0 2 1 0 0 0 0 0 0.401454317 1
0 0 1 1 0 0 1 1 2 3 3 2 3 1 3 3 0 2 2 1 2 3 1 0 2 3 1 2 2 2 3 3 0 3 3 2 0 3 2 2 0 0 1 1 0 3 0 3 3 0 2 0 1 0 2 3 0 0 2 1 1 2 3 1 0.2905650235 1
3 2 0 0 0 2 3 1 0 2 0 0 0 0 2 1 2 3 1 3 0 2 1 0 0 0 0 1 1 2 3 0 3 0 2 0 0 0 0 3 0 3 0 3 0 2 0 2 3 1 0 1 0 1 0 3 2 0 1 0 3 1 0 3 0.2824560002 1
2 2 1 1 2 1 3 2 3 3 2 2 2 2 0 2 2 3 3 3 0 3 3 3 3 2 2 1 3 0 0 2 2 2 0 1 1 2 0 2 1 3 2 1 3 0 3 2 0 2 0 2 2 3 1 3 2 1 2 3 2 0 1 0 0.3981953689 1
3 2 1 2 3 1 1 0 3 3 0 0 2 2 1 1 0 2 1 0 0 2 0 0 3 2 1 0 3 0 0 3 0 1 3 2 0 0 1 0 2 1 1 3 0 0 0 3 0 3 1 0 3 3 3 2 0 0 0 3 2 3 3 1 0.3513854579 1
0 0 2 1 1 1 0 1 0 2 3 3 2 0 3 0 3 2 0 0 3 2 0 1 0 2 0 0 3 0 2 3 1 3 1 1 3 2 3 1 1 1 0 3 0 1 3 3 3 3 1 0 1 1 3 0 1 3 1 0 2 1 1 1 0.4222413479 1
3 1 1 3 3 1 2 0 2 2 0 2 1 1 3 2 0 3 2 0 0 0 0 3 1 3 0 1 1 3 0 2 1 0 1 2 3 2 0 3 3 1 1 3 3 3 2 3 0 0 2 3 1 3 1 2 2 3 1 0 2 0 3 2 0.375585761 1
2 2 0 2 1 3 0 3 1 2 2 2 1 3 1 1 2 2 2 2 1 2 0 1 1 3 3 3 3 2 3 1 1 2 1 3 3 0 3 3 1 1 3 0 3 0 0 0 1 0 0 1 3 2 1 0 2 0 0 2 2 1 2 2 0.3210538243 1
3 3 3 0 0 3 0 2 1 0 3 3 3 0 0 1 2 2 3 0 3 3 1 1 2 1 1 3 1 0 0 3 0 0 2 2 0 3 3 1 1 2 3 0 3 2 2 3 1 0 1 0 2 1 0 1 1 1 0 1 0 0 3 0 0.3542554515 1
2 3 3 2 0 0 1 2 3 2 3 2 0 3 2 2 0 1 0 3 2 1 3 1 1 3 3 0 0 2 1 2 2 1 1 3 1 1 1 2 2 3 2 1 2 3 3 0 3 0 0 2 2 0 3 2 2 2 0 3 0 1 3 3 0.3727036241 1
0 3 0 1 1 0 3 0 3 1 1 0 0 0 2 2 1 3 0 0 0 2 3 2 2 3 1 0 1 3 3 1 0 3 0 3 2 0 3 1 2 1 2 3 3 2 3 2 0 1 0 1 3 3 3 2 2 0 1 1 2 1 2 0 0.7293039946 1
1 3 0 0 2 1 2 0 3 0 3 1 0 1 3 3 1 0 0 0 0 2 0 3 2 1 2 1 2 1 1 2 0 3 1 1 2 2 3 0 2 1 2 3 1 1 1 1 1 1 0 3 3 2 1 1 2 1 0 0 0 1 2 0 0.2950129909 1
1 3 3 2 0 0 0 3 0 1 3 0 1 1 3 0 0 2 1 0 3 2 3 3 2 0 1 0 1 2 2 0 2 0 0 0 1 0 0 1 1 1 0 1 2 2 1 0 3 1 1 1 0 1 1 1 3 0 2 0 2 0 1 2 0.4932215826 1
3 0 2 3 2 0 3 2 3 0 3 3 3 1 1 1 0 3 3 2 3 0 0 2 0 3 0 1 1 0 1 2 2 3 1 2 2 1 3 2 0 0 2 0 2 2 2 3 0 1 1 2 3 0 2 0 1 2 1 0 1 0 0 3 0.2830896523 1
3 0 1 3 0 2 3 3 2 2 0 0 1 3 3 3 3 2 1 2 2 0 1 1 3 3 2 1 1 0 0 3 2 0 0 0 0 3 1 0 0 1 2 2 2 0 0 1 3 0 0 0 3 3 3 1 1 0 3 0 1 2 3 0 0.3759744119 1
3 3 1 1 0 2 1 2 0 1 3 1 1 3 3 2 0 1 0 1 2 0 2 2 2 1 3 3 1 3 3 2 3 0 0 0 2 1 1 0 2 0 2 2 2 3 2 3 2 2 3 3 1 1 2 0 0 2 0 3 0 3 0 1 0.2898979486 1
3 2 2 2 1 1 0 1 0 3 1 1 1 3 0 2 3 2 0 1 0 3 1 0 1 3 0 0 2 1 0 1 1 1 3 3 3 0 3 2 3 2 1 0 2 0 3 0 0 2 3 3 3 3 3 1 0 3 1 2 0 0 2 1 0.3835303427 1
1 1 0 0 0 2 3 3 1 2 3 2 0 0 0 2 2 3 0 3 2 3 2 3 1 0 1 0 2 0 2 0 2 0 1 1 2 3 3 2 3 3 1 2 1 1 0 1 0 0 1 0 0 0 1 2 3 3 3 0 1 3 3 1 0.3597564272 1
1 0 0 1 1 2 1 2 2 2 2 1 0 2 3 3 0 0 1 2 1 3 0 2 2 3 2 3 0 3 3 0 3 3 1 1 3 3 0 2 0 1 1 0 0 3 2 1 2 3 0 0 0 0 0 0 3 3 3 2 3 2 2 0 0.3345232984 1
3 2 0 0 1 2 1 2 3 1 1 3 3 1 2 0 0 3 0 2 0 0 1 1 3 0 1 0 0 2 1 2 1 0 0 3 2 2 2 2 2 0 2 1 1 0 0 3 3 3 2 1 1 0 2 3 3 3 1 2 2 2 0 3 0.3258137644 1
1 3 2 1 1 3 2 3 2 2 0 2 0 0 0 3 0 2 0 3 3 2 2 0 1 1 0 3 0 3 1 0 1 1 3 2 0 3 1 1 2 3 2 3 3 2 2 0 3 1 1 3 0 3 3 1 2 1 1 0 3 0 2 0 0.3516237889 1
2 0 0 0 3 3 1 2 2 0 1 3 3 3 1 3 1 2 2 2 2 1 0 3 3 2 3 0 1 0 2 2 0 0 3 1 3 0 1 0 3 0 2 3 3 0 1 0 0 2 1 2 2 0 2 1 0 1 2 3 0 0 0 0 0.3302867025 1
1 3 2 3 3 1 1 0 3 3 0 3 0 1 0 0 1 2 0 2 1 3 1 1 3 0 2 3 3 1 3 3 3 3 3 1 2 1 1 3 1 0 2 1 0 1 3 2 3 1 0 1 1 0 2 1 3 2 3 1 0 0 3 2 0.3005423822 1
2 0 2 2 3 2 1 0 3 2 3 0 1 1 1 2 0 2 3 1 3 0 3 2 1 0 0 0 3 2 0 1 3 1 2 2 1 0 0 0 0 3 1 2 3 0 0 0 2 0 3 2 0 3 1 1 1 0 1 1 2 1 0 2 0.5927255389 1
2 1 3 0 1 1 3 2 3 2 1 1 0 3 2 0 3 0 0 0 2 3 0 2 0 2 0 1 2 1 3 0 3 0 3 1 1 2 0 3 0 2 0 0 2 1 0 2 2 0 0 3 3 0 1 2 2 3 3 0 2 2 0 0 0.3005423822 1
2 0 3 3 0 0 0 0 2 2 3 0 0 0 1 0 1 0 1 3 1 0 0 1 1 3 1 3 2 1 1 2 0 1 3 3 2 0 3 2 0 3 3 1 2 1 0 3 0 0 2 2 3 1 3 2 1 1 2 2 0 2 3 3 0.3000332808 1
0 2 0 3 2 3 2 3 2 2 0 2 1 0 3 3 2 2 0 0 1 0 0 3 3 2 0 1 3 3 3 3 1 2 0 1 0 0 2 2 2 3 0 2 1 1 3 0 0 1 2 0 3 2 1 1 2 1 2 3 1 1 3 0 0.2984058257 1
0 1 3 3 2 0 0 0 3 2 2 3 3 3 0 1 1 3 1 0 3 0 1 3 1 3 2 0 2 2 0 0 1 2 0 3 0 1 3 2 3 2 2 0 1 3 1 3 0 2 0 3 0 2 1 2 1 3 1 2 2 2 2 2 0.3737950927 1
2 3 2 0 1 0 0 3 2 1 3 0 3 0 2 0 1 3 3 0 2 1 3 0 1 3 3 1 2 1 3 3 1 2 0 0 0 2 3 0 3 1 0 2 1 0 3 3 0 2 1 3 0 0 1 2 2 3 1 0 0 3 2 2 0.5531708459 1
3 0 3 1 3 0 1 3 0 2 1 1 1 1 2 3 3 1 1 3 3 0 1 1 1 2 2 2 0 1 3 2 1 1 1 3 1 0 0 1 2 3 0 0 0 3 0 3 1 3 1 0 2 2 0 3 1 3 3 2 2 1 0 2 0.341497695 1
3 2 1 0 3 3 1 1 1 0 0 0 1 2 0 2 0 1 3 2 1 2 3 2 2 2 1 1 3 2 0 1 3 0 3 0 2 0 0 0 1 1 2 1 3 2 3 1 2 2 3 3 3 2 2 2 0 0 2 2 1 2 1 0 0.28026165 1
2 2 2 1 2 3 3 2 2 3 1 3 1 0 2 1 3 0 0 3 0 2 2 1 0 0 3 2 1 1 2 3 2 1 2 3 0 3 3 2 0 0 1 0 3 2 1 2 2 3 2 2 2 3 0 1 0 2 3 1 3 0 2 0 0.4037797985 1
0 1 3 1 0 3 3 0 1 2 1 3 1 0 0 2 1 0 1 1 1 0 3 1 0 1 1 3 1 2 2 2 3 0 1 2 1 1 2 2 0 3 1 0 0 3 2 0 2 0 3 1 3 3 3 2 1 1 0 0 1 0 1 1 0.3353334967 1
3 1 2 3 0 1 3 0 0 1 2 1 1 2 1 0 0 2 0 0 3 3 1 0 1 0 2 3 0 1 2 2 0 1 2 0 0 1 1 0 2 2 2 2 3 2 3 3 1 2 0 2 2 3 1 0 3 0 2 2 2 1 0 0 0.4191070293 1
3 2 1 3 0 2 0 2 3 1 2 3 2 0 2 2 2 3 2 0 3 2 1 2 1 0 1 1 3 3 2 3 0 1 3 1 2 0 2 0 0 0 3 3 1 3 2 3 1 3 0 3 1 0 0 2 3 1 2 1 1 3 3 0 0.2898979486 1
3 2 3 3 2 3 2 0 3 3 1 2 1 3 0 3 0 0 3 2 1 2 2 3 0 3 1 3 1 0 0 2 0 2 1 1 0 3 1 1 1 0 1 0 1 1 3 3 0 0 0 1 1 0 3 3 0 3 2 0 3 3 2 0 0.4493617321 1
0 0 1 0 0 0 2 0 3 1 1 2 0 2 3 0 0 1 2 1 1 2 2 1 3 3 2 2 1 2 1 2 2 1 1 3 1 3 3 0 2 0 0 3 1 1 3 0 3 2 2 1 0 2 1 0 2 2 2 3 0 0 1 0 0.4304465009 1
2 0 2 2 2 0 3 3 2 2 2 0 2 1 3 2 1 1 2 1 3 0 3 3 3 1 2 3 3 2 1 2 0 3 0 1 0 0 1 2 1 0 2 0 0 1 0 1 1 1 2 0 0 0 3 2 3 2 0 0 2 0 3 2 0.3252996028 1
0 2 3 0 2 0 0 2 0 2 0 0 3 0 3 2 0 0 2 2 1 2 3 2 0 1 2 3 3 1 3 3 3 3 1 2 3 3 3 0 2 1 1 2 3 0 1 3 3 3 0 3 2 1 2 0 0 3 1 2 0 2 2 3 0.7445867518 1
2 2 2 2 3 3 1 2 1 2 1 2 1 3 2 2 2 0 2 0 0 1 2 2 3 2 2 1 1 3 3 3 3 0 0 1 0 2 3 2 0 0 2 1 1 0 2 3 1 2 1 2 1 1 0 0 0 1 3 1 2 0 2 0 0.5268548582 1
2 1 1 1 1 3 3 3 0 1 3 0 3 2 1 2 3 2 3 0 2 3 2 2 1 1 1 2 1 0 2 1 1 2 1 3 2 3 2 2 0 1 2 1 3 3 3 1 0 1 3 1 1 3 2 3 0 3 0 0 0 0 1 1 0.4211284044 1
2 2 1 2 3 0 0 0 3 2 1 2 1 0 0 3 3 1 2 1 1 2 2 1 2 0 1 0 2 1 0 0 2 2 1 3 2 3 0 0 3 0 0 3 3 1 0 2 0 0 3 0 3 3 1 2 1 2 3 2 2 2 2 3 0.3315434779 1
3 0 0 0 0 2 0 2 0 0 3 1 1 0 0 2 2 2 2 0 1 1 0 1 0 3 1 0 3 0 0 3 3 2 0 0 0 3 3 2 1 3 2 1 0 0 3 1 3 0 3 2 1 0 1 1 1 1 0 0 0 2 2 3 0.6547193428 1
0 2 2 0 3 1 2 1 2 2 1 2 0 3 3 0 0 1 1 1 2 3 0 1 3 0 0 2 1 2 1 1 2 2 2 3 1 3 3 0 3 0 3 1 2 1 1 3 1 3 1 2 0 3 0 3 2 2 2 1 0 3 0 3 0.4228386268 1
0 2 3 3 3 3 2 3 1 1 0 2 0 0 2 2 3 2 3 1 1 2 3 1 3 2 1 3 3 2 2 3 2 2 3 3 3 2 1 2 3 1 1 3 0 3 1 1 1 0 2 1 2 2 2 2 0 2 2 3 1 2 0 2 0.300227391 1
0 2 2 3 0 3 0 0 0 0 3 2 2 3 3 2 3 3 3 3 0 3 3 1 3 0 3 0 2 1 3 1 0 2 2 3 3 2 3 3 0 1 0 1 1 2 1 0 3 2 3 1 2 1 3 3 1 2 0 0 3 1 3 1 0.3326052574 1
2 0 1 1 3 1 1 1 2 1 3 2 2 2 2 1 0 1 0 0 3 3 1 0 0 0 0 1 2 3 2 0 2 3 0 1 1 2 0 3 3 1 1 0 0 1 3 1 2 3 0 3 2 3 0 0 0 1 0 0 0 1 3 3 0.4311523228 1
2 2 1 1 1 0 0 0 0 1 1 2 0 1 2 2 1 0 1 0 1 3 2 3 0 0 3 2 1 3 1 0 0 3 1 0 0 2 2 1 2 0 3 3 0 2 2 0 3 1 0 2 3 1 0 2 0 0 3 0 3 3 0 0 0.3716235242 1
2 3 3 1 2 0 3 0 3 1 1 1 1 0 0 1 1 1 2 3 0 2 2 0 3 3 1 1 0 0 2 2 1 0 2 1 3 3 2 0 0 3 0 1 1 2 3 3 3 3 0 3 2 2 0 1 3 1 2 0 3 2 2 1 0.3323938539 1
2 3 1 2 0 1 3 2 1 0 0 3 3 2 2 2 1 1 0 2 1 3 1 3 1 1 2 2 2 2 3 1 1 1 3 1 0 0 0 3 2 1 0 1 3 3 0 3 3 0 1 1 0 1 0 1 1 2 2 1 1 1 1 0 0.42368671 1
3 2 1 1 0 2 0 0 3 1 1 3 0 3 1 3 1 0 2 1 0 3 1 2 2 2 1 1 1 1 3 1 1 3 3 2 3 3 0 2 2 1 2 1 1 3 0 1 1 0 2 3 0 3 2 0 0 0 1 2 1 0 0 1 0.3107860582 1
3 3 1 2 3 0 1 3 3 1 0 3 1 0 3 3 1 0 0 3 3 2 2 3 0 2 0 3 3 2 0 3 1 1 0 0 0 3 1 1 0 0 2 3 0 2 0 3 2 2 2 2 2 2 2 3 0 1 2 3 0 1 3 3 0.2962056604 1
2 3 1 3 0 0 3 3 0 2 0 0 1 1 0 3 3 1 3 3 3 3 2 1 2 2 2 3 3 2 3 2 0 3 2 3 2 3 1 2 3 3 2 0 3 1 2 0 3 2 1 3 0 3 0 2 1 1 2 2 3 2 1 3 0.4076499498 1
0 0 3 2 0 1 1 1 3 0 1 0 0 2 2 2 0 1 2 2 2 1 2 3 3 3 1 2 3 0 1 3 0 3 1 3 2 2 3 1 2 0 3 3 1 2 1 0 0 0 3 1 3 2 0 3 0 3 3 3 0 1 2 1 0.4493617321 1
1 3 0 1 2 2 0 0 1 1 0 3 2 2 3 2 0 3 2 1 2 1 3 2 0 2 0 3 0 3 0 3 0 2 2 1 0 2 2 1 3 3 1 0 2 2 2 2 0 2 2 1 0 3 1 1 2 2 1 1 1 1 2 3 0.2909132566 1
2 1 2 1 1 1 3 1 3 2 3 3 3 1 0 2 0 2 1 1 0 0 0 0 3 3 1 1 3 1 3 2 2 2 1 2 3 2 1 2 2 2 1 1 0 0 1 2 2 2 2 2 2 0 3 2 3 2 1 2 1 3 2 0 0.2909132566 1
0 1 0 1 3 3 2 2 2 3 3 3 0 2 0 1 3 2 0 2 1 3 2 3 2 2 1 3 3 3 1 0 1 1 2 3 2 3 3 0 0 2 3 3 0 2 3 0 3 3 3 1 1 2 3 1 0 2 3 0 2 0 1 0 0.3867300211 1
2 2 1 3 3 0 3 3 1 1 0 3 1 3 2 3 2 3 0 2 3 0 3 2 1 2 3 2 3 2 0 2 1 0 0 0 3 0 0 2 1 2 1 1 1 0 2 3 1 3 1 1 2 1 1 2 2 3 3 0 0 3 3 0 0.4238716411 1
3 3 2 0 0 0 3 0 3 2 1 2 0 2 3 3 1 0 2 2 3 2 3 0 0 2 0 1 2 2 0 1 3 2 2 0 0 0 1 2 1 0 1 1 3 3 3 0 1 1 3 0 0 3 1 3 3 3 1 2 0 1 1 1 0.441769316 1
0 3 0 2 1 0 3 0 1 2 1 0 0 3 3 0 0 3 2 2 3 1 1 1 3 3 2 3 2 0 0 2 0 0 0 3 1 3 3 1 3 3 1 1 0 1 2 3 2 0 1 3 0 3 2 1 1 2 2 0 0 3 1 2 0.4233057333 1
1 3 2 1 2 0 2 0 1 1 3 2 0 0 3 2 3 2 0 0 2 1 0 0 0 1 2 0 2 3 0 0 1 0 2 2 3 1 3 3 1 0 1 3 3 3 1 1 2 2 0 0 1 1 3 2 3 0 0 0 3 0 0 1 0.2849341284 1
2 1 1 0 0 3 3 1 0 0 3 0 2 0 2 2 3 1 1 2 0 1 0 3 2 3 3 0 0 2 0 0 2 1 2 0 2 3 3 0 3 2 2 2 0 1 2 3 0 0 0 0 2 2 3 0 2 3 0 1 2 1 2 3 0.3169944931 1
1 2 3 1 1 1 0 1 3 2 1 0 0 3 2 2 0 3 0 2 1 3 1 2 2 1 0 1 0 0 0 2 1 2 1 2 2 3 3 1 2 2 1 1 1 0 2 1 2 2 2 2 3 1 3 0 1 1 0 2 2 3 1 2 0.450784773 1
3 2 3 0 1 0 1 1 0 2 3 1 0 1 0 0 0 2 1 2 3 0 2 1 0 3 1 1 1 0 3 3 2 3 0 0 2 3 0 2 3 0 3 1 3 3 2 0 0 3 3 3 1 1 0 1 2 0 3 2 0 1 3 1 0.3010544585 1
2 2 1 0 1 1 3 2 0 3 2 0 1 2 2 0 2 0 0 2 3 1 3 2 0 3 0 3 0 2 2 0 2 3 1 0 0 3 2 2 3 1 3 1 0 0 3 0 1 2 0 2 0 3 2 0 0 1 3 2 2 3 0 0 0.4565940367 1
2 1 3 0 0 2 0 1 2 0 2 0 2 2 1 1 3 3 1 0 0 3 0 1 3 3 3 0 3 2 0 0 2 0 2 3 1 2 1 3 3 1 3 3 0 1 2 2 1 1 0 2 0 2 3 0 0 1 2 0 0 3 2 1 0.3183767839 1
3 0 2 1 1 2 0 0 0 1 1 2 3 2 3 0 1 0 0 0 0 1 0 1 1 1 2 2 0 1 1 2 2 2 3 0 2 2 0 3 3 1 1 2 0 1 3 2 0 2 2 0 0 0 0 2 2 3 2 1 2 3 1 1 0.5424783036 1
2 3 2 2 1 3 1 1 0 2 3 3 2 2 2 1 0 0 3 1 1 2 2 3 3 0 0 1 0 3 3 1 1 2 0 0 1 0 2 2 1 0 2 0 0 2 3 3 2 3 3 1 0 3 0 1 0 0 1 3 2 1 0 0 0.363892531 1
1 3 2 3 2 1 1 0 1 2 2 3 1 3 3 1 0 1 2 1 3 0 0 3 0 1 2 2 1 1 0 3 1 2 0 0 3 3 1 3 3 1 3 3 0 1 1 0 0 1 1 3 1 2 1 2 1 0 1 2 3 3 3 0 0.3126595927 1
2 0 0 3 0 3 0 1 1 2 2 3 0 2 1 3 1 3 2 0 3 2 0 0 3 2 1 2 3 2 2 3 1 1 0 0 3 2 0 2 2 2 0 3 0 2 2 1 3 3 3 3 1 2 2 2 0 2 0 0 2 3 3 2 0.2796354011 1
2 0 2 2 2 2 0 1 2 3 1 2 2 3 0 0 2 2 3 2 0 2 2 2 0 0 3 3 3 0 3 1 3 1 0 1 0 2 2 1 1 3 2 0 0 3 3 1 0 1 3 0 2 0 0 2 2 1 3 3 1 1 2 0 0.282163914 1
0 3 3 0 2 1 2 2 0 0 3 3 2 2 1 1 2 1 0 1 2 3 0 0 2 2 3 1 1 1 2 0 0 2 3 1 1 1 0 1 1 2 2 3 2 0 1 1 2 1 1 0 2 1 3 3 1 3 0 0 1 3 0 2 0.4067240031 1
0 3 1 0 0 2 2 2 3 1 0 0 2 2 1 0 1 0 3 0 1 3 0 2 0 3 2 3 3 3 3 3 2 2 3 2 1 0 3 2 0 0 0 2 1 2 1 0 2 2 1 3 1 0 0 3 1 0 3 2 1 0 1 1 0.388756727 1
0 3 2 3 3 1 1 0 2 3 1 2 1 1 1 3 0 2 2 2 1 3 3 2 2 3 1 1 0 2 0 2 3 2 0 0 0 1 0 2 1 0 2 1 2 2 3 3 0 1 2 2 0 0 3 0 0 3 0 1 2 1 0 1 0.4908646821 1
2 2 1 1 1 3 2 2 3 2 1 1 0 3 0 3 3 2 2 0 0 0 3 2 3 2 1 1 2 1 3 2 1 3 0 3 3 1 0 2 0 1 0 0 0 0 1 1 1 0 0 2 3 2 0 0 3 1 3 0 1 1 0 3 0.5635383849 1
3 2 2 3 3 2 1 0 0 0 1 0 3 2 0 2 3 1 1 2 2 0 1 3 1 0 1 3 1 3 2 1 0 2 1 3 0 1 3 3 3 3 2 0 0 0 2 2 2 3 2 1 2 0 0 3 2 1 1 1 0 0 2 0 0.2852984217 1
3 2 1 3 3 0 3 2 0 3 3 3 3 2 2 2 2 0 0 1 2 0 2 0 3 3 3 1 1 2 2 1 0 0 0 0 2 3 1 0 1 0 2 2 0 2 2 2 2 2 3 1 2 0 1 3 1 0 1 0 0 1 0 3 0.3597564272 1
1 0 1 1 2 2 2 1 0 3 1 2 3 1 0 2 0 0 3 2 1 1 0 3 1 3 0 1 1 0 0 3 1 1 0 3 3 2 0 3 0 0 0 2 3 0 2 2 1 2 0 3 2 1 3 2 2 1 0 0 3 2 3 1 0.3788212575 1
0 3 1 1 2 0 1 3 1 3 0 3 3 2 3 2 2 3 1 0 1 2 1 2 2 3 3 3 0 2 2 0 3 2 0 0 0 0 1 2 3 1 0 2 2 1 2 3 3 0 0 0 2 3 0 3 0 0 1 0 0 3 0 3 0.2853040452 1
2 1 1 1 3 0 2 0 1 3 2 0 3 0 1 0 3 1 3 3 2 0 0 2 3 1 1 0 3 3 1 1 3 2 2 0 2 3 2 2 0 3 3 2 2 0 2 2 0 0 3 2 0 0 1 0 0 1 2 2 0 0 3 2 0.3142042283 1
1 2 3 1 2 1 1 1 0 2 3 3 2 3 1 2 3 2 3 2 1 2 3 2 2 2 0 3 2 3 0 0 0 2 0 2 2 2 3 3 3 3 2 3 0 1 2 2 1 3 0 0 2 0 2 0 0 1 2 0 0 2 2 0 0.282163914 1
2 1 0 0 2 1 0 0 3 1 3 0 0 1 0 1 1 2 3 0 3 2 3 0 3 3 0 1 0 3 3 1 0 2 0 1 3 2 1 2 2 3 3 2 2 3 1 0 2 0 3 3 2 2 3 2 0 0 1 2 3 1 3 1 0.2958353457 1
1 0 1 2 0 0 3 3 2 3 1 2 3 0 2 3 0 3 3 2 3 2 0 3 2 0 1 2 2 0 3 0 1 2 0 0 2 3 1 2 2 2 2 3 3 0 1 3 3 2 1 3 1 0 1 1 1 3 3 1 3 3 1 2 0.2797880738 1
3 2 2 0 1 1 2 1 2 2 1 2 0 2 2 1 1 0 1 0 2 1 0 1 2 3 1 1 2 1 3 3 2 2 1 1 0 3 0 1 3 1 2 3 0 0 2 3 1 0 3 0 1 1 3 1 1 2 0 3 1 0 0 0 0.3764420123 1
3 3 0 3 1 3 3 3 3 1 1 3 1 2 1 1 2 0 3 0 0 1 0 3 1 2 0 0 0 3 0 1 3 2 1 1 0 3 3 2 2 1 2 3 0 0 1 3 2 2 0 1 2 3 2 3 0 3 3 2 1 2 2 2 0.2889597216 1
0 3 0 0 2 0 0 2 2 0 2 0 0 3 1 2 2 0 3 0 0 1 0 3 3 0 0 2 1 1 3 0 0 2 3 3 1 1 2 0 0 3 2 3 2 0 3 1 0 1 3 3 3 0 2 2 1 2 2 3 1 3 0 2 0.3102148911 1
0 1 1 1 0 1 3 2 2 3 2 3 1 2 3 0 2 3 3 1 2 2 2 0 3 1 1 2 1 3 2 2 1 1 0 1 1 2 1 3 0 1 1 3 0 2 2 2 3 1 0 0 2 1 3 1 2 2 2 1 3 1 2 3 0.3185239392 1
0 3 1 2 3 1 0 0 2 1 0 0 0 0 0 3 1 1 0 1 1 0 1 0 3 0 3 0 3 3 1 1 1 1 1 1 1 2 3 2 3 1 1 1 2 0 1 3 3 1 1 3 3 1 3 0 0 3 1 0 2 0 3 3 0.3496707166 1
1 3 3 3 2 0 2 3 2 3 1 3 3 3 0 3 2 0 3 1 0 2 1 2 2 3 3 0 3 2 2 3 3 0 1 0 1 0 1 2 2 1 1 2 0 0 0 2 0 3 2 3 2 2 0 2 0 3 0 0 0 3 0 3 0.4438190372 1
1 1 3 0 1 0 3 1 0 0 3 2 3 3 1 2 3 1 0 2 0 0 0 1 3 2 0 0 3 2 2 0 3 1 0 2 1 3 1 2 2 3 1 1 2 3 3 2 1 3 0 3 0 3 1 2 1 3 1 3 3 2 0 0 0.3908225933 1
1 2 0 0 0 3 1 0 0 3 1 3 0 2 1 2 2 0 2 0 0 1 3 2 3 0 2 2 1 3 3 0 0 3 1 2 2 1 0 3 2 0 1 3 0 3 2 0 0 0 3 0 0 0 1 3 0 3 3 0 3 1 2 3 0.3895411216 1
2 2 3 3 3 3 2 1 2 1 3 3 3 3 2 1 2 1 3 3 2 2 3 3 0 2 0 3 2 0 0 1 3 3 3 2 2 2 0 2 3 3 1 1 0 3 1 2 0 1 3 3 3 2 1 2 1 3 0 2 0 1 2 2 0.3138906654 1
1 1 2 1 2 0 0 2 3 1 3 1 2 2 1 2 1 2 3 2 0 2 2 0 3 3 0 0 3 1 1 1 0 3 2 3 3 3 1 1 0 0 2 1 0 2 3 1 3 3 1 0 2 0 2 3 0 1 2 0 3 2 1 0 0.30137244 1
3 3 1 0 1 1 3 3 0 3 2 2 3 1 2 0 1 2 1 3 1 3 3 3 0 0 2 2 0 3 2 3 0 2 3 3 1 0 3 2 0 1 3 2 0 0 0 1 2 3 3 3 3 0 3 3 2 3 1 2 0 0 0 1 0.395590895 1
3 0 1 0 3 2 3 1 3 2 0 3 0 2 2 3 2 1 1 3 0 0 1 0 3 2 2 2 1 1 2 3 1 2 3 1 2 3 0 3 2 0 1 3 3 3 2 2 3 2 2 1 1 3 1 3 1 0 2 3 2 3 3 0 0.5071671483 1
1 2 2 1 0 2 3 0 3 0 3 2 2 1 3 0 0 2 0 0 1 0 3 0 2 1 1 2 2 0 2 2 0 1 2 0 2 2 1 2 1 0 1 0 1 0 2 2 0 3 1 2 1 3 2 3 1 1 2 3 0 3 3 3 0.3439144051 1
2 3 2 0 1 0 1 0 0 0 3 3 2 2 0 0 1 3 0 2 2 3 3 3 2 2 2 2 3 2 3 3 3 2 0 1 2 1 1 0 0 0 0 0 1 1 0 3 3 3 1 1 3 3 1 0 3 3 1 1 3 1 0 3 0.330997139 1
1 0 3 2 2 0 0 2 0 3 2 2 3 1 0 0 0 3 0 2 1 1 3 2 2 2 0 0 1 0 0 1 3 2 0 1 0 3 1 3 2 3 1 1 0 0 3 2 3 1 1 2 1 0 1 0 2 3 3 2 0 2 0 3 0.5166298428 1
1 0 2 2 1 0 3 2 1 3 2 0 2 3 1 1 1 0 3 1 3 3 3 1 2 1 2 1 2 3 2 1 2 0 3 2 2 3 3 3 1 2 3 1 3 2 2 0 0 0 1 0 2 2 3 1 1 0 3 2 1 1 1 3 0.4996123991 1
2 3 3 2 0 0 3 1 2 2 1 3 2 0 1 1 2 3 1 3 1 1 0 1 0 0 0 3 1 1 2 0 0 3 2 3 3 1 2 0 2 2 0 2 3 2 2 3 3 2 3 2 0 1 0 2 0 3 3 3 3 1 2 3 0.2918317294 1
0 1 2 2 2 2 3 3 2 2 1 2 1 1 1 1 0 3 0 0 3 1 3 1 3 3 2 1 3 3 2 2 3 0 3 0 2 2 0 0 0 3 0 0 3 3 3 3 2 2 3 3 3 1 3 1 2 0 2 3 2 0 0 3 0.3647390916 1
0 3 0 0 1 3 3 0 3 0 0 3 3 3 3 3 3 2 3 1 0 0 1 1 3 3 3 2 1 2 2 0 1 2 2 1 0 0 0 3 0 3 3 0 2 2 0 2 0 2 3 0 2 1 2 0 2 2 3 0 1 0 0 1 0.3814181519 1
0 1 2 0 2 0 0 2 3 2 0 2 0 0 0 1 3 1 3 3 0 3 0 3 2 1 1 3 3 3 3 2 3 1 2 1 0 1 0 0 0 0 0 2 3 0 2 2 3 1 0 2 0 2 2 3 1 3 0 1 1 2 1 0 0.3539604037 1
2 3 0 2 3 0 0 3 2 3 0 1 0 0 0 1 1 2 3 0 1 0 1 0 2 3 3 2 3 2 1 3 2 0 0 1 2 0 2 3 3 0 3 2 3 3 3 0 2 0 2 0 3 3 0 2 1 1 2 1 2 0 2 2 0.3737950927 1
3 1 2 2 1 3 1 1 0 3 3 0 0 2 2 3 0 1 3 0 1 3 2 3 3 3 1 1 0 1 3 2 0 1 2 0 1 1 2 1 1 3 2 1 3 1 1 0 2 1 0 1 2 3 1 2 1 1 3 3 1 1 0 3 0.4142135624 1
0 0 3 3 1 0 3 1 3 1 2 2 0 2 1 2 3 2 0 0 3 2 1 0 3 2 1 0 0 1 0 1 0 2 3 0 2 1 2 0 2 0 1 3 2 2 1 2 2 2 1 3 1 1 0 2 1 2 0 1 0 3 0 0 0.363892531 1
2 0 3 2 2 1 2 0 2 2 2 0 3 3 3 2 3 0 3 2 1 1 0 1 0 0 2 1 1 0 0 3 3 1 2 0 2 2 1 1 0 1 3 0 1 0 0 2 2 1 0 1 0 1 1 1 2 1 0 0 3 3 2 2 0.6928099642 1
0 3 0 0 2 1 3 1 0 0 0 1 1 3 0 2 2 0 3 1 3 1 3 1 3 0 2 3 3 3 2 3 3 0 2 1 0 2 0 2 1 3 0 0 1 2 3 3 0 0 3 0 0 2 3 2 3 3 1 0 1 3 3 1 0.3510801119 1
2 1 0 0 3 0 0 1 3 0 3 2 0 1 3 0 3 0 2 1 2 3 3 3 3 0 1 1 3 1 1 0 2 0 1 3 2 3 3 2 0 0 0 2 2 0 3 0 2 1 0 0 2 1 2 0 2 3 3 2 2 1 3 0 0.3629008246 1
3 3 1 1 3 2 3 3 2 3 0 2 3 2 1 0 0 2 0 2 2 1 1 0 2 3 1 2 1 1 2 0 2 0 0 3 3 0 0 0 2 3 1 2 3 2 1 3 1 0 1 2 3 1 1 0 0 3 1 0 3 2 0 3 0.2850346585 1
1 2 0 3 1 0 1 1 2 0 0 2 2 1 0 2 2 3 3 3 2 0 3 2 1 3 3 0 2 0 1 1 2 3 2 1 1 0 0 3 3 2 1 0 0 2 1 2 1 0 3 2 2 1 2 0 3 2 0 3 3 0 2 0 0.3582201532 1
3 0 2 3 1 3 3 2 3 0 2 2 1 1 3 2 1 3 3 2 1 3 1 2 2 1 0 3 1 1 3 2 1 3 0 3 2 3 2 2 1 2 2 2 3 0 3 0 3 3 3 1 2 3 0 0 2 3 1 3 2 2 2 0 0.3210538243 1
3 1 0 0 1 3 3 0 3 2 2 0 3 2 3 1 2 0 0 1 1 2 1 3 3 3 2 1 1 3 0 2 2 0 1 2 3 0 0 3 1 1 2 1 2 3 2 3 1 1 0 2 1 0 1 3 3 1 0 3 1 2 0 0 0.4142135624 1
0 3 1 2 2 3 2 1 0 3 3 1 2 2 2 2 3 1 3 0 0 3 3 2 0 1 1 3 3 1 0 1 0 3 0 3 0 2 1 2 2 0 2 3 2 1 0 1 3 1 3 2 0 0 1 1 2 2 3 0 2 2 3 3 0.3032573596 1
1 3 1 0 2 1 0 2 2 1 2 0 0 2 3 3 2 0 0 1 3 2 1 2 0 2 2 0 0 1 1 1 0 3 0 0 2 3 1 0 2 3 3 2 0 1 0 0 1 0 3 2 2 1 3 3 1 1 1 2 1 3 3 2 0.2843480223 1
3 1 0 1 2 1 3 1 0 2 0 1 2 1 2 0 0 1 0 2 1 2 0 1 1 1 0 0 1 2 2 1 0 2 1 0 3 0 1 1 1 3 0 1 1 2 3 1 0 1 1 0 2 0 0 0 1 2 0 3 1 0 3 3 0.5927255389 1
2 3 0 1 0 0 1 2 0 1 3 0 2 2 0 1 1 3 3 2 3 3 2 3 3 1 3 3 3 2 2 1 1 2 2 2 1 2 3 1 2 1 1 3 2 3 1 3 3 1 0 1 2 3 2 3 2 0 0 0 1 3 1 2 0.2982882842 1
1 0 3 0 2 1 3 0 2 2 1 0 1 0 1 3 1 1 3 2 2 0 0 1 1 3 1 1 1 2 0 1 3 0 2 2 0 2 2 0 2 0 3 1 2 1 0 1 0 2 1 1 0 3 3 1 0 3 2 2 1 1 0 0 0.3418020796 1
1 0 3 0 2 3 2 2 0 1 2 1 1 2 3 0 3 2 1 3 3 3 3 1 1 2 2 0 0 0 2 3 0 1 2 3 1 3 1 1 3 1 1 1 2 1 3 2 0 2 3 3 3 3 2 3 2 1 3 3 2 0 3 1 0.2887244073 1
1 2 2 3 2 0 1 1 3 1 1 0 0 2 3 2 3 0 2 3 1 2 0 1 2 2 2 3 1 3 3 2 2 3 2 0 1 0 2 3 2 3 2 3 1 0 3 0 2 3 3 2 1 0 3 2 1 3 3 0 2 1 0 1 0.3193901603 1
2 0 1 0 3 0 0 0 2 3 2 3 1 1 2 2 0 2 3 2 2 2 0 0 0 2 1 3 2 3 2 2 2 3 3 3 0 3 2 0 3 1 2 1 0 1 3 1 0 3 0 2 1 3 1 1 3 3 0 3 0 2 0 2 0.2852984217 1
3 0 1 2 3 2 2 2 3 0 1 2 2 3 1 1 3 3 2 2 2 1 0 0 0 2 1 0 0 1 1 0 3 1 0 3 1 1 2 0 0 0 0 1 2 3 3 2 3 0 1 3 0 2 3 0 1 3 0 0 1 1 1 3 0.363892531 1
2 2 2 1 1 3 3 0 1 0 1 1 3 1 0 1 2 3 3 1 0 2 2 3 0 3 0 1 1 1 2 1 3 1 3 1 3 3 2 2 1 1 2 2 2 2 3 2 0 0 2 3 3 3 0 0 3 3 1 2 2 2 3 1 0.3457554802 1
3 0 1 1 0 3 3 3 3 1 0 0 0 0 2 0 2 3 2 2 1 0 3 3 0 2 3 0 2 2 3 2 1 3 0 1 2 0 0 0 0 2 0 3 1 1 0 1 0 2 0 0 2 3 2 3 3 2 2 3 2 0 0 1 0.3018893954 1
3 0 0 3 0 2 3 3 3 0 3 3 3 1 2 2 3 3 2 1 0 3 3 2 1 2 2 3 2 0 3 1 1 0 3 3 3 3 0 2 1 3 1 3 3 0 0 1 0 2 0 2 2 2 3 0 0 0 1 1 3 0 3 1 0.3770377954 1
2 3 3 0 2 2 1 2 0 2 2 1 2 3 0 0 3 2 2 0 1 3 2 0 2 2 3 1 3 3 1 2 1 2 1 3 1 1 1 2 3 0 0 1 2 2 3 0 0 1 2 2 2 2 3 0 1 2 0 3 3 2 2 2 0.3877518947 1
0 3 2 1 1 2 1 2 2 3 1 3 3 0 3 0 0 3 1 1 0 0 2 0 3 2 2 0 3 2 0 3 2 1 2 1 3 0 3 0 3 1 1 2 0 2 1 0 0 2 1 2 1 3 0 1 0 1 0 2 0 2 1 0 0.3010544585 1
0 2 3 1 1 0 0 1 0 0 1 2 1 1 2 2 0 1 1 0 2 2 1 1 0 3 3 1 1 1 0 3 3 3 3 2 2 3 1 1 3 2 3 3 1 3 0 3 1 3 3 0 3 3 3 0 1 0 2 0 1 3 2 0 0.4748491566 1
3 2 3 3 0 3 1 1 0 0 0 2 0 1 3 1 1 2 2 0 3 0 1 1 3 1 3 2 3 2 3 3 2 3 0 1 0 2 1 0 0 0 3 1 0 3 2 2 2 2 3 2 3 3 1 1 3 0 2 2 2 1 1 1 0.3607177194 1
1 2 0 1 3 0 3 2 0 1 3 2 0 0 2 0 2 0 0 1 3 1 3 2 1 2 1 2 3 2 0 0 1 1 0 3 2 1 0 1 3 1 0 3 2 1 2 3 3 0 2 1 2 2 1 1 1 1 1 0 3 3 0 3 0.3062663304 1
0 2 2 0 0 1 1 0 3 2 2 3 1 0 0 0 0 0 0 0 2 2 3 3 1 1 3 2 3 0 0 1 3 3 3 2 2 0 0 2 3 0 0 0 0 2 1 3 0 1 3 3 2 1 2 0 2 2 1 1 3 1 0 3 0.2872959339 1
3 2 3 1 3 0 2 0 1 0 1 1 0 2 1 3 1 2 3 3 3 2 0 1 3 3 3 1 3 1 2 0 0 1 0 1 1 2 1 2 3 0 0 2 2 2 0 2 0 1 0 0 0 1 1 3 3 0 0 0 3 0 1 3 0.303785526 1
3 2 1 0 2 3 1 0 1 1 0 2 3 0 2 2 3 2 1 3 3 3 1 2 3 2 2 2 0 1 2 2 1 0 1 3 3 3 1 1 1 2 0 3 1 3 2 2 1 2 3 2 2 1 2 3 1 0 2 1 0 3 0 0 0.4472135955 1
3 2 2 2 0 1 0 2 3 1 2 1 1 3 3 2 2 2 0 1 1 2 0 3 0 2 2 1 1 0 3 3 2 2 3 0 1 1 1 2 3 0 2 2 2 1 1 1 0 0 2 3 2 3 0 0 0 2 1 0 1 0 3 1 0.2857269627 1
2 3 2 3 3 1 2 2 0 0 2 3 1 2 2 3 0 0 0 0 3 3 0 0 0 1 0 3 2 1 3 3 3 1 3 1 0 3 2 0 3 0 1 1 1 1 3 2 0 0 2 3 3 3 3 1 3 3 1 3 3 3 0 1 0.2877347861 1
3 0 3 3 1 0 2 1 3 0 2 0 2 3 1 2 1 3 0 1 1 1 2 0 0 3 0 1 3 3 0 3 1 2 3 1 2 2 1 1 2 1 1 2 0 2 3 1 2 1 3 3 3 1 3 1 0 2 1 3 3 2 3 3 0.4693139434 1
3 0 0 2 1 3 2 1 2 2 3 1 2 2 0 0 1 3 0 1 0 1 2 3 3 3 0 0 2 0 2 1 3 3 2 1 3 1 2 1 2 2 3 3 3 2 2 0 3 3 2 2 2 3 1 3 3 1 0 2 3 0 1 0 0.5927255389 1
2 2 2 3 2 3 3 3 3 2 3 2 3 0 1 2 1 2 2 2 1 3 0 0 3 0 0 0 3 3 3 0 2 1 1 3 3 3 0 1 3 1 1 2 3 0 3 2 2 2 3 0 0 2 3 3 3 0 3 2 1 1 1 3 0.4582871392 1
1 2 3 0 0 1 3 3 3 3 2 2 1 1 0 0 2 3 3 0 1 3 2 1 3 3 0 3 1 0 2 1 1 2 2 0 2 0 2 0 2 2 2 0 2 1 1 0 3 2 0 1 3 1 3 3 2 1 1 0 2 3 1 1 0.4085837192 1
2 0 3 0 1 3 1 1 3 3 0 1 2 3 3 3 2 1 3 3 2 0 2 2 3 1 1 1 2 2 3 3 0 2 1 2 2 0 0 2 3 1 2 3 1 3 1 0 0 1 0 3 0 2 1 1 2 3 0 2 2 3 1 1 0.3055166403 1
0 2 2 3 3 3 3 2 1 0 3 0 3 0 1 2 1 1 1 0 3 1 1 2 2 3 1 2 1 2 2 0 3 1 3 3 0 1 2 1 1 3 1 0 3 2 0 3 2 0 1 0 0 1 2 1 1 0 3 0 2 0 1 1 0.3718545619 1
3 1 3 2 1 0 0 1 3 3 1 1 2 3 2 2 3 2 2 0 2 3 2 0 1 2 0 1 2 0 1 3 2 2 0 1 0 2 0 1 2 0 0 2 0 1 1 2 1 2 3 2 3 2 2 3 3 3 0 3 1 2 1 1 0.401454317 1
3 2 0 1 1 2 2 2 2 1 2 0 1 3 2 0 2 0 0 3 1 0 3 1 2 0 1 0 0 0 0 1 3 3 3 2 1 1 0 3 1 3 0 2 2 3 0 3 1 1 3 2 1 3 1 2 1 2 3 3 1 2 1 2 0.3942517493 1
1 3 1 0 1 1 1 1 0 1 0 2 3 3 1 1 2 3 3 1 1 2 1 3 3 1 0 1 2 2 3 0 1 3 2 3 3 1 3 1 0 1 1 0 1 2 2 0 1 2 2 3 2 2 3 0 3 1 0 2 0 3 0 0 0.3092983413 1
2 2 3 2 2 2 0 1 2 0 3 3 0 3 3 3 2 1 0 0 2 0 3 0 0 3 3 0 1 3 0 1 1 3 2 1 3 3 3 3 1 3 0 3 2 3 0 1 1 3 3 2 3 3 3 2 0 1 1 3 1 2 2 0 0.311497102 1
2 2 2 2 2 0 2 3 3 1 3 3 2 0 0 1 0 1 1 0 1 3 2 0 0 1 0 0 1 0 1 1 1 2 1 3 2 1 3 2 1 0 3 1 1 2 1 3 2 1 3 3 2 2 2 2 1 1 1 1 1 2 2 0 0.2989055052 1
1 3 3 1 2 3 0 2 0 2 2 3 1 3 3 1 0 0 2 3 0 0 2 0 1 1 1 1 1 3 0 2 3 3 1 3 1 3 1 1 1 0 2 2 3 0 0 0 3 0 3 3 2 2 1 1 0 2 3 0 0 2 2 0 0.3302867025 1
1 0 0 3 0 2 3 3 1 2 0 0 0 0 0 1 1 3 0 0 0 2 1 0 1 2 1 2 2 1 1 0 1 3 2 0 3 2 3 2 3 3 1 3 0 3 0 2 1 3 1 2 3 0 0 1 0 3 3 2 2 0 0 0 0.2817532212 1
0 1 0 0 3 3 2 0 0 0 1 1 1 3 0 2 1 0 2 2 0 3 0 1 2 3 3 1 1 1 3 3 2 2 2 1 2 0 2 2 2 3 1 2 3 2 1 1 3 1 3 2 0 0 1 3 1 0 2 2 1 1 1 1 0.3069422669 1
1 2 3 0 3 3 2 2 3 2 2 2 1 2 0 0 0 3 3 0 1 3 3 3 3 3 3 1 1 1 0 3 2 3 1 1 1 2 1 0 1 0 0 3 0 1 1 1 3 3 3 0 2 2 3 0 2 0 1 0 3 2 0 1 0.3068127777 1
1 2 3 0 3 2 0 1 3 2 2 2 3 0 3 2 1 1 0 1 0 0 2 0 2 1 1 2 3 1 2 3 0 1 2 3 3 3 2 0 3 1 3 0 1 3 1 2 3 3 3 3 1 1 3 1 1 2 0 0 2 1 1 0 0.5453467918 1
1 3 1 0 1 2 1 3 0 3 1 0 1 2 3 2 0 3 3 1 0 2 3 3 0 3 3 1 2 2 1 0 1 2 2 1 2 0 3 2 2 1 2 2 2 2 1 2 0 2 0 0 3 2 1 0 3 2 0 0 2 0 2 1 0.3187625419 1
1 2 0 3 1 3 0 1 2 0 2 0 0 2 0 2 1 0 3 2 1 1 0 3 1 0 3 3 3 2 1 2 0 1 1 0 2 2 3 0 2 1 2 2 1 2 2 0 3 2 2 3 2 0 0 3 1 1 1 2 3 2 3 2 0.3117179653 1
3 2 2 3 1 3 2 2 0 0 1 2 1 3 0 0 1 3 3 2 2 3 1 3 2 1 0 2 0 3 2 2 2 3 3 1 2 1 0 0 1 1 1 1 0 0 0 3 2 1 3 2 1 3 2 1 0 2 0 3 3 3 0 1 0.5166298428 1
3 0 1 1 3 3 3 2 0 0 2 0 1 1 0 0 1 2 2 2 0 3 1 3 2 0 1 3 3 2 1 1 2 3 2 2 0 2 3 3 1 3 1 3 0 1 0 2 1 1 0 0 3 2 1 2 1 0 0 2 1 1 0 2 0.4789586711 1
2 1 1 1 1 1 3 0 3 0 1 3 0 1 1 2 0 3 1 0 0 2 1 2 1 2 1 0 0 2 0 1 0 2 1 1 2 1 0 3 0 1 1 1 2 3 1 2 1 3 0 2 2 3 1 1 3 0 3 2 1 0 2 0 0.3202646091 1
3 1 2 1 2 0 3 2 3 1 2 0 0 3 2 0 2 1 0 2 3 1 1 0 2 1 1 0 1 2 0 3 0 2 2 2 3 0 1 1 3 2 3 1 0 0 2 0 3 3 3 1 1 1 0 2 1 1 1 3 1 2 0 1 0.4142135624 1
2 3 3 2 3 3 3 1 1 1 1 2 0 3 0 2 3 1 1 2 3 0 0 2 2 0 0 2 3 3 2 2 1 3 2 0 3 0 1 3 3 0 3 2 3 2 2 2 0 2 0 2 1 0 3 3 0 1 1 2 2 2 2 1 0.3774077141 1
2 0 0 1 2 0 3 3 3 1 2 3 1 2 2 0 3 0 2 0 3 1 1 0 3 3 1 3 3 1 3 2 0 2 3 3 3 2 2 2 2 3 3 0 2 3 2 2 3 2 3 2 1 1 2 3 3 0 0 2 0 2 1 2 0.2971110716 1
2 3 1 2 1 0 2 3 0 2 3 3 0 3 1 1 0 2 3 2 0 2 3 0 0 3 0 2 2 1 1 0 1 0 0 3 1 3 3 2 0 3 0 1 3 2 1 1 2 3 2 1 1 0 2 2 3 2 0 2 1 2 3 2 0.5071671483 1
2 3 1 1 1 3 1 3 2 1 3 2 0 2 3 3 0 2 2 2 0 0 3 2 0 0 1 1 1 3 2 3 0 1 0 0 3 2 0 3 3 2 2 0 3 1 3 1 1 2 2 1 0 0 0 1 0 1 3 1 2 3 1 2 0.297981306 1
3 1 3 1 3 0 3 0 1 1 1 0 1 2 3 3 3 2 0 3 0 3 3 1 0 2 1 3 3 1 2 1 0 1 1 0 2 1 3 1 0 2 2 1 2 0 1 0 3 1 3 1 2 2 3 0 1 0 2 2 0 0 1 1 0.5531708459 1
0 0 2 3 0 1 1 3 2 2 2 1 3 3 0 2 0 0 2 0 1 1 0 0 1 3 3 1 0 1 3 3 1 1 2 0 1 1 3 2 1 0 0 3 0 3 3 0 3 3 0 0 2 0 1 2 1 3 2 2 3 0 1 2 0.3364905872 1
1 0 2 0 1 2 0 1 0 3 2 3 3 1 0 1 0 0 0 2 0 3 1 3 3 1 2 1 0 1 2 2 3 2 3 1 3 0 3 1 1 1 0 1 2 2 1 2 0 2 0 2 2 3 2 0 1 1 1 0 1 0 3 3 0.4037797985 1
0 2 3 2 1 0 2 1 3 2 2 0 2 0 1 0 1 0 3 2 3 2 2 2 2 0 3 0 1 1 0 2 0 2 0 1 2 2 0 3 0 2 3 2 0 3 3 0 2 1 3 3 3 1 1 0 2 1 1 2 1 0 0 2 0.5071671483 1
3 3 3 0 1 3 1 2 3 0 1 0 3 2 0 2 3 1 2 0 0 3 1 0 0 2 2 3 2 0 0 3 2 2 1 1 0 3 2 2 1 2 1 3 0 2 2 0 2 1 0 2 0 1 1 2 2 2 2 0 0 1 1 1 0.485324478 1
1 2 0 3 1 2 1 3 1 0 2 1 1 0 1 0 2 0 1 2 0 0 3 1 3 2 3 2 0 2 1 1 0 0 3 3 3 2 1 0 2 1 0 0 0 3 2 3 3 3 0 2 0 0 0 3 2 0 2 2 3 1 2 3 0.4806853357 1
2 3 1 2 0 0 1 2 0 1 0 0 3 1 3 3 3 0 0 2 1 2 1 1 2 3 1 1 0 3 1 3 2 3 0 1 3 3 1 3 2 3 0 2 1 2 0 1 1 3 0 3 3 3 3 1 3 1 0 0 1 2 3 2 0.3572822687 1
3 3 3 1 3 3 2 2 1 0 0 1 1 0 0 2 1 2 3 0 0 0 0 1 1 2 3 3 2 1 1 2 3 0 0 2 1 0 2 0 3 1 3 1 3 3 0 3 1 0 1 3 0 3 0 2 2 1 0 0 2 3 3 1 0.3018893954 1
2 1 3 1 2 3 0 0 2 2 1 2 2 1 0 0 2 1 1 2 3 0 0 3 2 3 0 1 0 0 1 0 0 1 2 1 2 3 3 2 3 2 0 1 1 1 1 3 2 3 1 2 0 1 3 3 3 1 2 2 2 1 1 1 0.3804245211 1
0 1 2 3 1 3 0 1 3 0 2 2 3 0 0 1 0 0 2 1 2 2 3 3 2 0 1 3 0 3 1 3 2 1 1 2 2 3 3 0 3 0 0 1 0 3 0 0 0 1 0 2 0 3 1 2 3 0 3 3 0 0 0 2 0.3941776072 1
3 3 0 2 2 0 2 1 0 1 3 1 3 3 0 1 2 1 3 3 0 3 1 2 2 1 2 3 3 1 1 2 3 1 1 1 2 0 1 2 2 0 3 2 0 2 1 0 2 3 3 2 0 1 2 0 1 0 2 2 2 2 0 3 0.3092983413 1
3 2 2 1 3 2 0 1 0 1 3 3 0 0 0 0 1 3 1 3 2 1 3 2 1 2 2 1 0 2 0 1 3 3 1 2 3 2 0 1 2 2 0 2 0 1 3 0 0 0 1 3 0 0 1 3 3 2 3 3 3 1 1 1 0.3709615778 1
2 0 2 0 1 3 0 0 1 0 1 2 2 1 0 0 0 2 0 2 0 2 0 3 2 0 3 1 0 3 0 3 3 1 0 1 2 0 0 3 1 0 1 0 2 0 3 3 0 1 0 3 0 3 0 3 1 2 0 3 1 1 0 1 0.5471518349 1
2 0 2 1 1 3 3 3 3 0 3 3 0 0 2 2 0 0 1 0 0 3 1 2 0 3 3 2 2 2 1 2 0 3 0 3 2 1 2 2 1 2 2 0 0 2 3 0 3 0 1 2 0 3 2 3 2 2 3 3 1 2 0 3 0.2898979486 1
1 1 0 2 1 3 1 2 0 1 2 3 2 2 0 2 1 2 3 0 1 3 0 0 0 0 2 1 2 1 2 1 3 3 2 3 2 0 0 1 3 1 0 2 0 3 3 3 2 0 1 1 1 0 1 2 2 1 2 3 0 1 0 0 0.3352662227 1
1 1 2 2 0 0 3 1 1 2 0 2 1 0 3 3 1 1 0 0 0 1 2 2 0 3 1 2 1 2 3 2 2 1 1 3 1 3 2 0 0 3 3 3 0 2 2 2 3 2 1 1 1 0 1 0 1 1 0 1 1 1 2 3 0.304978078 1
3 0 1 0 1 1 1 1 1 1 2 0 0 1 1 2 1 0 3 3 1 2 3 0 2 1 1 0 0 2 3 3 2 0 3 0 0 2 1 1 1 1 1 2 2 1 3 2 1 0 3 1 2 3 2 3 1 0 0 3 1 0 2 2 0.3539604037 1
1 3 1 1 2 3 3 2 3 3 1 3 0 0 2 3 2 3 2 3 0 2 1 3 0 1 3 3 3 1 3 1 0 0 2 2 1 2 2 3 0 2 2 0 0 2 2 0 2 1 0 2 2 3 2 3 0 0 1 3 3 0 2 2 0.2850346585 1
1 3 3 2 0 3 2 3 1 1 3 0 1 3 0 1 0 2 1 0 1 3 3 1 0 3 0 1 1 3 2 3 3 1 3 1 2 0 1 1 2 0 0 2 0 0 1 0 1 1 3 1 2 0 2 0 1 1 0 2 0 3 2 0 0.2804379536 1
0 0 3 3 2 0 0 0 0 1 0 0 3 2 3 0 3 0 3 3 3 3 1 2 3 2 1 0 2 1 0 1 1 0 0 0 1 0 3 2 2 0 2 3 1 0 3 0 2 2 2 0 1 0 2 1 2 3 0 3 3 1 2 1 0.4037797985 1
3 0 0 1 2 3 1 0 3 1 3 0 0 3 1 3 2 3 0 2 3 2 0 0 3 1 3 2 1 3 1 2 0 0 2 0 3 0 2 3 2 0 3 3 1 1 1 3 2 1 3 3 3 0 1 0 1 3 1 1 0 0 2 0 0.3397347183 1
0 0 2 2 1 3 1 0 0 2 3 0 0 2 3 2 3 0 3 1 3 3 0 3 2 0 0 0 0 2 1 0 1 1 0 1 1 2 0 3 3 3 2 0 2 2 1 0 1 1 0 0 0 3 0 3 2 3 3 2 2 3 1 0 0.2832488209 1
1 2 0 2 3 2 2 3 3 0 1 1 1 0 0 1 0 3 1 0 3 0 3 3 3 3 0 1 2 3 0 2 1 1 0 2 2 0 1 1 0 2 2 2 1 2 1 3 2 1 2 2 2 2 1 3 2 2 2 3 3 2 1 0 0.3788212575 1
1 2 2 1 0 0 3 1 3 2 0 3 0 1 1 2 1 0 2 0 1 1 0 3 3 0 2 2 3 1 0 2 2 2 1 3 0 3 1 0 3 1 2 0 3 1 0 1 2 1 1 2 2 1 2 2 2 3 2 1 3 0 2 2 0.2909132566 1
3 1 1 1 3 1 1 2 2 1 2 0 2 1 3 1 2 0 0 3 1 0 1 1 3 2 1 1 0 1 2 2 1 3 2 1 1 1 3 0 1 1 3 2 3 2 2 3 1 2 2 1 1 1 2 2 0 2 1 0 1 3 0 2 0.282163914 1
3 3 3 3 3 2 2 1 0 1 2 1 1 3 3 3 0 3 3 2 3 2 0 3 0 3 3 1 2 1 1 0 0 3 0 1 0 0 0 3 0 2 3 0 1 3 1 2 2 2 1 1 3 0 0 3 0 3 3 1 0 2 0 0 0.2930491235 1
3 3 2 0 1 0 2 0 1 2 1 2 3 3 0 2 3 0 3 1 1 3 1 0 3 1 0 1 3 1 0 2 0 3 2 3 1 2 1 1 2 1 1 1 0 0 0 0 2 0 0 3 2 0 0 0 1 0 3 1 3 1 2 0 0.308950706 1
1 3 3 3 2 3 3 3 3 1 3 3 3 1 0 0 0 3 1 2 2 1 0 3 3 2 1 2 0 3 3 2 2 3 2 0 1 2 3 3 1 1 0 1 3 1 0 0 0 3 2 2 1 0 0 2 2 1 3 2 3 0 2 1 0.3418020796 1
0 1 0 0 3 1 2 1 2 0 2 2 1 2 2 1 0 3 2 2 0 2 0 3 2 3 2 3 1 2 2 2 3 1 0 2 1 1 1 3 2 0 0 3 2 1 0 2 3 0 0 3 2 0 2 1 0 1 0 3 3 1 0 2 0.3569263257 1
2 3 3 0 3 3 0 0 3 0 1 2 3 3 3 0 1 2 1 2 2 2 2 2 3 0 3 3 1 3 0 1 0 2 0 0 3 3 2 3 0 3 3 0 0 1 3 2 0 2 1 0 2 2 1 1 2 0 3 3 0 2 2 3 0.4658236317 1
1 2 0 0 1 3 3 1 0 0 3 2 3 0 3 1 0 1 2 1 0 0 2 2 2 0 3 3 2 3 2 0 0 2 0 3 0 3 1 1 0 0 1 1 3 0 1 1 0 3 3 0 0 3 3 0 3 3 3 3 0 1 2 2 0.3102148911 1
2 1 0 1 1 3 3 1 2 1 2 1 3 2 1 1 3 1 0 3 2 3 2 2 1 1 3 1 3 3 2 3 1 1 3 1 0 3 2 3 0 1 2 3 1 0 3 0 0 3 2 1 1 3 1 3 1 1 0 1 0 2 3 1 0.4142135624 1
0 0 1 0 3 2 2 0 0 3 0 3 1 0 3 3 3 1 2 2 0 1 3 3 2 2 2 2 3 2 0 2 1 3 2 2 1 1 1 3 0 1 1 2 2 3 0 3 2 0 0 2 1 2 3 1 3 3 2 1 3 0 0 0 0.6247789017 1
0 1 0 0 3 0 1 3 0 0 1 3 2 2 3 3 3 1 0 3 0 1 3 2 1 2 1 1 3 2 2 1 3 2 3 1 0 2 3 0 1 3 1 1 0 1 1 1 0 0 3 0 0 0 1 0 0 0 1 1 1 1 0 2 0.2850346585 1
3 2 1 2 1 3 1 2 0 0 3 2 2 2 1 3 0 1 0 3 2 2 1 0 3 0 0 0 2 3 3 3 1 0 3 2 1 3 2 0 3 1 0 0 2 1 3 3 0 3 1 2 0 0 3 0 1 2 0 3 2 2 1 1 0.3130748417 1
0 2 1 2 3 3 0 2 3 1 2 0 3 1 0 3 1 2 3 2 1 1 0 0 1 1 2 0 3 1 3 0 1 2 3 2 1 1 3 3 3 2 3 2 3 2 1 0 1 2 3 2 2 0 0 2 2 3 2 2 0 1 1 3 0.4334666118 1
1 2 0 2 3 2 3 2 3 3 0 0 3 3 3 2 2 0 0 2 2 1 3 2 2 2 2 3 1 1 0 2 3 3 1 3 1 1 3 2 2 3 2 3 0 2 3 0 1 1 0 1 1 3 0 0 3 2 1 0 3 2 0 1 0.2898979486 1
2 2 1 1 2 3 3 1 0 3 0 1 2 3 0 2 3 3 3 1 2 1 1 2 1 2 0 2 1 3 0 1 0 0 1 3 1 3 2 1 1 0 2 0 2 3 3 3 2 0 1 0 2 0 1 3 0 1 0 3 3 1 1 1 0.3056442556 1
0 3 0 3 1 0 1 1 1 1 0 2 2 1 0 1 0 2 1 3 3 1 1 3 1 1 3 0 2 1 1 0 3 1 3 3 0 0 3 3 1 2 0 1 1 1 2 3 1 2 0 3 0 0 1 3 2 3 3 2 1 3 1 3 0.3578608802 1
1 0 0 2 0 1 1 3 3 2 2 2 1 0 0 3 2 3 1 3 3 3 1 3 2 1 3 0 0 0 0 2 1 0 0 3 1 0 3 0 3 0 0 0 3 0 3 0 1 1 1 0 1 0 0 0 0 2 1 2 0 0 0 1 0.289341856 1
2 3 3 1 3 3 1 2 3 0 2 2 2 1 2 1 1 2 2 3 2 3 2 2 3 1 2 3 3 0 1 1 1 2 1 2 2 1 0 1 3 0 1 2 2 1 3 2 0 3 3 1 3 0 2 1 2 2 2 2 2 1 2 2 0.7406417696 1
3 0 2 2 2 1 2 1 3 2 2 2 2 2 1 2 3 2 1 3 1 3 3 3 1 2 1 0 3 2 2 2 0 1 2 3 2 0 1 2 1 3 0 0 0 3 1 0 1 3 3 2 1 0 0 3 2 3 1 1 0 1 0 0 0.2881759286 1
1 0 0 0 3 0 3 3 1 1 1 0 2 2 0 1 3 0 3 2 2 0 3 0 0 2 1 2 3 2 1 0 2 3 3 0 2 3 3 0 3 2 2 2 0 1 0 3 1 3 2 2 2 3 2 2 1 2 3 2 1 3 2 2 0.3572822687 1
2 1 3 0 3 3 0 2 2 0 0 2 3 3 2 1 1 0 0 0 1 0 2 3 1 1 3 3 1 2 3 3 3 2 3 0 0 3 3 2 1 0 0 3 0 2 2 3 3 0 3 2 0 2 3 3 1 1 1 3 3 2 2 3 0.3364806498 1
2 2 1 2 0 0 1 3 1 2 3 2 1 1 3 0 3 1 0 3 3 2 2 0 2 0 2 3 1 3 2 3 1 0 1 0 2 2 1 0 3 3 3 1 0 1 0 2 1 3 0 2 1 2 2 0 2 1 3 3 0 1 3 2 0.3364806498 1
1 0 3 2 3 3 1 2 0 3 1 2 1 2 0 0 0 1 0 0 1 0 3 2 0 0 3 2 3 0 1 3 0 1 1 2 1 3 1 0 1 0 3 0 0 0 1 1 3 1 1 1 1 1 0 0 1 3 2 2 1 2 1 0 0.4405203074 1
2 2 2 1 3 0 0 2 1 2 0 2 3 0 2 3 2 0 2 3 1 2 3 2 0 0 3 1 0 2 1 3 0 1 3 3 3 3 0 3 3 2 0 3 1 0 1 0 3 1 3 1 0 3 1 1 2 3 1 1 0 0 3 0 0.3302867025 1
1 2 0 0 1 0 2 3 0 2 2 3 2 3 1 1 1 3 3 2 3 1 2 0 2 1 0 2 0 1 1 3 3 3 1 1 2 0 3 1 2 0 1 2 0 3 0 2 1 3 3 1 2 1 2 3 3 0 1 0 3 2 0 0 0.3572822687 1
3 3 1 2 3 3 3 0 1 0 0 0 3 2 0 0 1 0 2 2 1 0 3 0 2 0 2 2 3 2 2 1 3 3 1 2 0 1 1 1 2 1 3 1 1 3 1 0 3 1 0 2 2 3 3 2 2 0 0 3 0 1 1 2 0.3063950271 1
3 2 3 1 1 3 3 3 1 1 2 0 3 1 3 2 0 0 3 0 0 3 1 3 0 1 1 1 3 1 2 3 1 0 2 0 3 0 3 1 2 0 1 3 2 2 0 3 1 0 1 1 1 1 0 1 2 3 1 0 0 3 0 1 0.3418020796 1
0 2 3 0 3 0 3 2 1 1 0 3 3 3 1 0 2 0 3 2 3 3 2 0 3 3 3 1 1 3 1 3 3 3 1 0 2 2 0 0 3 3 0 0 0 0 3 2 0 2 1 1 3 0 2 1 2 2 2 3 1 3 3 0 0.3566552572 1
0 3 1 2 3 1 3 0 2 3 0 2 3 1 2 0 2 2 0 3 3 1 0 2 3 0 3 0 3 3 1 3 0 1 1 1 2 1 1 1 3 2 1 2 3 0 2 1 1 0 3 2 3 0 2 2 0 0 1 2 0 0 1 0 0.2928704271 1
2 1 0 2 2 0 3 0 0 2 3 1 1 3 0 2 3 2 3 0 2 0 0 3 1 2 1 3 3 3 3 2 0 3 3 2 3 0 0 3 2 0 3 3 0 3 0 2 2 1 3 3 3 0 3 0 3 2 1 2 3 2 2 0 0.2984058257 1
2 2 2 3 3 1 1 3 0 3 2 2 0 0 2 2 0 3 3 3 0 1 2 1 1 3 2 3 3 0 1 1 1 2 2 2 1 1 0 2 3 2 0 2 0 0 0 0 2 0 1 2 0 3 2 1 3 1 0 0 2 3 2 0 0.3835303427 1
1 1 2 1 1 3 0 0 3 1 2 2 0 3 3 2 1 1 3 3 2 3 1 0 2 3 3 2 3 1 1 2 1 1 3 2 2 1 2 3 3 2 2 1 1 2 1 0 2 0 0 3 3 3 0 1 1 2 2 2 3 2 3 0 0.3835559728 1
0 0 1 3 3 1 3 2 0 2 2 3 0 3 2 2 2 0 2 0 3 0 1 2 3 2 2 3 2 3 0 2 0 2 3 2 1 0 2 0 3 0 3 2 3 0 0 3 0 3 3 1 2 0 1 0 1 2 0 0 1 3 2 1 0.3364806498 1
1 2 1 0 0 0 3 3 1 0 3 1 1 2 1 2 3 1 1 3 1 3 2 2 0 0 2 0 3 3 0 0 1 3 3 1 3 3 2 0 1 1 0 3 0 1 3 1 0 2 1 1 2 0 2 2 3 0 0 3 3 0 2 0 0.2805556984 1
2 0 1 2 3 0 3 0 2 2 3 1 2 3 2 0 0 1 0 3 0 0 3 0 0 3 0 0 3 1 0 1 2 2 1 1 0 0 1 3 3 3 1 3 0 3 0 3 2 1 1 3 3 2 2 2 3 0 0 1 3 2 3 2 0.2960306241 1
3 2 2 0 0 2 3 2 2 2 1 1 1 0 3 3 3 3 0 1 1 0 3 2 2 2 3 0 1 1 0 1 1 0 1 3 2 3 0 3 0 3 1 2 1 2 1 0 2 1 1 0 0 0 0 3 0 0 1 0 2 2 1 1 0.4126288197 1
0 0 0 2 1 0 3 3 2 0 0 3 3 1 1 0 2 2 2 0 1 2 0 3 3 1 3 0 3 0 2 1 1 0 3 0 1 0 2 3 1 1 3 2 0 1 3 2 3 1 3 1 1 1 0 3 3 0 0 1 0 0 3 3 0.4037797985 1
3 1 3 1 3 1 3 2 2 1 3 3 2 1 2 1 2 0 3 1 2 1 3 3 3 2 1 3 2 2 2 1 2 0 3 3 0 3 3 3 2 3 2 3 1 0 3 1 1 3 2 1 0 2 2 3 2 1 0 2 1 3 2 1 0.3352662227 1
2 0 1 2 3 2 0 2 3 2 1 1 0 3 0 3 1 3 3 0 3 2 0 2 0 1 3 0 1 3 2 0 2 1 2 2 1 1 2 0 2 0 0 1 0 1 3 1 2 3 3 3 2 1 0 2 2 0 2 2 3 0 1 2 0.3168497707 1
2 3 1 3 0 0 1 2 2 3 1 1 3 1 0 2 3 0 2 1 0 2 2 0 3 1 3 3 2 2 0 3 1 2 2 1 2 3 2 0 2 1 0 0 1 2 0 2 3 0 2 0 3 3 2 1 3 1 3 3 3 0 1 2 0.4037797985 1
0 1 0 0 3 0 1 1 1 1 2 0 0 1 0 1 3 2 2 3 3 2 0 3 1 2 3 1 3 0 3 1 2 2 0 1 2 0 3 3 2 3 0 0 2 1 3 2 3 0 1 3 1 0 3 1 1 2 3 3 1 2 2 0 0.3142042283 1
3 1 1 2 1 2 2 3 2 0 1 0 0 2 3 1 1 0 0 1 3 1 1 2 1 2 2 2 3 3 2 2 3 1 2 0 0 0 3 2 1 0 2 3 0 2 3 0 2 1 2 2 2 3 2 3 0 3 0 1 0 3 3 0 0.3772421197 1
0 1 3 2 0 2 0 2 0 3 0 1 0 2 3 3 2 0 3 0 1 0 2 0 3 3 0 0 2 1 0 3 0 3 3 2 0 3 1 0 0 0 2 1 0 3 0 1 3 1 0 1 2 2 0 1 1 2 3 0 3 2 2 0 0.282163914 1
0 0 2 2 1 3 1 3 2 3 0 2 1 1 0 2 1 2 2 1 0 1 1 0 3 2 1 0 1 3 1 3 1 1 2 1 1 1 3 3 1 2 0 1 0 1 2 2 2 1 1 1 2 1 0 2 2 2 0 1 1 0 3 0 0.3572822687 1
3 3 3 1 1 3 3 2 3 3 3 3 1 0 1 2 1 2 2 2 0 1 1 0 2 1 3 1 0 2 1 1 0 0 0 3 3 1 2 1 1 3 1 1 2 2 1 1 0 0 1 2 3 2 2 2 0 2 2 0 3 3 2 0 0.3430292414 1
2 3 3 0 0 0 0 2 0 0 3 0 3 0 3 1 3 1 1 2 0 3 3 2 3 3 1 3 1 1 0 1 1 3 3 2 0 3 1 2 0 3 2 3 1 2 3 0 1 2 3 1 3 0 2 0 2 1 3 1 0 3 1 0 0.3665354679 1
2 3 0 2 2 1 2 3 0 1 3 1 3 2 1 3 3 3 3 3 1 2 0 0 1 0 2 0 3 1 2 3 2 0 1 3 3 0 1 3 1 2 0 0 0 0 1 3 1 0 3 0 2 2 1 3 2 2 2 0 3 0 3 1 0.4076499498 1
1 2 2 1 3 1 1 2 2 1 3 3 0 2 3 1 2 0 2 2 3 2 0 2 3 1 3 0 2 2 3 0 1 0 0 3 3 0 2 0 3 2 1 3 1 0 1 1 2 2 3 2 2 3 0 0 1 3 1 3 1 2 2 2 0.3142042283 1
2 3 2 0 3 3 1 2 0 1 2 3 0 1 2 0 0 2 1 2 3 1 0 3 0 3 1 2 0 3 1 0 2 1 0 0 2 0 2 1 1 2 0 3 0 2 0 2 0 0 0 3 1 0 0 0 3 3 3 2 1 0 1 0 0.3255563301 1
1 3 2 3 1 1 3 3 1 3 0 1 3 2 3 2 0 0 1 3 0 1 1 1 2 2 1 1 2 2 0 2 0 0 1 3 2 0 3 0 3 3 0 1 1 2 3 0 1 1 1 0 0 2 1 0 2 3 1 2 1 3 2 2 0.3340670182 1
0 3 1 2 0 0 0 3 3 3 2 3 1 1 3 3 3 1 1 0 2 1 3 0 2 3 0 2 0 2 3 1 0 0 1 0 1 0 2 3 0 3 3 1 1 0 2 0 1 0 3 0 1 0 1 3 1 3 0 3 0 2 1 2 0.4472135955 1
2 1 2 1 0 1 3 0 1 0 0 2 1 0 1 0 3 0 0 1 1 2 0 2 0 3 3 1 2 0 2 2 0 3 1 0 2 0 0 2 3 1 3 0 3 3 2 3 2 3 3 0 3 0 2 2 2 1 2 2 2 0 3 0 0.4222413479 1
2 2 0 0 0 1 1 1 3 2 1 3 1 2 1 0 2 0 0 1 3 0 3 2 0 2 2 3 3 1 1 2 1 0 3 1 3 2 0 3 0 0 0 0 1 2 2 3 3 3 3 3 0 3 2 2 1 1 3 2 3 0 3 1 0.2988390115 1
1 0 0 0 1 1 1 3 0 0 2 0 2 0 3 2 3 1 2 3 3 1 2 0 3 2 2 2 3 3 1 2 1 2 1 2 2 3 3 2 2 2 0 0 0 1 2 2 0 3 1 0 0 2 1 1 0 0 3 2 3 0 0 0 0.375585761 1
2 3 3 1 0 3 3 1 2 3 3 0 0 3 1 3 1 2 2 0 2 3 2 2 3 2 1 2 2 1 0 3 1 3 0 2 2 0 3 1 0 3 3 3 1 2 2 0 3 3 1 2 3 0 3 2 3 0 1 3 0 1 1 3 0.4565940367 1
0 3 1 1 3 2 0 2 2 0 2 2 2 3 3 1 2 2 3 3 0 0 2 3 1 0 1 1 0 1 2 1 3 3 1 3 2 1 2 3 1 2 2 3 2 1 2 0 2 2 2 2 1 0 1 1 0 0 0 3 0 3 3 1 0.3921195512 1
3 0 3 2 1 0 1 0 1 0 0 0 3 2 2 2 1 1 1 2 1 1 3 1 1 1 3 2 2 3 0 3 3 1 2 0 3 3 1 1 0 2 0 1 1 0 2 2 3 2 2 3 1 0 2 2 1 0 0 3 1 0 0 1 0.5555452623 1
0 1 1 2 0 3 0 3 2 3 1 0 2 3 3 1 2 2 3 0 0 0 1 3 0 1 0 1 0 3 3 0 1 3 2 1 0 0 3 1 2 3 2 3 3 0 3 1 3 2 2 1 1 0 3 1 0 3 3 2 1 2 0 2 0.3193901603 1
2 3 2 2 0 0 3 2 2 3 2 0 1 2 3 1 1 0 3 1 1 2 0 3 3 1 2 2 1 3 0 1 1 0 2 0 2 1 1 0 2 0 3 3 2 3 3 3 1 3 1 0 0 0 0 1 3 0 0 1 2 1 1 0 0.3063950271 1
3 3 1 3 0 2 0 0 2 0 0 2 2 2 1 1 3 3 2 0 1 1 1 1 3 2 3 0 2 2 2 1 2 3 0 0 2 2 1 3 1 0 1 3 1 3 1 2 1 3 1 2 1 2 3 2 3 2 3 0 2 1 1 3 0.4257225336 1
2 0 1 3 2 3 3 3 2 2 1 1 1 1 2 0 0 3 0 3 1 1 3 1 0 2 3 0 0 2 0 0 2 3 2 0 2 1 2 2 0 1 3 0 2 2 0 1 1 2 3 1 3 1 3 2 3 2 1 0 2 2 3 3 0.317756027 1
2 2 0 1 2 2 2 2 0 1 2 1 2 0 3 2 1 3 3 1 2 1 1 2 0 0 0 3 0 3 0 1 0 2 2 1 2 3 2 3 1 2 3 1 1 0 3 1 3 0 3 0 0 3 3 1 2 3 1 3 1 2 0 3 0.2809152763 1
1 3 2 3 1 3 1 3 0 0 0 0 0 0 3 3 1 0 0 0 0 2 2 2 2 3 2 1 1 2 3 3 1 2 2 1 0 1 3 1 3 3 1 3 2 0 0 2 1 3 3 1 3 3 0 0 2 2 3 1 2 3 0 0 0.3474320193 1
1 2 2 3 0 0 0 2 2 1 0 0 1 0 0 0 0 2 1 2 3 1 2 1 2 1 0 0 1 2 2 2 3 0 3 1 3 3 3 0 0 2 3 3 2 2 0 2 0 1 1 0 0 3 1 0 0 1 3 3 2 2 1 0 0.3150303067 1
2 2 3 0 1 0 3 0 3 1 3 3 3 0 2 1 0 1 3 2 1 3 0 1 1 0 3 3 1 3 0 0 2 3 2 0 0 2 1 3 1 0 1 0 0 0 2 1 3 0 3 3 0 2 2 3 2 1 0 3 0 0 0 0 0.3005423822 1
1 2 0 3 0 0 0 3 2 3 1 3 2 2 1 2 2 1 0 0 0 1 2 2 3 2 0 3 1 3 0 0 3 2 1 0 2 2 1 0 3 0 1 3 2 3 1 2 2 2 1 0 2 1 3 0 3 1 3 3 1 3 1 1 0.4285179826 1
2 2 3 2 0 3 0 0 1 2 1 1 3 0 1 3 2 2 3 3 3 1 0 1 2 2 3 0 0 3 3 1 2 2 2 0 3 1 1 3 2 2 2 3 2 0 3 3 0 1 1 0 1 0 3 3 1 3 1 0 2 0 0 1 0.3223314002 1
0 2 2 2 2 2 0 1 0 3 0 1 2 1 0 1 2 3 0 0 0 2 2 0 1 3 1 3 0 0 3 1 3 3 2 3 2 0 3 3 0 3 1 2 2 1 0 1 3 3 3 0 2 0 2 1 1 2 3 2 0 0 1 3 0.4142135624 1
0 3 1 2 3 3 1 3 0 3 1 0 2 0 2 0 0 3 2 3 1 2 2 3 3 3 2 0 2 3 2 0 1 3 0 0 0 3 0 0 1 2 2 1 0 1 2 3 2 2 2 1 3 2 1 2 3 1 1 1 0 0 2 2 0.3804245211 1
0 3 0 3 3 2 1 0 3 0 0 1 3 0 1 2 0 0 0 3 2 0 2 3 2 3 0 3 3 3 3 1 2 2 1 2 3 0 3 0 0 0 2 2 2 3 0 3 0 1 2 1 2 0 2 0 3 0 2 0 1 1 0 0 0.3446526568 1
2 2 3 1 2 0 2 0 2 1 3 1 3 2 1 2 3 0 3 1 0 2 0 3 2 2 1 0 1 3 2 2 1 0 3 2 2 3 1 0 2 2 2 3 0 3 2 2 3 3 3 1 3 1 2 2 2 0 2 2 2 2 1 0 0.3164719636 1
2 1 2 1 1 0 1 0 0 0 2 3 3 3 1 2 0 2 3 2 0 0 1 2 2 2 2 0 1 0 3 1 3 1 1 1 2 0 3 3 2 0 2 3 1 2 3 0 2 1 0 2 3 3 3 0 2 1 2 1 1 3 0 3 0.2976033507 1
1 0 3 0 1 1 0 1 0 1 0 2 1 1 1 1 0 0 1 2 2 1 2 3 1 1 2 1 2 2 3 2 0 2 1 1 2 1 2 3 0 3 0 2 1 2 0 2 0 2 0 0 0 2 1 3 3 3 0 2 1 0 3 3 0.3089194259 1
3 0 3 3 0 1 3 2 3 3 3 3 2 2 1 0 1 0 0 0 1 0 1 2 1 1 1 1 0 2 1 2 3 2 3 0 0 1 0 3 3 3 0 0 3 2 1 0 0 0 3 2 0 1 2 1 0 1 3 3 3 2 3 1 0.2925820765 1
1 0 2 0 0 1 1 3 2 2 1 3 0 1 3 2 1 0 3 3 0 2 3 2 0 2 1 1 0 3 1 3 1 3 2 0 1 1 3 2 0 2 2 0 0 2 0 1 0 1 1 0 3 2 0 3 3 3 0 1 1 1 2 3 0.5071671483 1
2 2 1 2 2 3 2 3 3 3 2 2 3 0 3 0 2 0 1 3 0 0 0 3 0 2 1 0 3 3 2 2 2 2 1 0 1 2 1 3 0 3 3 1 0 0 3 2 3 2 3 3 1 2 3 3 1 2 3 0 0 0 3 3 0.5206549683 1
3 3 2 0 0 0 2 0 2 3 3 0 0 3 2 2 0 3 2 2 3 3 0 3 0 1 3 1 0 0 0 2 0 3 2 0 3 2 1 2 3 0 3 0 1 3 0 0 0 1 2 2 3 3 2 0 0 0 0 2 3 2 2 2 0.3024633132 1
2 0 2 2 2 2 3 0 1 2 1 3 0 2 1 2 1 3 1 3 1 0 0 3 0 2 1 3 2 3 1 1 0 0 0 2 1 2 0 3 0 2 3 1 3 1 1 0 3 3 3 1 0 0 0 1 0 2 1 1 3 0 0 0 0.4405203074 1
0 0 0 3 3 0 2 1 1 1 2 0 2 3 2 3 0 2 2 3 1 3 3 2 1 2 3 1 3 2 0 0 0 1 3 0 0 0 3 3 2 1 0 1 0 3 3 1 0 2 1 3 0 0 1 1 3 2 3 2 3 1 2 3 0.3183767839 1
2 1 1 1 1 1 1 0 3 2 0 3 0 1 3 0 0 1 1 2 0 2 0 1 3 2 3 2 2 0 3 3 1 3 0 1 3 1 0 1 0 1 1 3 3 2 2 1 1 1 0 0 2 0 2 2 1 2 3 0 2 0 3 1 0.4034374267 1
1 1 0 2 1 1 2 3 1 2 1 0 3 0 3 3 0 0 0 3 0 0 3 2 2 1 1 3 1 1 0 1 2 0 3 2 2 2 1 0 0 0 3 1 3 3 2 1 1 1 3 0 2 0 0 1 0 1 3 3 1 0 0 1 0.2777111487 1
2 3 0 1 1 2 1 1 2 1 1 1 2 2 0 0 2 0 3 1 3 0 1 3 2 2 0 3 2 3 2 0 3 1 2 0 1 0 1 3 1 2 1 1 1 1 3 0 1 3 3 3 0 2 1 3 1 3 1 0 3 0 1 0 0.3395504564 1
0 3 1 2 2 3 0 0 1 0 0 3 2 3 2 0 3 2 0 2 2 1 2 0 2 2 3 1 3 3 3 3 3 2 1 3 2 0 0 3 0 1 1 3 1 3 2 3 2 0 0 0 1 2 0 0 2 2 2 1 1 3 1 0 0.2875668903 1
3 0 3 3 3 0 3 0 3 3 0 1 1 3 1 3 3 0 1 2 1 0 3 1 2 3 3 3 2 2 0 3 2 1 1 1 2 0 3 1 3 3 3 3 2 2 2 2 0 2 1 3 1 0 3 1 1 2 3 0 2 0 2 2 0.2857269627 1
3 3 1 2 0 0 0 2 2 2 1 0 0 0 3 0 1 2 3 1 1 2 3 3 3 2 0 0 0 1 3 3 2 0 1 0 2 1 0 2 1 3 0 2 1 1 1 2 3 1 3 3 0 0 1 2 1 0 3 1 1 2 1 3 0.3700537148 1
2 0 2 0 1 0 1 0 0 1 3 3 0 3 1 2 0 2 2 1 0 3 1 2 1 1 2 3 2 2 1 0 2 2 2 3 2 0 3 0 3 1 2 2 0 2 0 1 2 1 2 3 2 2 3 0 3 3 0 3 2 3 0 0 0.3302867025 1
1 3 3 0 1 3 0 1 2 2 2 3 3 0 1 0 2 2 3 2 0 1 1 3 0 0 1 0 1 0 3 1 2 1 3 1 0 2 0 0 1 3 0 2 3 1 0 1 0 1 1 2 0 1 0 2 0 1 0 1 0 1 0 1 0.3835303427 1
2 3 1 3 1 1 1 1 0 0 1 3 2 3 1 2 2 2 1 3 1 2 2 1 3 0 0 0 0 2 1 0 3 3 2 2 2 2 1 2 1 3 1 0 1 3 2 2 2 2 2 2 2 2 0 0 0 2 1 3 3 1 2 0 0.341497695 1
0 1 3 1 1 3 1 2 3 2 1 0 3 2 1 1 0 2 2 3 3 3 2 2 0 2 1 1 1 2 3 1 3 0 2 3 2 0 0 1 3 3 1 2 0 2 0 2 0 3 3 2 2 0 2 0 0 0 2 0 3 1 3 0 0.308950706 1
3 2 0 1 1 3 3 3 3 3 2 3 0 3 3 0 0 0 2 0 3 3 2 2 0 2 0 3 2 1 1 3 0 3 3 1 2 0 3 0 1 1 2 0 3 1 2 2 2 0 1 2 1 2 0 0 2 0 1 1 1 1 2 2 0.2817532212 1
1 2 2 3 3 0 0 1 0 2 2 1 2 3 0 2 1 2 0 3 1 3 2 3 3 2 1 1 2 3 0 3 0 1 0 1 3 1 3 0 0 2 1 1 0 2 3 3 1 3 0 0 3 3 2 1 3 3 1 1 0 0 0 3 0.3688481083 1
0 0 2 2 3 0 1 0 2 3 1 0 2 1 3 0 3 3 3 3 3 3 1 3 1 0 1 2 3 3 2 3 0 0 1 0 2 3 2 3 0 3 3 2 1 3 3 3 2 0 2 1 3 3 3 1 2 3 3 0 1 1 3 3 0.282163914 1
2 0 3 2 2 1 1 0 3 2 2 0 1 1 3 2 2 3 2 1 3 0 2 3 2 3 1 1 3 0 3 1 2 3 1 1 2 0 3 1 0 2 3 3 3 2 2 2 1 2 0 1 2 1 0 2 1 1 3 0 1 3 2 2 0.4142135624 1
1 3 1 0 0 2 3 3 1 0 1 2 0 1 0 2 2 2 3 1 0 0 2 2 1 1 2 0 0 0 1 3 1 3 3 3 3 1 2 3 3 3 3 2 1 0 3 2 1 0 2 3 1 1 2 0 1 2 1 0 0 0 0 2 0.411066296 1
3 3 3 0 3 1 0 0 1 0 2 2 3 1 1 1 1 1 3 2 0 1 2 2 0 1 1 3 2 1 0 1 2 3 2 0 0 1 1 0 0 2 0 0 3 2 0 1 0 0 1 2 1 3 2 3 2 3 2 0 1 1 3 2 0.2898979486 1
3 0 2 1 1 1 1 2 1 3 1 1 3 0 1 0 0 1 0 1 3 3 0 2 0 1 1 3 2 1 1 0 2 1 2 1 3 3 1 0 3 2 2 3 0 0 3 1 2 1 2 1 2 3 3 1 3 3 3 3 0 1 3 0 0.5120738121 1
0 1 1 1 2 2 1 3 0 3 1 3 3 3 3 1 2 1 2 1 1 0 2 3 0 3 0 1 2 2 3 3 2 2 1 0 3 2 2 1 1 3 2 0 1 1 2 0 1 3 0 2 1 3 2 3 0 3 3 1 3 1 0 1 0.3382968845 1
0 3 0 0 2 1 1 3 1 2 1 0 0 1 1 3 0 2 3 2 2 0 1 1 3 3 2 3 0 1 0 3 2 2 2 3 3 1 0 2 2 2 0 2 1 0 0 1 1 0 0 0 3 1 3 2 0 0 0 3 1 0 0 2 0.3179926396 1
3 1 0 3 2 1 1 2 0 3 3 2 2 0 0 0 0 3 2 3 1 1 1 2 1 2 0 0 2 1 1 0 2 0 2 1 1 1 1 2 0 0 2 1 0 3 1 1 0 0 0 3 2 1 1 1 2 1 3 2 2 0 0 0 0.4627853301 1
3 3 3 3 2 1 2 1 2 1 2 0 2 3 0 1 2 0 0 1 3 0 2 0 2 2 0 3 3 3 0 2 1 3 1 2 1 1 0 2 0 1 1 1 0 1 1 0 2 2 1 2 1 3 1 0 3 1 3 1 3 0 0 3 0.334806389 1
2 0 2 2 2 3 1 3 2 1 3 3 1 1 3 0 3 3 2 3 1 2 1 1 0 3 2 3 3 3 0 1 2 3 1 0 3 1 2 2 0 3 0 3 2 1 1 1 3 2 1 0 0 2 2 2 0 0 3 3 2 2 1 2 0.2855004788 1
3 1 3 3 2 0 0 0 3 2 1 1 2 1 1 2 2 1 2 2 0 2 3 3 3 3 1 3 1 1 0 0 0 1 3 3 1 3 1 0 0 2 2 0 3 3 3 3 0 1 1 0 0 0 2 3 3 0 0 3 3 0 3 2 0.4221458623 1
1 0 1 1 3 3 2 3 3 3 0 2 1 1 1 1 0 0 1 1 1 0 0 3 3 1 0 0 1 1 0 0 2 0 1 3 3 1 3 3 2 1 1 0 1 0 2 2 0 1 2 1 3 2 1 3 3 2 3 3 2 3 0 1 0.3079658758 1
2 2 2 2 1 3 0 2 3 2 3 1 2 3 0 2 3 2 1 3 0 2 0 3 0 2 3 2 3 3 3 1 1 2 1 3 2 3 3 1 2 2 1 2 3 3 3 1 1 0 3 0 3 2 1 2 2 0 0 0 0 0 3 1 0.4076499498 1
0 3 2 1 2 1 0 3 0 2 1 2 0 2 3 3 0 0 3 3 1 0 3 1 0 3 1 0 2 1 1 3 2 2 3 3 3 1 2 0 0 3 1 1 3 3 2 0 3 0 3 0 1 3 1 2 0 3 2 3 0 2 1 1 0.3092983413 1
2 1 2 0 0 2 2 0 2 3 0 1 3 2 0 3 3 2 1 1 2 2 0 0 3 1 2 2 3 0 0 1 1 3 1 3 1 1 1 0 0 0 2 1 2 3 3 0 2 1 0 2 0 0 0 0 2 1 1 2 3 3 3 2 0.2807691273 1
1 1 1 1 1 0 0 0 0 3 1 3 1 2 1 2 3 2 2 3 0 0 1 2 0 1 2 0 0 3 0 1 2 1 3 1 2 3 1 1 1 0 1 2 1 3 1 3 3 0 0 0 2 3 0 3 2 3 2 2 0 0 1 0 0.4184720066 1
0 1 1 3 1 0 0 0 1 2 1 3 0 1 1 2 0 3 1 3 2 2 2 2 0 0 0 3 2 0 2 2 3 2 0 1 0 2 0 2 3 0 2 1 2 0 0 0 0 3 2 2 1 2 0 3 1 2 2 0 2 0 0 3 0.5927255389 1
0 3 1 0 0 0 3 2 3 1 0 3 3 3 1 0 2 1 3 0 0 2 2 0 1 2 1 3 0 3 0 0 3 2 1 2 2 3 1 0 1 3 0 1 1 3 0 3 2 2 0 3 0 3 0 3 2 1 2 1 0 1 1 1 0.3921195512 1
0 1 0 3 2 0 1 1 3 0 0 2 0 3 1 1 1 2 0 0 0 3 2 0 2 2 0 1 1 1 2 0 1 2 2 1 3 3 2 2 3 2 3 0 3 2 3 0 2 2 1 0 3 2 2 2 0 0 1 1 0 3 3 1 0.3142042283 1
0 0 3 1 2 0 1 1 0 0 0 1 2 1 0 1 3 2 0 0 0 3 0 3 2 3 2 3 3 0 1 3 0 3 0 1 3 2 0 1 0 3 0 0 1 2 1 3 2 2 1 2 2 2 1 1 3 2 0 2 1 2 3 3 0.393681559 1
3 2 0 1 0 1 0 2 2 2 2 1 3 0 2 0 2 0 1 3 2 1 1 2 3 2 3 1 0 2 3 1 1 2 3 1 0 1 2 1 2 0 2 2 3 1 1 3 3 1 2 2 2 1 3 1 3 3 1 2 3 3 0 0 0.3067328429 1
2 0 2 0 3 3 2 0 0 1 2 2 2 1 2 2 3 3 2 3 0 0 1 0 0 0 1 0 3 3 0 2 3 1 1 0 3 1 1 0 0 3 0 2 0 2 0 2 3 1 1 2 2 1 0 3 1 2 2 3 3 1 2 2 0.4142135624 1
0 3 1 1 3 0 3 3 0 2 1 2 2 2 2 0 1 3 0 3 1 0 3 3 2 3 0 0 1 1 1 1 1 2 1 0 2 3 3 3 0 0 1 1 3 0 0 3 0 2 2 2 2 3 3 3 0 2 1 3 0 3 0 2 0.2812483678 1
0 1 2 0 3 1 0 2 3 2 3 0 3 1 3 0 2 1 3 0 1 2 3 3 1 0 3 1 0 3 1 2 2 1 1 0 1 3 0 3 3 0 0 1 1 2 2 1 3 1 0 3 0 0 0 2 2 1 0 2 1 3 3 1 0.454311603 1
3 0 1 0 3 1 3 2 2 3 3 0 3 1 2 0 3 1 3 0 0 3 0 1 3 2 3 3 1 1 0 2 0 0 3 2 2 0 0 1 1 1 3 3 2 2 1 0 3 1 0 0 3 2 0 1 3 3 0 1 2 3 0 3 0.3102148911 1
2 0 2 0 3 1 3 3 2 2 0 0 0 1 2 2 2 2 1 1 3 2 1 0 2 2 0 2 2 1 1 1 0 2 1 1 3 3 1 3 2 0 2 3 1 2 2 1 0 0 1 1 2 3 2 3 3 2 1 1 1 3 1 1 0.2987143064 1
0 2 3 3 1 0 3 2 3 1 1 3 2 1 0 3 1 3 1 1 0 0 3 0 1 3 3 0 2 0 0 1 2 3 0 1 2 3 1 2 2 3 2 2 3 2 3 2 3 2 3 3 3 1 3 1 2 1 1 2 1 0 3 3 0.2861577002 1
3 0 0 1 1 0 1 0 0 1 2 3 3 3 0 3 1 0 3 3 3 3 0 1 2 0 0 0 0 1 1 3 1 3 0 1 1 3 0 3 0 3 1 1 0 1 2 2 2 0 2 3 0 3 1 0 1 1 2 2 3 3 1 3 0.4864844542 1
3 3 0 2 1 0 1 2 1 2 0 1 3 0 2 1 2 2 1 3 3 1 2 3 1 1 2 2 2 2 3 0 3 1 0 0 1 0 0 1 2 3 0 2 1 2 1 3 2 1 1 3 0 0 0 1 0 0 1 0 3 0 0 1 0.2969237719 1
2 3 2 1 3 1 3 2 1 1 0 2 2 2 0 1 3 0 1 1 0 1 2 3 3 1 1 0 0 3 3 1 3 2 1 1 1 2 2 3 3 0 0 3 0 3 1 0 2 2 2 1 0 3 3 3 1 1 2 3 1 2 1 1 0.3421074211 1
0 3 1 2 3 2 2 0 3 0 2 1 2 2 3 3 3 1 1 0 3 3 2 3 3 1 0 3 2 2 0 0 2 1 1 1 1 1 2 0 0 1 2 2 2 2 3 1 0 1 2 1 3 3 3 3 3 2 3 3 2 3 1 1 0.3102148911 1
0 3 1 2 3 3 2 2 0 2 0 3 1 0 2 2 0 1 0 3 0 2 3 1 2 0 0 0 0 1 0 2 1 3 3 3 1 1 0 3 1 0 1 3 0 0 2 0 2 0 0 3 2 0 3 1 0 3 0 3 1 2 3 0 0.471903979 1
2 3 2 3 0 3 3 1 2 1 1 1 1 1 1 3 2 1 1 3 2 3 0 2 3 1 3 2 2 1 0 2 1 3 3 3 0 2 2 3 0 3 2 1 1 1 0 2 3 3 1 3 3 1 3 1 0 3 2 1 3 3 2 2 0.3157755779 1
2 3 1 3 2 1 3 1 1 0 0 3 1 3 3 1 1 1 2 2 1 1 1 2 1 2 1 0 2 2 0 2 2 2 3 1 2 0 0 1 3 3 1 1 2 3 1 3 0 0 3 0 0 0 1 0 3 0 2 0 3 2 2 2 0.2838651282 1
1 3 3 3 2 0 3 3 0 2 1 0 0 0 1 2 3 1 3 3 1 3 1 1 1 2 2 0 1 1 0 3 2 2 0 0 2 3 3 2 3 3 3 3 3 2 2 3 0 2 2 1 2 0 0 1 0 2 3 0 1 2 3 0 0.3731191745 1
0 3 1 0 0 1 1 2 2 1 1 0 3 2 3 0 0 3 3 1 2 0 3 2 2 0 3 2 1 1 3 0 3 3 0 1 2 1 3 1 1 1 2 3 3 2 0 2 2 2 1 1 1 0 2 0 3 3 3 3 1 2 3 2 0.3255563301 1
2 2 3 1 2 0 0 2 1 2 2 2 2 2 1 0 0 3 1 2 1 3 3 1 1 0 3 1 2 0 1 2 3 0 1 1 3 3 0 2 2 1 1 2 2 3 0 2 2 3 3 3 3 2 1 3 3 2 1 0 1 1 0 0 0.388756727 1
0 2 2 3 1 0 1 2 1 3 3 3 2 1 3 2 2 2 1 3 2 1 2 2 0 2 1 2 0 0 3 0 0 1 2 2 3 3 3 0 3 1 1 3 3 2 0 3 2 2 3 0 0 2 2 0 2 1 2 3 0 2 3 2 0.7265826292 1
0 3 1 1 3 2 2 1 3 3 2 1 2 1 2 1 1 0 0 2 2 2 2 3 2 1 3 1 0 1 0 3 3 1 0 3 2 2 3 3 2 1 0 1 3 2 1 1 2 2 0 3 0 0 1 3 1 2 2 0 1 1 3 2 0.2898979486 1
3 1 2 2 1 0 3 2 3 1 0 1 2 2 1 2 3 2 0 0 2 0 1 0 1 1 2 2 1 3 2 2 2 0 2 1 0 3 2 3 2 3 0 0 1 1 0 2 1 3 1 3 2 0 3 2 2 3 1 0 3 0 1 1 0.3484826572 1
2 0 0 1 3 2 3 0 0 0 1 2 2 3 1 0 1 3 2 0 0 0 1 2 2 2 2 3 0 1 2 2 0 2 3 2 3 3 3 1 2 0 3 1 1 1 2 0 2 3 1 0 3 3 0 3 1 3 0 2 1 2 3 1 0.3364806498 1
2 3 1 2 3 2 0 2 0 2 2 3 0 3 3 0 2 3 1 2 1 2 2 3 3 0 2 1 3 1 0 0 2 3 1 1 2 0 3 3 3 0 1 0 2 0 1 2 2 3 2 3 3 1 0 0 1 1 3 0 2 2 0 2 0.3087365277 1
2 1 2 2 0 2 0 0 2 3 0 1 2 2 3 0 3 1 3 2 2 2 1 2 1 3 0 1 3 3 2 2 0 3 3 0 1 3 3 0 1 1 0 0 3 1 1 3 0 0 2 3 3 3 2 3 2 0 0 0 0 2 3 0 0.4107006147 1
2 3 3 3 3 0 0 0 0 3 0 0 0 0 1 0 0 2 2 1 2 2 2 1 0 2 1 1 3 1 3 1 0 3 3 3 1 1 3 1 2 1 1 0 1 3 3 2 2 2 2 1 3 2 1 2 0 0 2 1 2 0 1 0 0.3646007483 1
1 0 3 1 1 3 0 3 3 1 3 0 0 3 0 2 0 0 3 2 2 1 0 2 3 2 0 1 0 2 0 2 3 1 1 3 2 3 0 3 1 3 1 2 3 2 2 2 3 3 1 2 1 3 0 2 2 1 2 2 1 1 0 0 0.3063950271 1
3 0 2 3 3 3 3 0 0 1 1 1 1 2 3 3 1 2 0 0 3 3 3 1 0 1 1 3 0 1 1 0 2 0 0 2 1 1 2 3 2 1 0 2 2 1 2 2 0 0 0 3 2 1 1 2 2 3 2 2 3 2 0 3 0.3921195512 1
3 2 2 1 3 2 0 0 2 2 3 3 1 3 0 2 2 2 3 0 3 1 2 3 0 3 1 2 1 3 0 3 0 0 3 3 2 2 2 3 2 3 2 0 1 1 3 3 2 1 1 2 0 0 0 1 0 0 0 1 3 2 1 1 0.3972693932 1
0 2 3 3 1 1 0 0 3 0 2 1 1 0 2 0 2 2 2 2 1 1 1 3 2 0 3 1 3 1 2 0 1 2 3 1 0 2 0 3 1 2 3 1 0 0 1 1 2 2 2 3 3 2 3 2 2 0 1 2 1 3 0 1 0.4076499498 1
1 0 2 0 0 1 1 2 1 3 0 3 1 1 1 0 1 3 3 0 3 2 3 3 2 2 3 1 2 3 0 2 1 1 1 2 3 1 0 0 0 2 1 1 0 1 3 3 2 1 2 3 3 3 2 0 0 3 1 0 0 1 0 1 0.4184720066 1
3 2 3 0 0 1 1 2 2 1 0 3 1 3 0 2 0 2 1 0 0 2 0 1 0 3 2 1 1 0 3 1 1 2 1 3 2 1 1 0 1 1 3 3 0 0 2 0 0 1 3 1 2 1 0 3 0 2 2 3 3 2 0 1 0.2913712585 1
1 1 1 2 3 3 2 1 2 2 3 1 3 1 3 2 1 2 0 2 2 3 3 0 0 3 2 3 3 3 1 0 1 3 2 2 0 0 2 2 0 3 1 1 0 2 3 2 3 1 1 1 0 2 3 3 0 2 3 2 1 0 2 3 0.5927255389 1
0 3 1 1 1 1 3 3 2 0 2 0 3 0 0 0 2 2 0 1 0 3 0 3 2 2 1 0 1 2 3 2 2 1 0 0 0 1 1 1 2 1 1 3 3 2 0 3 1 0 0 2 0 2 1 1 3 1 3 0 0 3 0 1 0.30137244 1
1 0 1 1 2 1 1 0 0 2 1 1 2 2 0 2 3 1 2 2 3 0 1 0 3 1 3 2 3 1 3 2 3 1 1 0 2 3 0 2 3 1 2 0 0 0 0 3 3 1 0 2 0 0 1 3 1 2 3 2 2 0 2 2 0.388756727 1
3 2 2 3 2 1 3 0 3 3 1 3 1 0 1 3 3 3 2 2 1 1 2 2 2 3 3 0 0 1 1 3 0 2 0 1 0 3 0 0 2 0 0 2 0 0 1 3 2 2 2 2 3 0 1 2 0 3 3 2 0 2 1 2 0.3064746591 1
0 2 3 1 1 0 1 1 2 0 1 2 2 3 0 2 0 0 1 0 0 2 2 3 1 2 1 0 0 1 3 0 0 3 3 3 1 1 3 1 1 3 0 1 3 3 1 0 1 2 1 2 2 3 0 2 2 0 0 3 0 2 1 1 0.3318827147 1
1 3 1 3 3 2 1 0 2 1 2 2 0 3 1 3 0 1 3 1 3 2 3 1 0 3 2 3 3 2 1 2 3 3 0 1 1 3 0 0 1 1 1 0 3 2 3 3 3 2 1 3 0 1 1 3 3 0 2 0 0 0 1 3 0.4142135624 1
0 2 2 1 1 1 3 2 0 2 3 3 1 2 3 2 2 0 0 1 2 2 2 2 1 2 2 0 3 2 0 1 3 3 1 3 2 3 1 0 3 0 2 2 1 1 0 0 2 0 1 0 1 0 2 3 0 2 0 2 0 2 2 1 0.2910879078 1
0 1 1 2 3 0 1 0 1 2 0 0 1 2 1 1 1 3 3 0 0 3 3 2 1 0 0 0 2 0 0 3 2 2 1 3 2 2 1 3 1 2 1 3 2 0 3 1 0 1 2 3 1 3 1 3 2 1 2 0 0 0 2 0 0.4076499498 1
0 2 1 0 3 0 0 1 0 2 2 0 2 3 1 2 1 2 3 2 0 0 3 1 2 1 0 1 2 0 0 2 1 0 1 1 3 2 0 3 3 1 0 1 2 3 3 1 0 0 3 0 0 2 1 0 3 3 1 1 2 3 3 2 0.3400336062 1
0 0 1 0 3 1 2 1 2 0 1 1 1 2 0 3 0 1 3 1 0 3 0 0 0 0 1 3 1 1 0 1 3 2 0 3 1 0 1 1 2 0 1 2 1 3 0 3 3 1 3 3 0 3 0 3 1 0 1 2 2 3 0 0 0.4673720689 1
2 0 0 1 1 0 2 3 2 2 3 0 1 1 0 0 2 0 2 2 2 2 0 3 2 3 3 3 3 3 1 0 0 3 0 1 2 2 3 1 2 1 2 2 0 0 2 1 0 1 0 2 2 0 2 0 3 0 0 0 3 1 3 2 0.344733477 1
1 1 2 2 0 2 0 1 2 3 1 3 0 1 1 1 2 3 3 3 2 1 0 1 2 1 3 3 3 1 2 2 0 1 1 0 1 1 1 2 1 2 0 0 0 2 0 2 3 3 2 1 3 2 1 1 1 2 0 0 0 2 3 1 0.3458768181 1
1 1 2 3 2 2 1 0 1 1 2 2 1 1 1 0 1 0 3 2 2 3 1 3 3 0 3 1 2 1 0 3 3 1 3 3 0 1 0 3 0 0 3 2 2 2 1 3 0 1 1 0 3 0 3 0 1 3 0 1 3 3 1 1 0.308441381 1
3 3 2 1 3 1 0 3 1 1 3 0 0 1 2 1 1 2 1 3 3 2 3 2 3 1 3 3 3 0 2 0 3 2 2 1 1 1 2 2 0 1 2 3 2 3 1 3 3 1 2 3 2 2 1 0 1 1 2 2 0 2 3 3 0.4037797985 1
2 0 3 1 2 2 1 0 1 3 2 2 3 0 1 0 1 3 3 0 3 2 3 3 3 0 0 2 0 2 0 3 0 3 0 3 2 3 3 0 3 1 0 1 0 3 3 1 0 2 2 1 0 2 1 0 1 1 2 0 3 3 2 0 0.3302867025 1
1 0 0 1 3 0 2 1 0 1 0 1 3 3 2 3 1 3 3 0 3 0 0 1 1 2 2 1 2 2 0 3 0 1 0 2 1 2 0 1 2 1 2 3 1 2 1 1 1 3 2 2 1 1 1 1 1 2 3 2 1 1 3 2 0.2850618736 1
3 2 1 2 0 1 1 0 1 3 3 0 2 0 0 0 3 1 0 0 0 2 0 0 0 0 0 1 0 3 1 2 0 2 3 2 3 3 0 1 3 0 0 3 0 0 2 3 2 0 3 0 1 1 0 1 2 1 0 2 0 2 2 3 0.4472135955 1
2 3 3 0 3 3 0 0 0 0 1 2 3 3 0 0 0 0 1 0 1 3 3 1 0 3 0 2 0 2 2 0 3 0 2 0 0 1 2 0 1 3 3 1 2 0 2 2 2 2 3 0 0 2 1 0 3 2 1 0 0 1 3 3 0.653254234 1
3 0 3 1 0 1 2 2 0 0 3 3 1 0 0 3 2 0 3 0 2 0 0 0 0 1 1 2 1 1 0 0 0 0 2 1 0 0 0 3 3 3 1 1 2 2 1 3 0 3 2 0 0 2 0 0 1 3 2 1 2 1 2 2 0.324063357 1
1 1 2 0 2 0 2 2 1 2 3 1 3 0 1 0 3 1 1 0 2 1 1 0 3 3 1 0 0 0 3 1 3 2 3 1 0 1 0 3 3 0 0 1 3 2 1 3 0 3 1 2 2 3 0 1 2 1 1 3 1 0 2 2 0.3308289462 1
1 0 3 1 3 3 2 2 1 1 3 1 0 1 1 2 0 0 0 3 1 3 3 0 1 3 2 1 1 3 1 1 3 2 2 0 2 0 1 2 0 0 2 2 0 1 3 0 0 0 0 2 1 3 2 2 2 3 2 2 0 0 0 1 0.3474320193 1
1 1 3 1 3 1 3 0 0 0 3 2 1 3 3 2 1 2 3 0 1 0 1 3 1 1 2 2 1 2 2 3 2 3 2 3 0 0 0 1 0 1 1 3 0 1 3 1 0 0 1 1 3 2 2 1 2 3 3 2 1 3 0 0 0.395590895 1
2 0 3 3 0 0 3 0 2 1 1 3 3 2 3 2 3 2 3 3 1 2 1 2 1 1 0 1 2 1 1 2 1 0 1 3 1 2 1 2 0 0 0 0 2 2 3 0 1 2 1 3 1 2 2 0 1 1 1 3 3 0 2 0 0.2861577002 1
2 1 1 2 2 0 3 3 0 2 0 0 3 2 1 3 1 2 2 3 1 2 3 2 1 3 1 3 0 2 1 2 0 0 2 3 1 0 2 0 3 1 2 2 1 0 2 0 0 0 1 0 1 1 1 2 1 0 1 3 3 3 0 2 0.8289598943 1
1 3 2 0 1 0 2 0 1 2 3 3 2 1 3 0 2 1 2 2 2 3 0 0 1 3 1 0 0 0 1 2 3 1 0 0 1 0 0 1 1 2 1 3 0 0 0 2 0 1 1 0 3 3 1 1 3 2 1 0 2 0 3 3 0.3157755779 1
2 3 0 0 1 2 1 0 2 0 1 0 1 0 1 1 3 3 0 1 0 2 1 3 3 1 0 0 2 0 0 0 1 1 2 0 3 0 1 3 3 0 0 3 0 3 0 2 0 2 3 2 2 2 0 2 2 1 0 1 3 2 1 3 0.454311603 1
0 1 1 0 2 1 2 1 0 1 2 2 2 0 3 1 3 2 2 3 1 2 0 2 3 0 0 3 3 1 1 2 1 1 1 1 3 0 1 2 2 0 2 0 1 0 1 2 0 0 1 2 0 2 2 2 2 3 2 1 1 3 1 1 0.6492741221 1
3 2 0 3 2 1 2 0 0 2 1 0 3 0 2 2 3 3 0 3 0 3 3 0 3 1 1 3 3 0 2 1 1 0 2 3 2 1 3 3 3 1 2 2 0 0 2 2 2 3 2 2 0 3 1 1 3 0 1 2 2 0 0 0 0.3102148911 1
2 3 0 0 2 0 1 3 0 2 2 3 0 1 2 1 2 2 0 2 0 3 0 2 0 2 3 1 0 1 3 2 0 1 1 3 3 2 3 2 3 0 0 0 2 2 0 2 2 1 3 0 2 3 2 2 1 1 0 3 1 0 0 2 0.485324478 1
2 1 3 2 0 3 3 1 0 1 0 2 0 2 0 3 3 1 1 3 3 2 1 2 3 3 0 0 1 3 1 2 3 3 2 3 2 0 1 3 3 3 1 1 2 1 2 3 2 3 1 2 1 2 1 3 1 0 0 3 0 2 0 1 0.3474320193 1
0 2 1 2 1 0 1 1 3 0 3 3 0 1 2 2 3 2 1 2 1 0 3 3 1 2 2 2 2 1 3 3 1 3 1 1 0 0 0 3 2 1 1 3 3 3 3 3 3 3 3 1 3 1 0 2 3 2 1 0 3 1 3 3 0.303785526 1
3 0 1 3 2 3 1 3 0 1 2 1 2 3 0 3 0 0 1 1 2 2 3 2 2 0 0 2 1 1 1 0 3 0 3 3 1 3 2 3 3 1 3 3 1 2 2 1 3 1 2 2 2 3 3 3 0 1 2 2 3 1 3 0 0.5570345975 1
1 3 3 3 0 1 2 2 1 2 1 1 0 2 1 1 1 3 0 2 3 1 1 2 0 2 3 1 1 0 1 2 1 2 3 2 3 2 2 1 0 2 2 0 2 0 2 2 3 0 0 2 1 1 3 1 1 0 2 1 0 2 1 3 0.2850346585 1
2 0 2 3 3 2 1 2 3 1 0 1 3 0 0 2 3 0 0 2 3 1 0 1 0 1 3 3 0 2 1 1 0 2 1 3 1 0 0 2 0 1 2 2 3 2 3 2 1 0 0 2 0 1 3 2 3 3 3 3 0 2 3 1 0.3126595927 1
1 1 3 3 2 2 3 1 3 2 0 3 1 1 1 2 0 0 0 2 3 2 1 3 2 0 2 0 2 1 0 3 0 2 3 0 2 2 2 3 3 2 2 3 3 2 0 2 2 1 0 3 2 3 2 0 2 0 1 2 1 1 3 1 0.2909132566 1
0 2 1 1 1 1 1 2 1 1 1 0 0 2 1 1 0 1 0 3 1 3 0 2 3 2 0 2 3 2 2 2 0 3 3 1 2 1 1 0 3 0 2 1 0 1 0 0 3 0 0 0 3 0 3 0 2 0 2 0 0 2 2 3 0.304978078 1
1 1 1 1 3 1 0 2 0 1 0 1 1 3 1 0 2 0 2 0 1 1 3 2 2 2 0 0 3 2 2 1 3 3 1 0 3 0 3 0 2 0 3 2 1 0 0 0 2 2 0 0 0 0 0 0 0 3 3 3 0 1 2 1 0.3496707166 1
0 2 2 2 2 1 0 0 0 0 0 3 0 3 3 0 2 2 2 0 0 3 1 3 2 0 2 2 0 2 2 3 1 1 1 1 0 2 2 3 3 3 2 3 1 2 0 1 0 0 0 0 1 2 1 2 1 1 0 3 3 2 0 2 0.3463788831 1
2 2 2 1 2 2 2 2 0 0 2 1 0 1 3 1 1 1 3 0 3 0 0 3 3 2 0 1 1 1 1 1 3 2 0 3 0 2 2 1 2 2 3 3 2 1 2 2 0 0 0 3 3 1 1 3 0 0 2 2 0 1 2 0 0.3138372105 1
1 0 1 3 1 0 3 1 2 2 2 0 0 2 3 2 0 2 3 3 0 1 2 3 1 1 1 1 2 0 1 1 2 2 3 1 3 0 3 1 1 1 1 1 3 3 2 2 1 1 2 0 3 0 0 3 0 0 2 2 1 1 1 2 0.4913113614 1
1 0 2 1 0 1 3 2 0 3 0 1 0 3 0 0 0 3 2 0 0 3 3 0 1 1 2 3 0 3 0 1 3 1 1 0 1 3 0 1 3 0 2 0 3 2 0 3 3 0 1 0 1 1 1 0 0 3 3 3 1 0 1 0 0.2870201046 1
0 1 3 3 1 1 1 1 1 0 0 3 2 1 1 2 0 2 3 2 2 3 0 0 3 0 0 1 3 1 3 1 1 3 3 0 3 0 0 3 0 1 0 2 1 2 0 0 3 1 2 1 3 0 1 3 1 1 0 3 0 0 2 1 0.3540922453 1
1 0 2 1 0 2 3 2 0 0 3 3 0 3 2 1 1 2 1 3 0 3 3 0 2 0 0 3 1 2 1 1 2 0 1 0 2 2 0 3 1 0 1 0 2 2 0 1 1 1 1 0 2 0 0 1 1 1 2 0 1 2 0 0 0.2898979486 1
2 0 1 2 2 3 2 3 1 3 3 0 3 3 1 1 1 1 1 3 3 0 1 3 1 1 1 3 1 3 0 0 3 3 3 0 0 2 2 0 1 2 2 3 1 3 3 1 2 0 3 2 2 3 1 2 3 1 2 3 0 2 3 3 0.6928099642 1
1 2 0 3 1 0 3 2 3 1 2 3 0 3 0 2 2 1 0 2 3 1 1 3 2 3 3 1 1 1 3 3 1 3 1 3 2 1 0 0 3 0 1 1 2 1 3 1 2 0 2 3 3 2 0 0 2 2 1 1 1 3 2 3 0.3157755779 1
3 1 0 1 1 1 2 0 0 2 1 3 3 0 1 2 2 2 1 0 0 3 0 2 2 0 1 0 0 0 2 1 2 2 1 1 3 2 1 2 3 2 2 3 1 3 0 3 3 0 3 1 2 1 1 0 0 3 1 2 1 1 2 3 0.334806389 1
0 3 1 1 2 1 2 1 1 2 1 2 2 2 1 2 1 0 2 3 0 2 1 1 3 3 1 0 3 2 0 2 1 1 1 1 3 2 1 2 0 0 0 0 0 3 0 2 0 2 1 1 0 2 0 3 1 2 3 1 3 1 3 2 0.3545707127 1
3 2 2 1 2 1 2 3 3 3 0 2 3 1 0 3 3 1 3 1 1 2 2 1 3 2 1 0 1 2 2 3 1 0 0 1 1 0 0 2 0 1 0 0 3 3 3 2 0 1 2 3 2 1 1 3 3 2 3 0 2 0 0 2 0.5582520261 1
2 2 1 0 1 2 2 1 0 2 0 3 1 2 1 3 3 2 2 2 0 2 0 3 3 0 1 2 0 2 0 2 1 1 0 3 0 1 2 3 3 2 1 0 1 2 2 2 2 2 1 0 3 2 1 2 1 1 1 1 0 1 2 3 0.3028559945 1
2 3 1 3 1 0 3 3 0 2 1 2 0 0 0 3 1 0 0 3 3 2 0 0 2 1 3 0 3 2 2 0 2 3 1 1 0 2 1 3 3 1 1 0 0 2 1 1 3 0 3 0 1 1 1 3 3 1 1 0 1 1 0 2 0.488281641 1
3 0 3 2 1 1 0 0 1 3 1 3 1 2 0 1 3 2 1 3 0 0 1 0 1 0 3 2 3 1 1 0 3 2 2 0 1 2 0 0 1 1 0 0 0 0 0 1 1 2 1 2 0 0 2 3 1 1 1 1 2 0 2 3 0.387499617 1
0 1 1 2 1 1 0 0 1 3 2 3 1 0 2 1 2 3 0 0 1 2 3 2 1 0 0 2 0 1 0 2 1 2 3 1 3 3 2 0 3 1 1 1 1 1 2 2 3 3 1 1 0 0 3 0 3 0 0 2 2 1 2 0 0.441769316 1
2 0 1 1 2 0 0 2 0 0 2 2 3 3 1 1 2 3 1 1 3 2 0 0 1 2 1 2 2 1 1 3 2 3 1 3 3 3 0 0 1 0 0 3 3 2 1 1 1 3 0 2 2 3 0 2 1 1 1 1 2 3 1 1 0.2797297247 1
0 2 2 1 1 3 3 0 3 2 1 0 2 0 1 1 3 2 2 2 1 1 2 1 3 2 3 1 2 0 0 1 0 3 3 0 3 0 2 1 1 1 0 1 2 0 3 3 2 2 2 2 0 3 3 1 3 0 2 0 2 2 1 3 0.3193901603 1
1 2 3 2 3 1 0 0 1 3 0 3 0 2 1 3 1 3 0 2 2 2 0 3 2 2 1 1 0 2 3 1 2 3 3 1 2 3 1 2 0 3 1 3 2 1 2 2 1 2 2 0 0 0 2 0 3 0 0 2 3 2 0 2 0.2938102447 1
2 0 3 2 1 1 2 2 3 1 3 1 0 2 1 3 0 2 2 0 3 3 0 2 0 2 3 2 2 1 1 2 0 0 2 2 2 2 2 2 1 3 1 2 0 1 3 2 3 1 2 3 0 3 2 2 3 2 3 1 1 2 2 0 0.3044427664 1
0 3 1 1 3 3 0 2 0 2 0 2 0 0 2 0 3 2 1 1 0 0 1 1 2 3 2 1 2 2 1 2 2 0 0 1 2 0 1 0 3 3 3 3 1 1 2 0 1 3 1 1 0 2 3 0 1 0 3 1 2 2 0 0 0.3255563301 1
3 1 3 2 1 3 0 3 1 0 2 2 2 0 0 1 0 0 1 1 1 1 2 2 2 3 3 0 1 0 0 2 0 2 2 0 1 0 1 3 2 3 0 2 2 3 1 3 0 3 2 0 0 2 1 2 1 0 0 3 3 1 0 0 0.3474320193 1
2 0 2 2 0 1 1 2 2 2 2 2 0 0 3 3 0 3 2 1 1 3 3 0 3 2 3 1 3 1 3 2 1 2 2 3 2 2 0 3 1 3 0 3 0 0 3 3 2 3 2 2 1 1 3 0 2 1 1 3 0 1 0 3 0.406289515 1
3 3 0 3 1 3 1 1 0 2 2 3 3 2 0 2 0 1 3 1 2 0 1 3 0 0 3 2 1 1 0 2 2 2 3 1 3 0 2 3 3 3 3 1 2 2 3 2 3 3 2 0 3 3 3 2 3 0 3 0 3 0 1 2 0.3110051845 1
3 2 0 1 2 1 2 3 0 0 2 1 2 1 0 2 3 2 1 2 2 3 0 3 1 1 1 3 3 2 0 3 2 2 0 2 2 1 0 1 1 0 0 3 3 0 0 3 1 2 3 0 0 2 2 1 2 2 0 0 1 0 2 0 0.3457554802 1
3 3 3 1 3 1 3 3 2 2 1 2 1 1 1 3 1 1 1 3 3 0 2 3 1 1 1 1 2 0 3 0 0 3 0 2 0 2 3 3 3 3 0 3 3 2 2 3 2 1 2 2 2 1 3 3 1 1 3 3 3 2 3 3 0.2811889801 1
1 1 2 1 1 3 3 3 1 0 3 3 2 2 3 0 2 1 0 1 1 1 1 0 0 0 3 1 2 3 0 0 0 2 1 0 2 2 1 1 0 1 3 3 0 0 2 2 2 0 1 0 2 0 2 1 3 2 2 2 1 0 3 3 0.3328827005 1
1 0 1 0 2 3 1 3 2 3 1 1 2 0 3 2 0 0 1 3 1 2 2 0 0 2 3 2 0 0 3 0 2 2 0 3 0 0 2 3 0 3 2 2 0 1 3 0 2 0 3 1 3 3 3 2 0 1 2 0 1 2 0 3 0.2887244073 1
1 1 1 2 3 3 1 1 1 1 2 0 0 0 1 1 1 3 2 0 0 2 1 3 3 0 1 2 3 0 3 2 1 3 1 3 2 2 2 3 0 1 1 2 0 1 3 2 0 3 0 1 3 0 2 1 3 3 2 2 0 0 3 3 0.3238107005 1
3 2 0 1 2 0 2 2 1 2 1 0 0 3 1 2 0 3 2 3 3 2 1 0 0 0 2 3 0 1 1 1 3 2 0 0 1 2 1 2 0 1 1 3 1 0 3 0 0 1 3 2 1 3 2 2 1 1 1 2 2 3 1 2 0.3280236425 1
3 0 1 1 3 0 1 0 1 1 3 1 1 1 2 1 2 3 1 2 1 1 0 2 2 0 2 1 0 3 0 2 3 3 1 0 2 0 1 2 1 1 0 1 2 3 0 2 2 1 2 1 1 3 2 1 0 2 1 2 3 2 2 0 0.3776762076 1
1 0 3 2 3 3 2 3 3 2 0 1 0 0 3 2 3 0 1 3 0 2 1 3 0 1 2 3 2 2 1 1 0 2 0 0 3 1 0 1 1 0 0 2 0 2 0 0 0 3 3 0 0 3 0 2 3 2 1 2 0 0 1 2 0.3895411216 1
1 1 1 0 3 3 1 0 3 3 0 1 0 1 3 2 0 3 1 3 0 2 1 0 2 3 3 2 1 0 3 2 1 0 3 0 1 1 2 3 1 2 1 0 2 1 1 0 2 2 0 3 3 2 0 2 1 0 1 1 0 3 3 1 0.340218792 1
1 2 0 2 1 0 0 0 1 0 3 0 3 3 3 1 1 1 0 0 2 3 0 0 1 3 2 3 3 1 3 2 3 0 2 2 3 2 2 0 3 0 3 3 2 3 3 1 0 0 2 1 1 3 3 3 3 2 2 3 3 0 1 1 0.3142042283 1
2 2 3 1 1 3 3 1 2 0 2 1 3 0 3 0 3 0 1 3 1 2 0 1 0 3 2 1 0 3 0 0 2 3 1 2 1 3 0 2 1 3 2 0 3 2 1 1 2 2 1 3 3 1 2 3 1 3 2 3 3 2 0 2 0.4005789411 1
2 2 3 1 0 2 3 0 0 3 1 0 1 3 0 0 0 0 0 0 2 0 1 0 2 3 0 0 0 0 1 2 3 1 0 3 0 2 3 3 3 3 0 3 0 3 0 0 2 0 1 2 3 0 2 3 2 1 3 0 3 0 0 1 0.438816007 1
1 2 0 0 1 0 2 3 0 3 2 3 3 3 1 2 1 3 3 3 1 3 3 1 1 1 0 1 2 3 0 1 2 2 3 2 1 0 0 2 1 0 1 2 1 2 2 0 0 2 0 0 3 2 1 2 0 0 3 0 0 1 2 2 0.3582201532 1
3 1 1 0 3 1 0 1 0 2 2 3 2 2 0 0 3 3 3 0 1 1 2 0 1 3 3 2 3 0 1 3 1 1 2 1 2 2 2 1 1 1 3 0 1 2 0 3 3 1 1 2 3 1 3 2 3 0 0 0 3 3 2 2 0.5071671483 1
2 3 0 0 0 3 1 1 1 2 3 1 2 2 3 3 1 3 3 2 3 2 1 0 2 2 1 0 0 0 1 3 1 2 1 2 3 2 3 3 3 1 0 3 0 1 3 2 2 3 3 1 0 2 3 3 1 0 1 2 2 2 3 2 0.4005789411 1
3 3 1 2 0 1 1 3 0 3 2 2 2 3 3 1 2 1 3 3 1 2 1 0 3 2 2 3 3 1 1 1 2 1 2 2 0 0 2 2 1 1 3 2 2 3 1 1 0 3 3 1 2 0 1 2 1 3 2 3 2 2 3 1 0.3044427664 1
1 1 3 1 1 3 0 1 2 0 2 2 1 3 3 1 0 1 2 2 1 1 0 0 0 2 1 3 3 0 2 0 2 3 3 1 2 1 2 1 0 0 2 2 3 3 1 3 2 3 1 1 1 2 2 0 1 3 0 3 2 3 1 3 0.3655178698 1
3 1 3 1 1 3 0 3 0 0 0 3 0 3 0 1 1 0 1 0 3 0 0 3 3 1 0 1 1 0 0 0 1 1 0 0 3 3 2 0 2 1 2 3 0 2 0 1 1 0 2 2 1 2 1 2 2 1 1 0 0 3 3 3 0.3012471274 1
0 2 2 3 1 1 1 1 0 2 0 0 1 2 1 0 1 2 3 0 2 2 0 2 0 0 0 2 2 1 0 0 2 2 1 0 3 0 3 1 2 3 0 0 2 0 1 1 3 3 3 2 0 0 0 3 2 0 1 1 1 0 0 1 0.4913113614 1
1 3 0 2 1 2 3 2 1 1 0 2 2 1 1 1 3 2 0 2 0 1 3 0 1 2 0 3 0 1 0 3 1 2 0 1 3 2 3 2 0 3 3 0 0 2 3 0 0 3 0 1 3 3 3 3 3 3 1 0 2 1 1 3 0.3185239392 1
2 0 0 3 2 0 1 1 2 1 0 1 0 1 1 0 0 1 3 3 3 3 2 3 3 2 0 2 3 1 3 2 2 2 3 2 1 0 0 3 2 3 0 2 3 2 1 1 2 0 2 0 3 0 0 3 1 2 0 2 1 1 3 1 0.5071671483 1
2 3 1 1 1 0 2 3 1 1 0 0 0 3 3 2 3 0 1 1 0 0 1 2 3 1 2 2 3 2 0 1 1 3 2 3 3 1 1 3 0 0 3 0 1 2 1 2 1 3 2 1 3 0 2 0 0 3 1 3 3 3 0 2 0.312076478 1
0 0 2 0 0 0 3 2 2 2 3 2 1 3 0 3 2 1 1 0 1 3 1 2 0 2 3 2 1 2 3 2 1 0 0 3 0 2 2 0 3 3 1 0 3 2 0 3 1 0 1 2 3 0 3 0 3 1 2 0 1 2 1 2 0.4409958058 1
1 0 1 1 2 0 3 0 1 2 2 3 2 0 0 0 2 1 1 0 1 1 1 3 2 0 1 3 2 1 2 2 1 0 3 0 3 0 3 3 0 0 1 3 2 3 0 1 2 1 1 2 0 0 1 3 0 1 2 3 0 1 2 0 0.333160955 1
2 1 3 0 2 3 3 0 0 1 0 3 0 3 1 0 1 0 0 1 3 2 2 2 0 2 0 0 1 3 2 1 0 1 0 1 0 1 0 0 3 3 1 0 0 2 3 3 2 2 3 2 0 0 3 3 1 0 0 1 0 2 2 0 0.3709615778 1
1 2 3 1 1 1 2 2 0 0 0 0 3 3 3 2 3 3 3 0 3 1 2 0 3 2 0 2 3 1 3 2 1 3 1 0 1 0 2 3 0 0 2 2 2 0 3 2 0 1 2 1 3 3 0 1 2 2 3 3 3 2 2 3 0.2909132566 1
0 1 3 3 1 1 3 0 1 3 2 0 3 3 1 3 1 1 1 3 1 2 0 0 2 2 2 3 0 2 2 0 3 3 0 0 1 3 3 1 1 1 0 3 0 1 3 1 0 2 3 3 2 1 2 2 2 3 0 2 2 1 1 0 0.304978078 1
0 2 0 3 0 3 3 0 2 3 2 3 2 1 3 0 0 2 2 3 0 3 3 0 1 0 3 3 1 0 0 1 0 3 2 1 1 0 0 2 3 1 1 2 2 1 2 2 2 3 2 1 3 3 0 3 3 0 2 1 3 2 2 0 0.3138372105 1
1 3 0 1 2 2 3 0 3 2 1 2 3 0 3 2 2 1 2 1 3 3 1 3 2 1 2 3 2 0 0 1 0 2 3 2 1 0 2 2 0 3 3 3 3 2 3 3 3 2 0 2 2 2 0 2 3 2 0 0 0 0 3 2 0.3698994287 1
1 1 1 3 1 2 0 3 2 2 0 3 3 2 0 2 1 1 1 0 2 2 0 0 3 2 1 2 2 2 2 2 1 2 2 1 2 2 1 0 3 0 3 3 0 3 2 3 0 0 2 1 3 2 3 1 3 2 2 0 1 1 2 2 0.3235954478 1
1 3 3 0 1 0 1 2 0 2 3 1 2 0 1 0 2 3 2 3 0 2 0 3 2 2 1 2 1 3 2 2 3 1 3 0 3 3 0 3 0 3 3 2 0 3 2 2 2 2 3 1 2 3 3 3 2 0 1 1 2 3 0 2 0.2983780636 1
2 3 1 1 2 0 0 1 0 0 2 1 0 2 2 2 0 1 3 2 1 1 0 2 3 3 0 3 3 0 0 2 2 3 0 3 1 0 1 1 0 1 2 2 3 1 2 2 2 3 2 2 3 0 3 1 2 1 3 0 0 1 2 0 0.3510801119 1
2 2 0 3 3 2 0 2 0 1 1 2 0 2 1 2 0 0 3 1 0 1 1 3 1 2 3 0 3 0 1 2 1 2 3 0 3 3 3 0 2 1 1 1 2 0 0 2 0 1 1 0 2 2 2 3 1 2 1 3 0 1 1 3 0.653254234 1
2 0 3 0 3 1 0 0 0 0 2 1 0 1 1 3 2 2 2 1 0 3 0 0 3 0 0 3 3 3 3 0 1 0 2 3 1 0 1 2 2 1 1 2 2 1 2 1 3 2 0 1 1 2 1 3 1 0 3 1 0 2 3 0 0.413172097 1
3 2 2 1 1 2 0 2 0 1 0 1 0 3 2 1 2 3 0 3 3 0 3 0 3 2 1 2 1 3 0 1 2 1 0 2 2 1 0 2 3 2 1 0 3 0 1 1 2 0 0 3 3 1 0 2 1 0 0 2 3 0 3 2 0.3205652669 1
1 2 3 0 0 0 3 1 0 2 2 0 0 1 0 3 1 3 2 2 0 0 2 2 2 2 1 0 0 2 1 0 1 2 1 2 3 1 1 3 1 3 1 1 1 3 2 0 3 0 3 1 0 0 2 3 3 0 2 0 3 2 0 2 0.3867300211 1
1 0 0 3 2 2 1 1 3 0 0 1 1 3 1 2 2 2 1 3 1 2 0 1 0 2 2 3 3 2 0 0 2 2 0 3 1 0 1 2 3 1 1 1 0 1 0 1 2 2 0 2 3 1 0 3 0 0 2 1 3 1 2 3 0.3774077141 1
1 2 0 0 2 2 2 2 1 3 2 2 3 3 0 0 2 0 3 1 0 2 1 0 0 2 1 3 2 2 1 1 2 1 2 1 0 0 2 1 2 3 1 3 1 3 2 3 2 1 1 3 2 1 2 3 3 2 3 3 1 1 3 1 0.364273893 1
0 2 0 3 1 2 2 2 0 2 0 2 2 3 2 0 2 1 1 2 2 2 3 3 3 1 0 0 0 1 0 2 0 2 1 3 0 0 0 3 2 3 0 1 1 1 2 1 1 1 3 0 0 2 1 0 1 1 0 1 1 3 0 1 0.4565940367 1
3 3 1 2 3 3 0 0 0 0 3 2 3 0 2 3 3 0 3 0 0 1 0 0 2 0 0 3 0 2 0 1 1 2 0 1 1 0 3 1 3 0 0 3 0 0 3 3 3 1 1 3 3 2 1 3 2 3 3 0 2 2 0 3 0.6954035794 1
3 1 1 1 1 1 3 0 0 1 1 2 3 2 3 1 0 3 1 2 2 2 3 2 3 1 2 2 0 1 0 0 2 0 0 2 2 2 0 1 2 3 1 1 0 3 3 0 3 1 1 0 3 3 1 1 2 1 1 2 1 3 2 0 0.3665354679 1
3 3 2 3 1 2 0 3 0 0 1 1 2 3 0 2 1 2 0 0 0 3 2 2 1 0 0 0 3 3 1 3 0 3 2 1 1 2 1 2 0 1 3 0 0 1 0 0 2 0 3 1 3 2 3 0 1 3 2 2 3 1 1 2 0.317756027 1
1 0 2 1 1 3 0 0 2 3 2 2 0 0 0 2 2 1 1 2 2 3 0 1 1 2 2 0 2 1 1 2 1 3 3 0 1 3 0 3 1 2 3 0 1 1 1 1 3 0 0 2 1 0 3 1 1 2 0 3 3 1 1 3 0.3679585996 1
3 1 0 0 2 2 2 2 3 2 0 2 3 2 0 1 2 0 1 1 0 1 2 0 0 0 2 3 1 2 1 0 2 0 0 3 0 1 1 3 0 3 0 2 0 2 1 3 0 3 2 1 1 2 3 0 0 1 1 0 1 0 1 3 0.3142042283 1
2 1 0 1 0 0 1 0 1 2 3 3 1 2 3 3 0 2 1 3 1 2 0 3 0 0 1 2 2 1 0 2 3 3 3 3 2 0 2 1 2 2 2 0 0 1 2 3 1 2 3 1 1 0 0 3 2 2 1 0 2 0 0 2 0.5505663293 1
0 2 2 3 1 3 0 1 1 3 1 1 3 3 3 0 1 3 0 2 2 1 0 3 2 3 2 0 3 1 0 0 0 1 1 0 3 1 3 2 0 1 0 1 3 1 3 0 2 0 1 1 0 1 2 1 2 1 0 0 2 0 3 1 0.2971110716 1
2 0 1 2 1 0 0 1 0 3 3 3 1 2 0 2 0 2 3 1 0 2 2 0 3 0 2 1 1 2 3 2 2 2 0 3 1 0 2 3 0 2 1 1 2 3 3 3 3 2 3 0 1 2 3 1 3 2 3 0 2 2 2 2 0.3655178698 1
3 2 3 1 1 3 2 0 0 1 1 2 1 2 0 2 0 1 3 2 3 1 3 0 0 2 0 0 0 0 3 2 2 2 1 0 3 0 2 0 0 1 3 2 2 3 2 0 3 3 3 1 3 0 0 1 1 3 2 0 2 0 2 2 0.5071671483 1
0 2 1 0 3 3 2 0 3 3 1 0 2 3 3 0 1 2 0 3 3 3 0 2 1 0 2 2 2 1 0 1 2 1 3 2 1 1 3 0 3 2 1 3 0 0 3 3 1 2 0 2 1 0 1 3 1 3 0 1 1 1 1 2 0.2947604453 1
1 2 3 2 1 2 3 1 0 2 2 1 0 1 3 0 2 0 0 3 0 3 3 0 0 2 1 1 0 2 2 3 3 1 0 0 0 1 1 2 1 1 1 0 2 3 2 1 0 3 2 3 2 1 1 1 2 0 2 3 1 2 0 2 0.3681678911 1
3 3 1 0 0 2 3 2 0 2 0 2 0 1 2 2 0 3 3 2 3 2 1 3 2 1 1 1 0 1 2 0 1 3 2 1 1 3 3 2 3 0 1 3 0 0 1 3 0 2 2 1 3 1 1 0 1 1 2 1 3 3 2 3 0.282163914 1
3 2 0 3 2 1 2 3 0 2 3 1 0 1 2 0 0 2 3 2 0 2 3 1 0 3 3 2 3 2 0 1 0 0 3 3 0 2 3 1 3 2 2 1 1 3 0 2 2 3 1 3 0 2 0 1 3 1 2 2 2 0 3 1 0.2987143064 1
0 1 1 2 2 1 3 0 1 0 2 1 0 1 2 2 3 0 0 3 0 0 3 0 3 1 2 0 2 2 1 1 3 3 1 3 3 3 0 3 2 1 1 2 3 2 3 1 1 2 2 0 3 3 3 1 2 1 1 3 1 1 2 0 0.3510801119 1
3 2 2 0 2 1 1 2 0 1 0 1 3 1 1 2 1 3 2 0 1 3 0 3 3 3 2 3 3 1 1 2 1 3 1 1 3 1 1 1 0 0 1 0 3 3 2 2 1 0 3 3 3 0 2 2 3 1 2 1 0 3 1 1 0.3053105419 1
3 3 0 3 0 2 2 0 3 2 1 3 1 2 2 2 3 0 1 2 2 2 3 1 3 3 2 3 1 0 0 0 2 0 2 3 2 0 2 3 1 0 3 3 1 3 3 0 0 2 3 2 3 2 0 1 2 3 0 2 1 2 1 2 0.3010721488 1
1 3 0 1 1 0 3 0 2 0 1 3 2 3 3 0 2 1 1 3 3 1 3 1 2 0 3 3 0 2 1 0 2 1 3 3 1 1 1 0 0 1 0 3 0 0 2 0 3 2 0 0 0 3 0 2 0 3 1 0 3 2 3 2 0.6492741221 1
3 2 2 3 2 3 1 2 2 3 2 0 3 2 3 0 0 3 2 0 2 2 3 0 0 0 1 2 3 1 0 1 3 1 3 2 2 0 0 3 2 0 1 3 0 2 2 1 0 1 3 2 1 0 2 0 3 0 0 2 3 2 0 2 0.2918317294 1
2 0 0 1 0 1 0 1 1 2 3 2 0 1 1 0 2 3 1 1 0 2 1 3 3 0 1 1 1 2 2 0 0 0 2 0 0 1 0 1 3 2 1 1 3 2 1 3 3 2 1 2 1 1 3 3 3 0 2 1 1 0 1 2 0.4142135624 1
1 3 1 0 1 3 3 0 1 2 3 3 1 1 3 0 3 0 2 0 0 3 3 3 3 2 0 0 0 1 0 3 0 0 1 1 1 3 0 0 3 2 3 1 1 3 0 0 2 1 0 2 3 0 1 0 1 0 2 1 0 1 2 2 0.3081782158 1
3 2 2 0 0 3 1 2 2 2 3 1 0 3 0 3 0 3 1 2 3 1 1 3 0 2 2 0 3 2 3 3 2 2 0 0 0 3 3 1 3 2 0 1 2 2 3 2 1 2 0 0 1 1 0 2 3 3 3 2 0 3 1 3 0.3572822687 1
1 0 3 1 0 1 3 3 2 3 0 0 0 1 2 3 1 0 0 1 3 0 3 3 3 1 2 0 3 2 0 1 2 2 1 3 3 1 0 3 0 0 3 1 2 1 1 2 2 1 2 0 1 1 1 3 1 2 3 0 0 0 1 2 0.3439144051 1
0 0 2 1 3 3 3 1 1 0 3 3 1 3 0 0 3 1 0 2 1 1 2 1 3 2 0 3 0 1 1 0 0 0 0 2 3 1 0 1 0 2 0 2 1 1 1 3 1 0 1 3 3 0 1 2 3 2 1 3 2 3 0 1 0.3109214228 1
0 2 3 1 3 1 0 2 1 0 3 0 3 3 0 0 0 1 2 0 0 1 2 0 3 2 1 3 1 0 3 2 2 0 0 1 0 1 0 3 2 1 2 3 2 3 1 3 2 3 0 3 0 2 2 1 1 0 1 2 2 0 1 0 0.3183767839 1
3 2 1 0 2 1 2 1 3 1 0 3 2 2 0 0 3 0 1 0 1 0 3 3 2 3 1 1 2 1 0 3 1 0 1 3 2 3 1 3 2 3 3 3 3 1 2 1 1 0 3 1 3 1 1 3 0 2 0 1 3 2 3 1 0.304978078 1
2 2 0 1 0 3 2 1 3 2 2 3 2 0 0 0 1 1 0 2 0 2 1 2 0 2 1 3 2 0 1 1 0 3 2 0 1 1 3 3 2 3 1 2 2 2 1 0 3 1 3 1 1 3 2 2 1 3 2 3 3 0 2 3 0.2990518509 1
2 3 3 0 0 0 0 0 1 0 2 3 1 0 1 1 1 2 2 2 3 2 3 2 2 3 1 2 1 2 2 3 3 3 3 2 3 2 3 2 0 0 3 1 3 3 0 0 2 3 0 1 2 2 1 2 1 2 2 1 1 1 3 2 0.4030419313 1
3 3 0 2 0 2 2 3 0 1 0 1 2 3 2 2 1 2 1 0 2 3 3 2 0 0 0 3 3 2 1 2 2 3 2 0 1 2 0 0 2 1 0 1 1 2 1 0 0 1 2 1 3 0 0 2 1 0 1 0 2 0 0 3 0.3295815643 1
1 0 0 3 1 2 1 3 0 2 1 2 3 3 1 0 1 0 1 3 0 2 3 3 0 3 1 2 2 0 0 2 1 0 0 3 0 0 3 3 1 3 1 2 3 1 2 2 1 0 3 1 1 0 3 1 0 1 1 3 2 2 2 2 0.3867300211 1
2 3 3 0 1 0 0 1 2 1 1 0 3 2 1 0 1 1 1 1 2 3 2 0 3 2 0 3 3 2 0 1 0 3 0 2 2 0 2 0 3 1 0 3 0 3 0 3 1 1 1 0 3 3 2 2 3 1 3 1 3 2 0 1 0.3036128709 1
2 2 3 2 0 2 2 2 2 1 0 3 0 2 0 0 0 0 1 0 3 0 0 2 3 2 2 3 1 1 0 1 3 2 1 1 2 1 3 3 3 1 0 1 0 1 3 0 0 0 1 1 0 0 1 1 1 2 3 0 3 1 3 1 0.3536160609 1
1 2 2 2 1 1 3 3 3 1 1 0 1 0 0 2 1 2 0 1 3 0 0 2 2 0 0 1 0 2 3 1 1 1 1 0 3 0 3 1 0 3 0 3 0 2 1 1 1 1 3 1 2 3 0 3 3 3 1 3 2 2 1 3 0.3544382382 1
1 1 1 2 0 3 1 1 0 1 2 2 0 3 2 1 2 0 0 3 0 3 0 0 0 3 3 1 1 2 0 1 1 2 3 0 1 0 3 3 1 1 0 1 3 2 0 2 3 0 2 2 0 0 2 0 1 2 0 1 0 1 0 2 0.3126595927 1
2 0 1 0 0 0 3 0 1 1 1 2 2 2 3 2 3 0 3 0 2 3 1 0 2 0 3 0 0 3 3 1 3 2 1 1 3 0 0 2 3 2 1 3 3 3 1 2 3 1 1 3 3 3 1 3 2 1 0 1 0 0 0 3 0.4425479954 1
1 0 1 1 2 0 0 2 0 0 2 3 1 1 0 0 2 1 0 3 2 2 0 3 2 3 3 3 3 2 1 0 1 0 1 3 0 1 1 1 3 2 0 1 0 0 0 1 3 3 1 2 1 2 1 1 2 1 1 2 1 3 3 2 0.283507006 1
1 1 0 0 1 1 1 1 3 1 1 2 2 3 3 0 1 0 1 2 3 3 1 2 3 1 0 2 3 2 2 0 3 0 2 3 0 2 1 2 0 3 1 0 2 0 3 1 1 3 0 2 0 0 1 1 1 1 1 1 0 1 1 2 0.4534512531 1
3 1 2 3 2 0 1 3 2 2 2 2 3 0 0 3 3 0 0 0 3 1 3 3 3 1 1 3 0 2 0 3 0 3 0 3 3 0 3 3 2 1 1 1 0 0 1 0 0 3 1 3 0 1 2 3 0 2 2 3 1 0 3 3 0.3534848469 1
1 0 1 1 0 1 1 1 0 0 0 0 2 1 2 1 0 1 2 2 3 2 0 2 1 2 2 2 0 3 0 2 1 0 2 0 0 2 3 2 3 0 1 1 0 2 1 1 2 3 3 2 0 2 0 0 0 0 1 2 0 2 1 2 0.3850290197 1
0 2 3 0 0 2 0 1 0 1 1 2 2 3 2 1 2 1 0 0 0 1 3 3 2 1 1 0 3 3 0 1 0 1 0 3 3 1 3 2 2 0 3 2 1 2 3 2 0 3 2 0 2 3 2 2 0 0 1 1 0 2 1 3 0.363892531 1
1 2 1 1 2 2 1 0 0 3 1 1 2 0 2 3 0 2 1 3 3 2 1 2 1 3 1 2 1 3 2 1 2 0 0 2 0 2 1 2 3 2 1 1 0 1 1 1 0 2 3 2 2 1 1 3 1 0 3 3 1 1 1 0 0.3778424906 1
0 3 2 2 3 2 1 2 2 0 1 3 0 1 0 0 0 3 0 3 1 0 2 3 3 2 2 2 3 0 1 3 1 3 1 1 1 1 1 2 3 1 1 1 3 2 1 0 2 3 3 1 2 2 0 1 2 0 3 1 1 2 3 0 0.4473322796 1
0 3 1 1 0 3 0 0 2 0 2 0 2 2 3 2 0 1 3 2 3 0 3 3 0 0 0 1 0 1 2 3 0 0 3 2 1 2 3 2 0 3 1 3 0 3 0 2 0 0 2 1 3 2 1 3 3 2 2 3 1 0 2 3 0.2898979486 1
0 3 2 1 3 2 2 2 0 2 2 3 3 2 3 2 1 2 1 0 1 2 1 0 0 0 2 0 3 1 1 2 0 3 3 1 0 0 1 3 1 0 0 1 3 3 2 2 2 0 1 2 1 0 1 2 1 2 0 1 1 1 2 3 0.2850346585 1
3 3 1 2 3 3 3 2 0 1 1 3 0 1 3 2 2 3 2 2 1 2 0 2 0 2 1 0 1 2 2 0 0 1 0 1 1 3 0 0 3 3 2 2 3 1 2 2 2 0 2 1 3 2 3 3 2 3 1 1 1 0 0 1 0.4565940367 1
2 3 1 3 0 0 3 2 2 3 1 0 1 1 3 3 3 0 0 0 3 2 1 2 0 0 3 0 0 2 2 3 2 0 0 3 0 3 2 0 3 1 1 1 3 3 1 3 1 3 0 1 1 2 0 2 2 2 2 3 2 0 0 0 0.3421796427 1
3 3 1 3 1 1 1 0 0 3 1 2 2 0 3 0 3 2 3 1 0 2 2 2 2 1 1 2 0 1 1 1 2 1 1 0 1 2 3 1 2 2 0 3 0 0 1 3 0 3 0 0 0 3 1 0 2 2 0 3 0 2 2 2 0.3374188607 1
2 2 1 2 0 1 3 0 2 1 1 0 0 0 0 0 3 0 0 0 0 3 0 3 1 3 3 3 2 2 1 2 2 0 2 1 1 2 3 0 3 0 3 2 1 0 0 2 1 1 3 3 1 1 0 3 1 1 0 2 2 2 0 2 0.3142325556 1
0 3 3 1 2 3 2 3 1 2 0 1 0 3 1 1 3 3 2 3 3 2 1 0 0 1 1 1 0 3 3 3 2 3 3 3 2 3 1 0 2 3 1 3 0 1 3 3 1 3 0 2 1 2 3 1 3 3 2 3 1 0 1 3 0.3418020796 1
2 3 3 2 3 3 3 0 0 3 0 1 1 2 2 3 1 3 0 2 3 0 3 1 2 1 0 1 1 2 0 2 0 1 1 2 3 3 2 0 0 2 1 3 2 0 1 0 0 0 1 1 2 1 2 2 1 2 2 1 2 0 3 3 0.5973365085 1
0 0 0 0 1 0 1 2 1 3 0 2 2 3 0 1 3 2 2 3 3 3 1 1 2 0 2 3 0 2 0 1 1 0 0 3 2 1 3 0 1 3 0 2 1 0 0 1 1 2 3 0 1 3 2 2 3 1 2 1 1 3 1 0 0.2984058257 1
1 1 1 1 0 0 1 3 2 0 3 2 1 3 0 1 0 0 1 3 2 0 1 1 1 1 1 3 3 2 3 0 0 1 1 1 1 1 1 2 1 3 2 0 0 2 0 2 3 0 0 1 2 1 1 1 2 1 3 2 0 0 0 3 0.2828327539 1
1 1 2 1 1 0 2 1 0 1 1 1 0 2 2 2 0 2 3 1 3 0 2 0 2 1 0 1 2 2 0 0 1 3 1 1 0 1 2 0 1 3 2 1 0 2 3 2 0 3 1 1 3 0 1 1 3 0 3 0 3 2 1 3 0.3102148911 1
2 1 2 1 0 1 1 1 1 1 0 0 1 3 2 3 3 1 1 2 0 2 3 0 0 2 3 1 1 1 2 0 2 1 2 1 2 2 3 1 2 1 1 1 1 3 1 3 2 2 0 2 3 3 3 0 1 0 1 0 2 0 3 2 0.4373125559 1
1 3 0 3 0 0 2 3 2 0 3 2 0 1 1 2 1 2 3 2 2 2 0 2 3 0 0 2 1 1 3 2 2 1 3 1 2 3 3 3 1 0 3 0 2 2 3 3 0 2 2 3 1 2 3 0 3 2 0 2 1 3 1 2 0.3613164298 1
0 3 3 2 3 0 1 1 0 0 3 1 3 0 3 2 3 3 3 2 2 0 3 3 2 0 1 2 2 3 2 0 1 1 3 2 1 1 2 3 0 2 2 3 0 1 3 3 0 0 2 0 2 2 3 1 2 3 1 1 3 3 0 1 0.4101114678 1
2 1 0 3 1 0 3 2 2 2 2 0 0 0 2 3 0 3 0 2 1 0 3 0 1 3 2 3 0 3 0 1 1 1 1 2 1 2 1 2 3 0 2 1 0 1 1 2 0 1 2 1 2 1 2 2 2 0 2 0 2 3 2 3 0.3112371021 1
2 2 2 0 0 2 1 1 0 2 0 3 3 2 0 1 3 2 0 1 3 3 0 0 0 3 1 1 1 2 0 2 0 1 0 2 1 0 0 1 2 0 0 1 2 1 2 2 0 2 0 0 1 1 2 1 1 0 2 1 1 0 0 2 0.4237149455 1
0 2 0 2 2 2 2 3 0 2 0 2 1 3 0 1 0 0 2 1 3 0 2 1 3 2 2 3 3 3 1 1 2 0 1 3 3 3 0 2 0 1 2 1 1 1 0 1 2 3 0 2 3 2 3 1 3 2 1 3 1 2 1 2 0.4485365786 1
0 2 1 3 0 3 2 2 1 3 3 1 2 1 3 2 2 0 1 2 0 2 0 1 2 3 3 3 2 0 1 3 0 2 0 1 3 0 3 1 1 2 2 1 2 0 1 0 1 0 2 3 2 3 0 3 0 0 1 2 1 2 2 1 0.2982882842 1
2 3 1 1 3 1 0 3 0 1 2 2 1 3 2 3 0 1 3 3 2 2 1 3 1 3 3 2 3 2 3 2 1 1 1 0 0 0 0 3 1 0 2 2 0 2 0 0 2 3 0 0 1 3 0 1 1 2 1 0 3 2 3 3 0.3517525693 1
2 2 0 0 2 3 3 3 3 3 0 1 2 0 1 0 1 1 1 1 0 2 2 1 1 0 3 1 1 0 0 3 1 1 0 1 1 1 1 2 2 0 0 0 3 2 3 3 2 0 2 1 2 0 3 0 3 1 2 0 1 2 1 0 0.2898979486 1
3 1 2 3 2 3 0 0 1 0 3 0 2 3 1 0 0 2 3 2 3 2 1 1 3 1 1 3 3 3 0 1 2 2 1 1 1 3 0 3 3 1 1 2 3 0 1 2 2 0 1 2 3 3 0 3 3 0 0 0 2 3 0 3 0.5309869398 1
2 2 1 0 1 1 0 1 0 3 2 1 3 2 0 2 2 1 2 1 0 0 3 0 3 0 3 1 0 2 1 0 3 2 1 3 3 2 1 1 0 1 1 0 1 3 0 1 3 1 2 1 3 0 2 2 1 2 1 1 0 2 1 1 0.4037797985 1
1 0 3 1 1 3 2 1 0 2 3 0 0 0 1 2 0 0 1 2 1 0 2 2 3 3 2 0 0 2 0 0 1 1 0 0 2 1 1 3 3 3 0 3 1 2 2 1 2 0 0 0 2 2 3 0 1 0 2 1 3 3 1 0 0.4142135624 1
2 2 1 2 3 0 1 3 2 2 3 1 1 0 3 0 3 0 3 3 3 1 3 2 3 1 2 3 2 1 2 3 3 0 0 0 1 2 1 0 3 0 0 3 3 1 3 3 2 1 0 2 3 2 2 3 0 1 0 0 2 3 1 2 0.3395236023 1
2 1 1 0 1 3 1 1 2 2 2 3 2 3 3 1 0 1 3 1 2 3 1 1 1 1 1 3 2 1 1 3 1 2 2 2 3 3 2 3 2 0 2 3 2 0 3 3 3 0 3 0 0 2 2 2 2 3 0 0 2 0 3 1 0.312076478 1
2 2 1 2 0 3 1 3 3 0 2 0 0 0 0 0 3 0 2 1 1 1 3 3 3 0 0 1 0 0 2 0 3 0 3 3 2 3 0 1 0 1 0 1 2 3 1 2 2 0 3 1 3 0 0 2 1 1 2 3 3 2 2 0 0.2817532212 1
3 2 1 2 2 2 1 2 2 3 1 0 1 2 2 0 0 2 3 3 3 0 0 3 3 1 0 1 2 2 0 0 3 1 3 3 0 3 0 0 1 0 0 0 2 3 2 1 0 3 2 0 0 3 1 2 1 1 0 0 1 3 3 2 0.3419461227 1
1 3 0 2 0 2 0 0 3 0 3 2 3 3 0 0 0 3 2 0 1 3 0 1 3 0 2 0 0 1 2 2 0 3 1 2 1 0 3 1 3 0 0 0 0 3 2 3 0 0 2 2 3 3 3 1 0 1 0 2 0 0 3 2 0.2843480223 1
2 2 2 0 3 3 3 2 2 3 3 3 0 2 2 0 3 0 1 2 3 1 2 1 1 2 2 0 0 3 1 3 1 1 3 3 2 3 2 0 3 0 1 0 0 3 1 0 1 1 1 2 1 0 3 3 0 3 2 0 0 3 1 2 0.3126595927 1
0 0 3 0 3 2 0 3 1 0 0 2 0 2 3 3 0 2 3 2 3 0 3 3 2 3 1 0 3 1 0 2 0 1 2 1 2 0 0 1 1 1 1 3 0 1 2 3 3 1 0 0 0 3 2 1 0 2 2 2 0 1 3 1 0.2817532212 1
0 3 1 1 0 2 3 1 3 2 3 2 1 0 3 2 2 0 2 0 3 0 1 1 2 2 1 3 0 2 1 1 3 0 3 1 1 0 3 1 2 1 0 2 3 3 0 1 1 0 2 2 3 0 0 3 2 3 2 0 3 3 0 2 0.5071671483 1
2 1 3 1 1 3 1 2 1 2 1 0 1 0 3 0 2 0 1 0 3 1 1 2 0 2 3 1 3 0 2 0 1 3 1 1 3 2 2 1 3 0 1 0 0 2 1 3 3 1 0 0 0 2 3 1 0 1 0 2 0 2 3 0 0.4580268927 1
3 2 3 3 0 3 3 0 3 3 3 3 3 2 0 1 0 0 0 0 3 3 1 0 1 0 0 3 3 3 0 1 1 3 1 1 0 3 3 1 3 0 2 1 3 2 1 3 2 2 3 2 0 2 0 3 0 3 0 3 1 3 1 0 0.309647329 1
0 2 3 3 1 0 3 1 2 1 2 2 0 2 3 0 1 1 0 3 0 1 0 2 3 2 2 1 1 2 0 1 1 3 0 0 0 3 1 2 3 3 3 3 0 1 2 0 3 1 1 3 0 2 1 1 2 1 2 1 0 1 0 3 0.3832465159 1
0 2 0 3 2 0 3 0 0 0 2 2 3 1 2 3 0 2 3 2 0 2 1 3 2 1 2 2 3 2 2 1 2 0 0 0 1 3 2 1 3 0 1 0 3 2 3 2 2 0 1 1 3 2 0 2 0 0 3 2 2 1 3 0 0.3835303427 1
3 1 2 3 2 1 2 2 0 0 3 3 3 1 0 3 0 0 3 3 2 3 0 1 3 1 2 3 1 1 0 3 2 1 0 0 0 3 2 2 3 0 1 3 2 1 1 2 3 1 1 2 2 3 2 1 3 2 2 0 1 1 3 3 0.3327766311 1
2 1 0 2 1 2 3 3 0 1 0 2 3 1 1 1 1 1 3 2 0 1 0 0 2 2 0 1 1 1 3 1 2 1 2 0 1 1 3 2 3 1 1 2 3 0 0 1 3 0 3 1 0 3 1 1 1 0 0 2 2 0 2 3 0.353192067 1
0 2 0 1 2 1 3 0 3 3 3 3 3 3 2 1 3 3 3 0 1 3 0 0 2 0 2 3 1 1 1 1 0 3 1 2 3 3 0 0 1 3 1 3 0 2 0 2 1 0 2 3 0 0 2 3 3 2 2 0 2 0 1 3 0.5927255389 1
2 1 2 1 3 3 3 0 2 2 1 2 3 3 2 1 3 0 3 0 0 1 0 3 0 2 2 0 3 0 0 0 3 1 3 2 0 1 3 3 1 0 3 2 3 3 2 2 0 0 1 2 2 3 3 1 0 0 3 2 2 0 3 0 0.2898979486 1
3 0 1 2 2 1 3 0 0 1 2 0 2 0 0 2 2 3 3 3 2 3 0 1 0 0 1 1 0 3 3 1 0 2 3 0 0 1 3 1 2 0 0 0 2 3 0 3 3 2 2 2 0 0 1 0 1 0 1 1 3 1 3 1 0.3255563301 1
0 2 3 2 0 3 3 1 1 0 0 0 1 2 1 1 1 3 0 2 3 0 1 3 0 3 3 1 0 1 3 3 3 3 0 1 2 3 3 0 1 2 1 2 2 3 3 3 2 1 0 2 2 3 2 3 2 0 1 2 3 1 3 1 0.3315035164 1
1 2 0 1 3 1 3 1 0 1 1 2 3 0 2 1 2 2 3 0 3 2 0 1 2 0 3 0 0 0 2 0 3 3 0 3 1 0 2 0 2 2 1 1 0 0 3 3 0 0 3 2 1 2 1 2 3 1 0 0 0 1 3 1 0.4963760032 1
2 3 1 2 1 2 3 0 3 2 1 1 2 1 3 2 2 0 3 3 1 0 2 2 0 3 1 2 1 3 0 0 1 0 0 1 0 3 0 3 2 1 1 3 0 3 2 0 1 2 3 2 1 3 1 0 0 0 2 0 2 2 3 3 0.3244736208 1
0 0 0 3 2 2 3 2 3 1 2 2 2 0 2 0 1 0 1 3 0 2 3 0 2 0 3 0 0 1 1 1 2 0 0 0 3 0 2 1 0 0 2 3 0 1 3 0 2 2 2 0 3 0 0 3 1 2 0 2 2 0 2 1 0.4472135955 1
0 2 1 1 2 1 0 2 3 2 2 2 3 3 2 0 2 0 1 1 3 1 1 3 2 3 3 1 0 2 1 1 0 3 2 1 2 3 0 2 2 0 0 2 1 2 2 1 0 0 3 2 3 3 2 3 0 3 1 2 1 2 3 0 0.2971110716 1
3 0 0 0 1 2 0 2 1 1 0 0 3 0 2 2 2 3 2 2 2 1 2 2 1 2 2 1 1 1 1 1 1 2 2 0 1 0 1 1 2 3 0 2 0 0 0 0 2 1 1 1 0 2 0 3 0 1 2 2 2 0 2 1 0.4373125559 1
1 2 0 1 0 1 1 2 2 2 1 3 2 3 1 0 0 1 3 1 0 0 3 0 1 1 0 1 2 1 3 3 1 0 2 2 0 2 0 3 2 3 1 0 0 2 1 0 1 0 1 2 2 0 2 3 2 2 2 2 0 2 0 3 0.6492741221 1
3 2 2 1 3 0 1 0 3 0 0 1 3 0 2 2 2 1 2 3 1 2 3 3 2 1 2 3 1 3 3 2 3 3 1 2 1 3 1 2 3 2 0 2 1 3 2 0 3 0 1 2 1 2 3 0 1 0 3 2 1 3 2 1 0.3655178698 1
2 2 3 3 2 0 1 3 3 1 2 2 3 3 3 2 3 1 1 0 0 2 1 3 3 3 1 2 3 0 3 2 0 2 0 2 2 1 2 2 3 1 2 2 1 3 1 3 2 1 1 3 3 2 0 0 2 1 0 1 1 0 3 2 0.4779036016 2
1 2 3 3 0 3 3 0 0 2 0 2 3 2 0 1 0 2 1 3 2 3 3 3 3 1 1 2 3 0 0 1 3 2 3 1 0 0 1 1 2 2 0 0 0 0 1 2 2 0 0 3 0 1 0 1 0 1 0 0 2 2 0 0 0.3018893954 2
1 3 0 0 3 0 2 2 3 1 2 2 2 1 1 0 0 1 3 2 0 1 1 0 0 0 3 3 2 1 2 2 3 1 3 1 1 0 3 0 1 0 1 0 0 0 1 2 2 3 3 2 1 0 1 1 2 0 1 1 1 3 3 0 0.3272115566 2
2 0 2 3 0 3 0 0 3 0 1 3 1 1 2 0 1 0 1 0 3 3 2 2 0 1 0 3 3 2 2 1 2 1 2 1 2 2 3 2 1 0 0 2 0 2 2 2 3 0 0 1 0 2 2 0 0 1 0 0 0 2 2 2 0.4125411639 2
0 1 2 2 1 1 1 2 2 3 2 1 0 3 0 3 0 0 0 0 0 0 1 3 0 2 1 0 0 0 3 2 1 2 1 2 1 1 3 1 3 1 0 2 1 3 3 3 2 3 2 1 3 3 2 2 3 2 2 3 1 1 2 0 0.3742150424 2
2 2 3 1 1 2 0 2 3 0 0 1 1 2 1 2 0 1 0 2 2 1 3 2 2 1 1 3 1 1 0 3 1 0 0 1 2 3 3 2 0 2 3 1 1 3 1 3 1 0 0 1 0 1 1 1 1 1 3 2 3 1 2 1 0.3228711405 2
2 2 3 3 3 0 0 2 2 0 3 0 2 0 1 0 0 1 3 2 2 3 3 0 3 0 0 2 3 1 2 2 2 0 0 3 3 1 0 0 1 0 1 1 1 3 2 3 0 1 0 1 0 2 2 1 2 1 2 0 0 3 0 1 0.3813213818 2
3 1 0 0 3 2 1 3 3 3 2 2 0 1 0 0 3 2 1 3 0 1 1 1 1 2 2 2 1 2 3 2 2 1 2 1 2 2 0 2 3 3 0 2 3 0 1 2 3 2 2 2 2 3 1 1 0 2 2 2 2 3 0 1 0.2892764577 2
0 1 2 3 0 2 3 2 3 2 1 3 0 0 0 2 1 0 0 3 1 3 2 3 2 1 0 0 0 2 0 1 2 3 1 2 1 2 0 1 2 2 3 0 3 3 0 2 3 0 0 3 3 0 2 3 0 3 2 3 2 3 0 2 0.30155175 2
3 3 3 2 0 2 0 1 0 2 0 1 3 3 0 2 0 1 1 0 0 3 0 2 3 2 2 0 3 2 2 1 2 3 3 1 3 2 3 1 1 1 0 1 0 2 3 2 2 3 0 3 3 0 1 3 3 1 2 3 0 2 2 0 0.3460734657 2
0 0 1 1 0 3 2 3 2 2 3 1 0 3 1 2 0 0 0 2 3 0 1 0 2 0 1 3 0 3 1 2 2 2 3 3 0 3 1 2 3 1 1 0 0 1 1 2 2 1 0 2 2 2 2 2 0 1 1 0 2 0 1 1 0.3010544585 2
0 0 2 2 3 2 0 0 2 3 0 0 0 1 0 0 3 3 3 2 3 3 1 3 3 1 2 0 1 2 0 1 2 0 2 0 1 3 2 3 3 1 1 2 3 2 0 0 2 0 1 2 1 0 0 0 1 2 1 0 0 2 0 1 0.4346414493 2
1 1 2 0 0 1 3 1 2 2 2 1 2 1 2 2 2 1 0 1 1 1 2 2 3 0 2 3 1 2 3 2 3 3 3 0 1 2 2 0 3 2 1 3 1 2 0 3 0 3 1 1 1 3 3 3 1 2 2 2 2 3 0 2 0.4142135624 2
3 3 1 0 3 1 0 0 2 1 2 1 1 0 3 2 3 3 3 1 2 2 1 0 2 2 2 2 3 3 3 2 1 2 0 2 2 1 0 2 1 3 1 2 2 1 1 3 2 0 3 3 2 1 3 3 1 0 2 3 2 1 2 0 0.639382093 2
1 1 2 1 1 2 3 1 1 0 3 3 0 0 0 1 0 1 0 0 3 3 0 2 0 0 0 0 2 3 2 0 2 1 1 1 2 1 2 2 0 3 0 0 0 1 3 3 2 1 3 3 0 0 0 1 2 3 3 3 3 3 2 2 0.2889560921 2
0 1 1 3 1 3 3 2 2 0 1 1 2 2 2 0 3 2 0 1 0 1 3 0 0 0 3 0 0 0 3 1 0 2 3 0 3 2 0 1 3 0 0 1 1 0 3 1 1 2 1 0 0 3 2 1 0 2 1 1 3 1 0 2 0.3648939865 2
3 3 3 1 1 1 0 0 3 1 3 1 0 2 1 3 3 1 3 3 1 3 2 0 0 3 1 0 3 3 2 3 0 3 0 3 0 0 0 0 1 2 3 0 0 0 0 1 2 1 2 2 1 3 0 2 0 0 0 3 1 0 0 0 0.3591668572 2
0 3 2 0 1 3 1 1 1 3 0 1 2 0 2 2 1 2 2 3 0 2 2 1 3 1 2 3 2 3 1 3 0 2 2 0 1 3 0 0 0 2 3 3 2 3 1 3 3 2 3 2 1 1 1 3 2 2 1 0 2 1 0 1 0.363892531 2
0 3 3 2 3 1 0 3 3 1 1 1 0 1 1 1 3 1 3 0 0 0 0 1 0 0 2 1 2 1 0 3 2 3 1 2 2 3 3 0 2 3 2 1 0 0 2 1 1 2 0 2 0 1 3 2 3 1 2 2 3 0 1 3 0.4191070293 2
0 2 0 2 2 3 0 2 3 3 2 1 3 3 3 2 2 2 0 2 3 1 0 2 3 3 0 3 3 3 3 0 1 1 0 1 3 3 0 3 3 0 3 1 2 0 0 0 2 2 3 0 1 2 3 3 2 1 0 3 2 0 2 0 0.3847411572 2
1 2 1 1 1 1 0 3 3 1 2 1 2 2 0 3 3 0 2 0 0 2 3 1 0 2 3 3 2 1 3 2 1 3 0 3 3 0 1 3 1 2 1 2 3 1 3 2 0 2 2 0 2 2 1 0 2 1 3 2 1 1 3 1 0.2878387185 2
3 2 0 0 0 2 0 0 0 2 0 0 2 2 1 1 0 2 1 0 1 1 0 0 2 3 2 1 0 2 0 0 3 2 1 3 3 1 1 0 1 3 0 0 0 3 0 3 2 1 0 0 3 2 0 3 0 0 1 2 1 1 0 3 0.2895133099 2
1 3 2 3 3 2 3 1 3 1 3 3 1 2 3 1 0 0 3 1 3 2 1 2 0 0 0 0 3 3 1 2 1 2 1 2 0 2 2 1 1 1 3 3 0 2 0 1 0 1 0 1 0 0 3 2 2 3 1 2 0 3 0 0 0.7293039946 2
3 0 0 0 1 0 0 1 2 1 1 0 0 0 3 3 3 1 1 3 3 2 0 2 2 1 2 3 1 2 0 3 0 1 0 0 3 3 0 1 1 1 0 1 1 3 0 0 2 0 1 0 1 1 1 0 3 0 1 0 1 3 0 0 0.3539604037 2
1 0 0 2 0 1 2 1 3 1 0 3 2 0 1 0 1 1 2 0 2 2 2 3 0 3 1 2 1 3 1 2 2 3 1 2 1 1 3 0 2 2 2 3 2 3 1 3 0 2 2 0 2 3 3 3 1 0 1 0 0 0 3 3 0.3055166403 2
2 1 0 2 2 1 2 0 2 2 0 1 0 3 0 3 3 3 1 2 0 1 1 2 0 2 2 3 0 0 1 1 2 0 0 2 0 1 2 3 3 2 3 1 3 3 2 0 3 0 3 3 0 3 1 3 0 1 0 2 3 2 3 2 0.4493617321 2
2 3 2 2 0 2 3 0 1 3 1 0 0 1 1 0 3 0 3 3 0 1 0 0 1 1 2 3 0 0 0 2 0 1 1 3 3 0 0 3 3 0 0 2 2 0 3 3 1 1 3 3 1 2 0 2 3 1 2 1 1 2 1 3 0.2783531573 2
0 3 2 1 0 3 3 1 2 1 2 3 1 3 1 2 1 0 0 1 0 3 3 3 2 1 2 1 3 1 0 2 0 0 3 1 3 1 3 1 1 0 1 1 1 0 1 2 2 1 3 2 1 0 0 0 1 0 1 2 3 1 2 0 0.3457554802 2
3 0 2 1 1 0 3 0 1 2 3 2 3 1 1 0 1 2 2 0 2 1 1 2 2 0 1 2 1 3 0 0 2 3 2 3 2 3 3 3 2 0 1 0 3 3 1 3 0 0 3 2 2 3 1 3 2 0 0 3 1 2 0 0 0.3102148911 2
2 1 0 3 1 3 3 1 0 1 3 2 3 3 1 0 0 1 3 0 1 2 1 3 0 1 3 2 0 0 0 1 1 0 2 0 0 2 0 1 3 1 2 3 2 1 0 0 3 2 0 1 3 2 3 3 1 1 2 0 3 0 3 1 0.2898979486 2
2 2 1 3 3 3 0 1 1 3 1 1 3 1 3 2 0 2 3 3 3 0 0 3 3 0 1 2 2 2 0 3 2 2 1 2 3 1 1 1 3 3 2 3 0 1 3 0 3 3 3 2 0 1 3 0 3 3 2 0 2 0 0 0 0.2996745162 2
1 3 2 2 3 3 3 1 2 1 3 3 0 3 3 3 1 2 3 3 2 0 3 3 3 3 3 2 2 2 1 2 0 0 2 3 0 1 0 0 3 3 3 1 0 0 1 3 0 2 1 0 0 2 3 2 1 1 3 0 1 2 0 3 0.395590895 2
0 1 2 3 2 3 3 3 2 1 3 2 0 0 1 3 2 0 2 1 1 2 1 3 1 1 3 0 2 3 1 3 1 3 3 0 0 3 1 3 1 0 0 2 0 3 1 0 1 0 2 2 0 0 0 2 1 0 2 0 3 0 3 2 0.4142135624 2
1 0 1 2 3 1 2 2 0 3 1 1 1 1 2 3 0 2 0 1 3 2 1 3 2 2 1 3 3 2 3 0 1 1 2 0 1 3 1 0 3 3 1 2 0 1 2 2 1 0 2 0 3 0 3 3 3 3 1 3 1 3 0 1 0.3439144051 2
0 0 2 3 1 0 1 1 3 1 3 0 2 1 1 0 0 3 0 1 1 2 3 2 0 2 0 3 3 2 3 0 2 2 2 1 0 3 2 0 1 1 2 0 1 1 3 3 0 0 3 2 2 2 2 2 1 0 2 0 3 1 1 3 0.4224917147 2
1 3 2 2 0 3 0 1 0 2 3 0 0 3 2 0 1 3 0 1 0 3 3 2 2 1 1 1 3 1 3 0 3 2 1 1 3 2 0 1 2 2 0 0 0 2 3 0 1 2 3 3 2 2 3 0 0 3 1 0 1 2 2 0 0.2942840346 2
2 3 3 2 0 2 0 0 2 3 1 3 2 2 1 0 3 0 3 3 1 2 2 2 3 2 2 2 1 3 2 2 0 2 0 3 0 3 2 1 1 1 1 2 0 2 1 2 3 1 0 0 0 1 0 2 2 2 1 1 1 1 0 2 0.301691577 2
0 3 0 0 2 1 3 2 1 3 3 1 2 2 3 0 1 1 2 0 1 1 3 0 1 2 3 1 3 3 0 1 3 3 1 0 2 1 3 0 3 3 3 0 2 1 2 0 0 3 0 0 2 2 2 3 2 3 0 2 2 0 1 1 0.2958353457 2
0 2 1 0 2 1 3 3 0 0 0 1 0 3 2 2 0 2 2 2 0 3 1 0 0 1 1 3 3 1 1 2 3 0 3 0 1 3 3 2 0 1 2 1 0 2 3 2 1 1 2 2 3 3 2 0 3 2 3 3 2 3 2 2 0.3210538243 2
2 2 0 3 1 2 1 1 0 1 0 1 2 3 2 2 0 0 3 0 3 2 2 3 1 2 3 3 3 0 1 1 2 3 0 2 2 3 2 0 1 0 1 2 0 0 2 0 2 2 1 1 0 0 3 1 1 1 1 2 3 2 2 0 0.3410072036 2
0 0 0 1 2 0 3 3 2 2 2 0 0 0 1 2 0 3 0 1 0 1 3 2 3 2 2 2 2 2 2 1 0 2 0 2 3 0 2 2 2 3 1 3 2 3 3 2 1 0 3 0 1 0 3 2 1 0 3 1 1 1 1 2 0.3364806498 2
0 2 3 0 3 0 1 1 1 0 2 3 0 2 0 0 0 1 1 2 3 3 3 0 0 3 1 0 2 3 0 1 0 0 2 2 0 3 3 3 0 2 1 2 2 1 0 2 0 0 2 0 0 2 1 2 2 0 0 1 0 2 3 0 0.2847717222 2
2 1 0 1 1 0 3 2 1 1 0 2 3 1 0 0 0 0 3 3 2 1 0 0 0 2 1 0 3 0 0 2 1 0 0 0 1 3 3 0 3 3 0 0 0 3 0 3 2 3 0 3 0 1 1 2 0 0 0 3 1 0 1 0 0.3222866274 2
3 1 0 0 1 1 2 3 0 0 1 0 1 1 0 0 0 3 0 2 1 1 1 0 1 3 0 0 2 1 3 2 3 3 1 1 1 0 2 3 3 0 3 3 1 1 0 0 1 0 0 1 0 0 3 2 2 2 3 2 0 0 1 2 0.441769316 2
0 3 2 0 2 1 2 1 2 1 1 3 0 0 2 0 0 0 2 2 3 2 1 3 0 0 3 3 1 3 1 2 0 0 2 0 0 1 2 0 0 1 1 0 0 3 0 2 2 2 0 0 2 2 2 1 1 0 1 0 0 1 3 0 0.4097489124 2
3 1 2 2 1 0 1 1 1 3 0 3 2 2 2 0 3 1 3 0 1 3 0 0 1 3 3 3 3 1 2 2 3 1 3 1 2 1 3 2 1 3 0 3 2 1 2 3 2 3 3 2 0 0 1 3 2 1 0 1 1 3 1 0 0.375585761 2
1 1 1 1 1 2 3 1 2 3 3 0 3 1 0 0 3 3 3 2 3 2 2 3 0 3 3 2 3 2 3 2 1 0 0 3 1 2 1 1 0 3 0 0 0 0 1 0 2 2 3 2 0 3 0 1 1 1 1 0 2 1 0 2 0.3345232984 2
3 1 1 3 2 3 1 0 1 2 0 1 0 1 3 3 1 0 2 1 1 3 3 1 1 2 2 2 2 0 3 3 1 3 0 0 3 0 0 3 1 2 2 1 0 0 0 3 2 2 3 1 2 3 0 3 1 1 2 0 2 2 2 0 0.5531708459 2
2 3 1 3 1 0 1 1 1 1 0 1 0 2 1 1 3 0 3 2 2 2 0 3 0 0 3 2 3 1 1 0 2 2 3 1 1 0 1 0 3 2 3 2 0 2 0 1 2 3 0 3 3 3 3 2 3 3 0 0 3 1 3 1 0.395590895 2
3 2 2 1 0 3 1 3 0 2 2 1 3 3 1 3 2 0 3 1 1 2 3 3 1 1 1 2 2 0 2 0 3 2 3 0 3 3 1 3 1 1 1 1 2 0 3 3 2 2 1 0 3 0 1 1 0 2 2 0 0 2 0 2 0.3102148911 2
0 2 2 1 0 2 3 3 1 1 0 0 1 0 3 1 1 3 3 2 1 1 1 3 0 1 2 2 3 1 2 1 1 3 1 0 2 1 0 2 0 1 3 1 0 1 0 1 3 3 2 2 3 1 0 0 2 2 0 1 2 3 2 1 0.3572822687 2
0 2 0 0 0 1 3 2 1 1 1 0 2 0 3 1 0 0 1 3 0 3 0 1 0 0 2 1 0 1 3 0 1 2 3 1 2 2 2 0 3 1 0 0 3 1 0 0 3 3 3 2 1 0 0 0 1 0 0 0 3 1 0 2 0.303785526 2
1 1 1 0 1 2 3 2 3 1 1 1 2 0 0 2 3 2 0 0 1 0 0 2 2 2 0 0 3 3 0 3 0 1 3 3 3 2 2 0 0 3 3 0 3 2 0 2 1 2 1 2 0 2 0 2 1 1 2 3 3 2 0 1 0.3408917754 2
1 3 1 2 3 3 3 3 3 2 2 0 0 3 0 0 2 0 0 3 2 3 3 1 2 3 2 0 0 2 0 0 3 0 3 1 1 3 1 3 2 2 0 1 0 0 0 0 3 0 2 3 3 2 0 3 0 0 1 0 2 1 2 2 0.2898979486 2
1 1 0 0 1 1 2 2 2 1 1 2 1 3 3 3 1 0 3 0 3 1 0 1 0 3 2 0 0 1 1 0 2 3 0 2 2 3 2 0 2 3 2 3 0 3 1 3 2 0 0 1 2 1 1 3 3 2 3 0 1 3 2 0 0.4052420579 2
1 1 2 2 1 2 3 1 2 3 2 2 2 2 1 3 2 3 1 2 0 1 0 3 0 3 3 2 1 0 3 2 1 3 1 2 1 1 2 3 2 1 2 1 1 2 2 1 0 0 0 1 0 1 1 0 2 2 3 0 0 3 1 2 0.3564805629 2
1 3 2 3 1 2 0 0 0 0 1 3 0 2 2 1 0 0 0 0 0 3 0 1 1 0 0 2 0 2 2 3 0 0 0 1 2 3 3 1 3 1 0 1 1 1 1 1 3 2 0 1 0 2 1 0 1 3 2 3 1 1 1 1 0.375585761 2
1 0 2 1 1 0 3 2 1 1 0 1 2 1 3 0 3 0 0 3 1 1 0 1 1 2 0 1 1 3 0 3 1 3 2 0 1 0 0 2 1 0 1 3 3 0 2 2 1 0 0 1 3 0 3 3 3 2 0 3 0 2 0 3 0.3302867025 2
1 0 0 2 1 3 2 3 1 0 0 0 2 2 0 0 0 3 0 3 3 0 2 2 1 0 0 1 1 3 0 0 3 3 1 0 2 1 0 3 1 2 1 3 1 1 2 2 0 0 1 0 2 3 2 2 0 0 0 3 1 2 0 1 0.3102148911 2
0 0 0 0 1 3 1 3 0 3 3 3 1 2 0 0 0 1 1 3 1 3 2 3 2 2 0 0 2 1 1 0 3 0 0 2 0 2 1 1 2 1 0 3 1 0 2 0 3 1 0 2 1 0 0 0 0 0 1 3 3 0 0 0 0.388756727 2
0 2 2 1 2 2 3 1 0 2 1 0 2 3 1 2 0 3 0 2 2 1 2 3 3 3 3 1 3 2 2 3 0 0 0 1 0 2 0 0 3 3 0 3 0 2 0 2 0 2 0 3 3 3 3 1 1 2 0 3 0 1 3 0 0.4195012931 2
1 2 0 0 1 1 0 0 1 2 1 1 0 1 2 1 3 3 2 3 3 3 2 0 0 3 3 2 0 2 3 3 0 3 2 0 2 2 1 2 3 2 1 1 2 0 1 1 2 2 1 2 2 0 3 0 2 3 3 3 0 2 0 2 0.3095138673 2
3 2 1 3 1 2 1 2 0 1 1 3 0 1 0 3 0 2 0 2 1 2 3 3 3 1 3 2 3 3 2 1 0 2 3 2 2 2 0 3 3 3 3 2 0 1 0 1 0 1 3 3 2 1 1 0 0 0 1 0 1 0 3 2 0.3418020796 2
2 1 1 0 0 3 3 1 3 2 0 3 3 3 2 3 2 3 0 3 1 1 1 1 0 1 0 3 3 1 1 0 3 1 2 2 2 0 3 3 3 3 0 2 0 2 0 1 3 3 0 3 0 1 3 3 0 1 1 0 3 0 1 2 0.2822611622 2
3 2 1 3 1 0 0 1 3 1 3 1 0 2 3 0 2 3 2 2 1 1 2 2 2 0 1 0 1 2 2 0 3 1 2 0 0 3 0 3 0 1 1 0 0 1 1 1 1 3 3 3 0 1 1 0 2 1 2 3 3 2 3 0 0.3724476299 2
0 0 1 3 0 1 3 3 1 3 1 2 1 2 0 3 3 3 2 3 2 0 3 3 1 2 1 2 2 3 1 2 0 1 0 1 1 3 0 1 0 2 3 0 1 2 1 2 1 0 1 2 3 2 1 3 0 0 3 0 3 2 0 3 0.3439144051 2
3 0 2 3 0 1 0 1 2 2 2 0 2 2 1 0 2 0 1 2 0 0 2 0 0 1 1 2 1 3 3 0 2 2 1 1 2 1 3 0 1 0 1 2 1 2 0 1 3 2 1 1 1 0 0 3 1 2 0 0 3 2 0 1 0.304978078 2
3 3 1 0 0 1 2 2 1 3 0 3 2 3 0 0 2 1 3 2 0 3 2 2 0 3 2 3 1 2 1 0 3 0 0 0 3 3 3 0 2 2 2 0 3 0 0 0 1 3 1 1 1 2 0 1 3 1 2 0 3 3 1 0 0.3439144051 2
0 2 0 3 2 1 2 0 2 1 0 3 2 0 0 1 1 0 2 1 3 0 0 0 3 2 1 0 2 3 3 3 2 1 0 1 2 3 2 2 0 0 0 0 2 1 2 3 2 0 0 2 2 2 0 0 3 3 0 2 3 1 1 3 0.4037797985 2
3 1 0 2 3 0 2 2 0 0 3 2 3 2 3 2 3 0 2 1 0 1 2 1 1 3 3 0 3 1 0 0 3 2 1 2 0 3 3 1 2 1 0 2 0 0 1 0 2 0 0 2 2 1 0 3 1 1 3 3 3 1 0 3 0.3255563301 2
1 0 0 0 3 3 3 1 1 0 3 1 1 0 1 0 0 1 1 2 0 1 1 2 0 3 0 0 1 1 1 1 3 3 3 1 3 0 3 2 3 2 1 2 3 1 1 1 3 0 0 2 3 2 3 2 2 2 0 1 2 1 1 0 0.309647329 2
3 1 1 1 0 0 3 0 2 2 0 1 0 3 0 2 3 1 0 3 0 2 2 2 3 3 1 0 2 0 0 1 2 3 2 0 3 0 3 0 2 3 3 1 2 1 2 0 1 2 0 0 0 1 0 1 2 3 1 0 3 0 2 1 0.502444587 2
3 1 3 2 1 0 0 1 3 2 3 3 3 2 2 0 3 2 3 0 0 2 0 2 2 3 1 3 1 3 3 0 0 1 3 3 2 0 0 2 2 1 0 2 1 2 1 0 0 1 1 2 1 0 3 1 0 2 3 2 2 2 3 3 0.4045492487 2
0 0 3 1 0 1 2 0 1 2 0 3 0 3 2 3 2 2 0 2 1 1 1 0 2 2 1 0 2 3 0 3 1 2 0 0 1 1 3 2 2 0 0 1 1 2 0 2 0 2 2 3 0 2 3 0 3 0 3 1 2 0 0 0 0.3092983413 2
3 3 0 3 3 3 1 0 0 3 2 1 0 1 2 0 3 2 0 2 1 1 3 3 2 1 1 0 2 3 2 1 2 2 2 1 1 0 3 0 2 3 0 1 0 3 3 0 1 0 2 3 3 1 0 3 2 0 0 1 1 2 2 3 0.2793857309 2
0 3 1 2 1 3 3 3 0 3 0 1 1 1 3 2 1 0 3 1 1 1 0 3 0 2 2 0 3 2 3 3 1 1 1 0 2 0 0 0 0 3 3 2 3 3 2 1 0 1 0 1 3 0 3 2 0 2 0 2 3 1 0 0 0.3724476299 2
1 2 2 1 0 3 1 1 2 0 2 0 3 3 0 3 0 1 2 2 1 1 1 2 0 1 2 0 2 3 2 0 2 3 2 2 1 0 2 2 1 0 1 2 3 1 1 1 0 2 2 2 3 2 2 0 1 2 0 1 0 0 2 1 0.317756027 2
1 0 3 0 1 3 0 1 0 2 3 2 0 0 0 2 0 0 1 1 3 2 1 3 1 0 1 3 2 2 0 0 2 1 0 2 1 1 0 2 0 3 3 0 3 1 3 3 2 2 0 3 1 1 3 3 2 3 0 0 3 2 1 1 0.3484826572 2
2 1 0 0 3 2 2 2 0 1 0 1 2 2 3 2 0 1 0 2 0 0 3 1 1 2 2 3 0 2 1 1 3 1 2 2 0 0 1 0 2 0 1 2 0 1 2 0 0 2 1 2 3 0 2 2 0 3 1 2 2 1 2 1 0.4472135955 2
0 3 2 2 0 3 0 3 0 0 3 1 0 2 0 1 1 0 0 2 0 0 2 0 1 2 1 0 3 3 3 3 2 2 0 1 1 1 2 1 0 1 3 3 2 2 0 1 0 0 0 1 1 2 3 2 0 0 2 1 1 2 0 2 0.753768754 2
1 3 3 3 0 3 2 1 2 0 1 0 2 0 0 1 3 0 3 3 0 3 0 1 0 1 0 0 1 0 0 2 0 2 1 3 0 1 3 3 3 1 0 2 2 2 0 1 3 2 0 1 2 1 3 0 1 0 2 2 1 3 2 1 0.3157755779 2
2 1 0 3 3 1 1 2 2 1 3 3 3 1 1 2 1 2 2 2 2 0 2 2 3 3 3 0 1 2 0 0 1 2 1 3 3 0 1 3 0 0 0 2 1 3 1 1 0 0 0 2 3 2 1 2 3 3 2 2 1 0 2 1 0.3476790322 2
0 0 2 1 1 1 0 1 0 2 0 3 2 3 1 0 1 1 3 3 1 3 2 3 3 0 3 3 1 1 2 2 2 1 0 3 2 3 3 0 1 1 0 1 2 2 0 1 3 3 0 1 1 0 3 1 3 1 3 0 0 3 0 1 0.3018893954 2
2 1 3 0 3 3 2 0 0 3 0 1 0 1 2 0 0 3 0 2 0 1 1 3 0 1 2 3 0 1 2 3 3 1 1 2 3 1 1 3 3 2 3 0 1 3 2 0 0 0 1 3 0 3 2 3 3 0 2 0 0 0 1 3 0.288894617 2
2 1 1 2 0 1 3 0 0 2 1 1 2 0 2 3 3 2 0 1 0 2 0 3 3 2 2 0 3 0 3 3 0 1 3 2 1 3 3 0 3 0 2 3 2 3 0 1 0 2 3 1 1 0 0 1 1 2 1 2 2 2 1 2 0.454311603 2
0 3 2 2 2 3 1 1 1 2 2 1 3 3 3 0 3 2 1 0 3 3 3 0 3 1 1 0 2 3 2 2 0 3 2 1 3 2 3 1 2 1 0 2 2 3 2 2 0 3 3 3 0 2 2 1 2 2 0 3 2 3 3 1 0.2985791519 2
0 1 1 0 3 2 0 0 2 3 1 0 0 0 0 0 1 0 3 3 0 0 1 0 2 1 1 0 1 3 1 0 2 1 1 0 1 2 0 2 0 3 2 2 3 0 1 0 2 0 2 0 2 3 3 2 0 2 1 1 2 2 0 3 0.3804245211 2
1 3 0 1 3 0 1 0 2 3 0 0 3 1 1 0 2 3 3 1 3 2 3 3 3 1 3 1 3 2 0 1 3 2 1 3 3 3 3 3 0 3 2 0 0 0 3 3 2 3 2 3 0 1 1 1 0 3 0 1 3 0 2 3 0.2818130142 2
3 1 1 2 3 0 2 3 0 1 2 2 0 3 3 2 2 3 3 0 2 2 0 2 1 2 0 3 0 2 3 1 0 3 3 2 0 2 0 0 1 1 0 0 3 1 1 1 1 1 1 3 3 3 0 3 1 1 0 2 0 3 0 1 0.3244736208 2
2 1 3 0 2 0 1 2 0 0 1 2 1 3 3 0 0 0 2 0 0 0 3 0 0 2 3 2 3 2 0 1 0 2 0 1 1 3 0 1 2 1 0 1 3 2 0 2 2 3 3 2 3 2 3 3 0 3 0 0 1 0 1 1 0.2859929126 2
1 1 1 2 3 0 0 3 3 3 2 2 1 0 0 3 3 1 2 2 1 0 3 2 0 1 3 2 3 1 1 0 2 2 2 2 3 2 2 1 0 0 0 0 2 1 1 0 3 1 3 1 3 1 3 2 0 3 2 0 1 0 0 3 0.2928865249 2
2 2 2 3 0 2 3 0 2 1 1 0 2 1 0 2 2 0 1 2 1 1 3 3 3 0 0 3 2 3 0 2 0 2 3 3 1 1 0 1 3 1 3 0 0 0 0 3 0 2 0 1 2 1 2 0 0 1 0 2 2 2 1 0 0.379261948 2
0 1 0 3 2 1 1 1 1 1 0 0 2 2 2 3 2 1 1 3 0 2 0 2 3 1 0 2 1 3 0 0 1 2 1 0 1 2 0 3 1 1 0 2 1 0 0 2 1 3 1 1 3 0 2 0 2 0 3 2 2 2 1 2 0.363892531 2
0 2 2 1 0 3 0 3 3 2 2 1 0 0 3 3 0 1 3 3 3 3 0 3 1 1 0 2 3 3 2 1 2 3 1 1 3 0 3 3 0 0 0 0 2 3 2 3 0 3 0 1 0 3 0 2 3 2 1 3 0 3 1 0 0.7550504768 2
2 0 0 0 3 3 3 0 0 0 2 3 2 0 0 2 3 0 3 2 2 0 2 2 3 2 2 2 2 0 2 2 1 1 1 0 1 0 1 0 3 1 0 2 0 0 0 2 1 0 2 1 0 2 1 1 2 1 2 2 1 1 3 1 0.3638239079 2
2 2 2 3 1 0 0 1 0 0 3 0 2 1 0 1 2 2 2 3 1 2 0 2 1 3 1 3 2 3 3 2 3 1 3 2 2 0 0 2 1 3 1 0 3 2 1 3 1 2 2 2 3 1 0 1 1 2 3 1 1 1 0 1 0.3465901709 2
0 3 2 3 3 1 2 3 2 1 1 3 0 1 3 3 2 2 0 2 2 1 2 2 0 1 3 0 0 2 3 1 1 0 2 3 0 2 2 3 3 3 1 2 1 1 2 0 1 3 1 2 3 0 0 0 1 2 3 3 1 2 0 2 0.3572822687 2
1 2 3 3 3 2 1 1 0 2 1 2 0 0 3 1 3 1 1 1 0 3 0 2 1 3 3 3 1 3 1 1 3 0 2 3 3 3 0 2 1 3 3 1 3 0 1 0 3 2 2 1 1 1 2 2 1 0 2 3 0 3 1 2 0.4627853301 2
3 3 1 3 2 2 1 3 0 2 0 2 2 3 1 1 0 0 3 0 2 2 2 3 1 3 3 2 1 3 1 1 3 3 1 1 1 2 2 3 0 3 2 3 1 0 0 2 3 2 0 2 0 2 1 1 2 2 2 1 2 2 1 2 0.2906978689 2
3 3 1 3 3 2 3 0 0 3 0 0 1 1 2 0 0 2 1 3 1 0 3 0 3 3 2 1 3 2 0 3 0 0 0 0 0 3 0 3 2 3 1 3 3 2 2 0 3 2 0 1 3 1 3 3 1 3 2 1 1 2 0 2 0.300227391 2
0 1 1 0 1 0 2 2 1 0 2 3 3 0 2 0 1 1 3 2 2 3 0 0 0 3 1 0 0 3 1 1 1 0 1 3 3 2 1 3 1 2 3 3 1 2 1 3 0 1 3 2 2 0 3 0 1 3 0 1 0 3 0 1 0.2963204151 2
3 3 0 1 0 3 3 0 1 2 3 3 2 1 0 0 3 3 3 1 2 2 3 3 1 3 3 1 1 2 3 3 1 1 2 1 1 0 3 1 2 0 1 3 2 3 2 0 0 2 1 0 2 1 1 3 3 3 0 1 2 2 2 3 0.4228979929 2
1 3 2 0 3 3 0 2 1 1 2 2 2 3 2 1 1 3 3 0 3 1 3 3 0 2 3 1 0 2 3 3 1 3 3 1 2 2 3 0 1 0 0 0 3 3 2 0 2 1 0 2 1 0 2 3 2 3 2 2 1 0 0 0 0.2804379536 2
1 2 3 3 3 3 3 0 0 1 1 3 2 2 0 0 2 0 2 2 0 0 2 3 3 2 1 2 3 1 0 3 3 2 2 3 1 0 3 2 1 1 0 3 0 1 0 0 0 1 2 2 3 2 0 0 0 1 3 2 3 1 3 2 0.2861577002 2
0 3 2 1 3 3 1 0 2 2 1 1 0 2 0 1 3 2 1 2 2 1 2 2 0 2 0 2 1 1 0 0 2 2 2 0 0 3 3 1 0 3 2 3 3 2 2 1 3 2 1 2 2 3 1 0 1 3 0 0 3 2 1 2 0.3326052574 2
2 2 3 2 0 3 2 1 0 2 3 0 0 0 0 0 0 2 1 3 2 0 0 3 0 3 2 1 3 1 1 1 3 3 0 3 3 2 2 3 3 3 1 2 2 3 0 3 0 1 0 3 3 1 1 3 1 3 2 3 1 3 3 3 0.2877347861 2
1 0 0 1 2 1 2 2 3 2 2 3 2 2 0 1 1 2 1 1 2 2 2 1 3 0 2 1 3 0 0 0 2 3 3 2 1 2 0 1 1 1 2 1 2 0 3 3 0 3 3 3 0 3 0 3 2 0 3 3 2 0 3 0 0.3223452401 2
1 0 1 1 2 1 1 2 2 1 0 2 1 1 0 2 1 3 2 2 3 2 3 2 0 1 3 0 0 3 3 3 1 0 0 3 0 1 0 0 3 2 1 1 3 0 2 0 1 0 0 3 0 1 1 0 3 2 1 2 2 3 0 2 0.4201200277 2
1 3 3 1 3 1 2 3 1 3 3 2 2 0 1 0 1 2 1 3 0 1 2 0 1 0 0 3 2 2 2 2 3 2 0 3 3 2 2 2 1 2 3 1 0 1 1 0 1 0 3 2 2 2 3 3 1 1 0 0 0 0 0 3 0.2887244073 2
0 2 0 2 2 0 0 2 0 0 0 3 2 0 1 0 1 2 3 3 0 3 1 2 1 0 0 1 3 1 3 3 3 2 0 1 1 1 0 0 1 0 1 2 2 1 3 0 2 1 0 2 1 3 1 3 3 2 1 0 1 1 0 1 0.304113536 2
0 2 2 0 2 3 3 2 0 3 1 1 2 2 2 2 0 0 2 2 3 3 0 2 3 2 1 0 2 2 1 3 2 0 3 3 1 2 1 3 3 1 0 2 3 0 2 3 0 2 3 3 1 0 0 3 3 3 0 3 3 1 1 0 0.3252996028 2
0 3 0 0 1 3 0 1 0 1 0 1 0 0 1 1 2 3 0 2 1 1 0 3 2 0 3 3 0 3 0 3 3 0 2 3 3 1 0 3 1 1 2 3 2 0 3 0 1 1 2 2 2 0 1 3 1 3 1 1 0 0 2 2 0.3132793078 2
3 0 2 0 3 0 3 0 3 2 1 1 3 2 1 0 2 2 3 3 0 3 2 1 2 2 1 0 0 0 1 1 0 3 3 1 1 0 1 3 1 1 1 2 3 2 2 2 1 0 0 3 3 2 1 1 1 2 0 3 1 1 0 1 0.6158725549 2
1 3 0 2 0 3 0 0 1 3 0 2 1 3 0 2 2 0 3 2 1 2 3 1 3 2 2 0 1 2 1 3 1 1 1 1 0 0 2 3 3 0 0 3 1 0 2 3 0 0 3 1 3 2 1 0 0 0 2 1 3 0 2 3 0.2844860138 2
1 0 0 3 2 0 1 1 0 1 0 2 2 1 3 1 0 1 3 2 0 2 0 0 1 0 3 1 1 2 2 2 0 1 0 2 1 2 0 1 2 2 2 3 3 2 2 3 0 3 1 3 1 0 0 0 3 2 2 3 0 3 1 1 0.4565940367 2
2 3 0 2 1 1 0 3 2 1 2 0 1 3 0 1 0 2 0 1 1 2 3 3 1 0 0 1 3 2 0 1 0 2 1 1 2 1 2 0 1 0 0 3 2 1 3 1 2 2 2 3 0 1 2 3 1 3 1 3 1 1 0 2 0.3365227522 2
1 0 3 1 1 2 1 1 1 1 3 2 1 0 1 2 3 3 3 1 0 1 2 2 1 0 0 3 0 3 2 1 2 0 1 1 2 3 3 3 1 3 1 0 2 1 0 3 0 3 2 3 1 2 0 0 1 0 2 2 0 0 3 0 0.485324478 2
2 3 3 1 1 0 0 3 3 3 1 3 0 1 2 1 3 0 2 3 3 0 0 1 1 1 3 3 2 3 1 3 2 2 1 3 1 1 3 0 0 3 2 0 1 1 1 0 3 0 3 2 0 0 2 2 0 0 3 2 3 0 2 3 0.3126595927 2
1 1 3 1 1 1 2 1 2 2 3 0 0 3 0 3 2 2 0 1 2 1 1 0 2 3 2 2 2 3 0 1 1 2 0 2 3 1 2 1 1 2 3 0 0 2 0 1 0 2 2 3 0 3 1 3 2 1 3 0 0 1 1 2 0.3845095622 2
0 1 3 3 2 0 0 1 3 3 3 0 2 2 0 0 3 2 3 3 0 3 2 2 0 2 2 0 2 0 0 1 1 2 0 1 2 0 0 0 3 1 1 1 0 2 2 0 1 3 3 3 1 3 2 3 2 0 0 0 0 2 2 0 0.3510801119 2
3 2 2 1 0 0 1 1 3 1 1 1 3 2 2 0 2 0 3 0 3 3 2 1 0 0 2 2 2 3 0 2 1 2 1 0 2 1 1 3 3 1 2 1 3 1 1 1 2 2 0 1 1 3 2 0 3 1 1 2 0 1 1 1 0.3993029075 2
3 1 0 2 0 3 1 3 0 2 3 0 2 2 3 1 1 3 2 0 0 2 2 3 1 1 0 0 3 1 0 2 0 1 3 2 1 1 1 2 2 1 0 1 1 0 2 3 1 3 3 0 3 3 2 3 0 0 3 3 0 1 2 2 0.2804379536 2
2 3 0 1 3 3 3 3 0 3 2 1 1 1 1 0 3 2 3 3 0 3 3 2 1 2 1 1 2 0 0 2 3 1 0 3 1 0 2 0 2 0 0 2 2 0 3 0 1 1 1 2 0 2 0 2 2 0 1 1 1 1 0 3 0.3716235242 2
2 0 1 0 1 0 1 3 2 2 0 2 1 0 1 3 0 0 0 3 1 2 1 2 2 2 3 2 2 2 1 3 2 2 1 2 1 1 2 3 3 3 2 3 3 2 0 3 3 2 3 0 3 1 2 2 0 2 1 2 2 0 0 3 0.3288816546 2
0 3 2 2 2 3 3 2 0 2 3 0 2 0 2 0 0 2 2 3 1 0 2 1 0 2 2 0 1 1 0 3 1 3 1 1 2 0 1 1 3 1 0 3 2 3 2 0 0 1 0 1 0 0 2 1 0 2 2 0 0 2 2 2 0.282163914 2
0 1 2 0 2 2 2 1 2 2 0 2 0 1 0 3 0 2 1 0 1 2 1 1 2 0 2 1 2 1 3 0 2 0 2 3 0 3 3 0 0 2 0 1 0 2 3 2 3 0 2 1 1 2 0 2 1 2 3 0 3 1 1 2 0.2931174777 2
3 1 1 2 1 2 1 1 1 3 3 0 2 2 2 0 1 0 3 3 0 3 1 3 1 2 1 0 1 1 1 3 0 1 2 1 2 2 3 2 2 0 1 2 3 3 2 0 1 1 0 1 3 1 2 0 1 2 2 0 3 3 2 1 0.3345232984 2
0 2 0 1 1 0 2 2 1 2 1 1 2 1 2 3 0 3 0 2 3 2 2 3 0 1 0 0 2 1 0 3 1 2 1 0 3 3 3 3 0 3 3 1 2 3 2 1 3 3 2 0 1 3 2 0 1 3 2 1 2 0 0 0 0.3150303067 2
3 2 1 0 2 0 1 3 2 2 0 3 3 3 2 2 3 0 0 0 1 0 0 0 1 2 2 3 0 0 1 0 2 2 0 2 1 3 1 1 2 3 2 2 1 1 2 1 3 3 3 0 0 2 2 3 2 2 3 0 0 2 1 2 0.3209025758 2
2 2 3 1 1 0 3 1 3 3 2 2 2 3 1 1 3 3 0 1 0 3 1 1 2 2 2 3 1 3 3 0 1 1 2 3 1 2 0 2 2 3 3 3 3 2 1 1 0 3 0 2 3 2 0 0 0 2 1 1 3 2 1 2 0.5810171513 2
1 2 3 0 0 3 0 1 0 0 1 3 2 2 1 1 2 0 2 3 2 0 3 0 1 1 0 3 1 2 1 3 1 2 1 1 3 2 2 3 0 1 3 1 1 2 1 1 0 0 3 2 0 2 0 3 0 3 2 0 2 2 0 0 0.3082713147 2
3 3 3 0 0 3 3 2 1 3 3 0 2 2 2 0 3 1 2 0 3 2 0 0 3 3 0 2 1 2 2 2 3 1 3 2 3 1 3 0 1 1 2 1 2 1 3 1 3 0 3 0 1 0 0 3 1 2 3 0 0 3 2 1 0.3273351788 2
0 2 0 3 0 3 3 1 3 1 3 2 3 3 1 1 0 1 3 3 3 2 2 0 2 0 2 3 2 3 2 1 1 3 3 0 0 1 0 0 0 0 2 3 3 1 2 1 0 1 0 0 0 1 0 3 3 2 2 0 1 1 3 2 0.3572822687 2
3 2 2 1 1 1 2 0 0 2 2 2 1 2 0 2 0 1 2 2 0 2 1 2 0 1 1 2 2 0 2 0 0 2 2 3 2 3 0 0 1 1 1 1 2 2 1 0 0 0 2 2 1 0 2 2 1 3 0 1 2 0 2 1 0.3059000376 2
0 0 3 0 2 1 3 0 2 3 2 3 3 2 3 3 1 1 0 1 3 3 0 0 1 0 3 0 0 2 0 2 3 1 3 0 0 1 0 2 3 3 0 3 0 3 0 0 2 1 0 1 2 2 0 3 0 1 2 1 0 3 3 0 0.3913161409 2
2 3 3 3 1 0 3 1 2 3 3 2 0 1 1 2 1 3 1 0 1 1 2 2 0 3 2 0 3 1 3 2 0 1 3 1 3 0 0 2 3 0 3 3 3 1 2 0 3 0 2 2 1 2 1 0 3 2 0 2 2 3 3 3 0.3277600771 2
2 3 0 3 2 3 0 1 3 1 1 2 0 2 0 1 3 2 3 1 0 2 3 0 2 3 3 1 1 1 2 0 1 3 1 1 1 2 0 1 1 2 1 3 2 3 0 0 0 0 2 3 2 0 2 1 3 2 1 2 2 2 1 0 0.395590895 2
0 3 2 2 3 2 3 3 2 1 2 2 0 0 0 3 1 3 2 0 3 2 2 2 1 3 1 1 3 0 1 1 1 2 2 3 1 0 3 3 2 3 3 1 2 2 3 1 3 2 3 3 2 0 2 0 3 0 0 2 0 3 1 0 0.5071671483 2
0 0 3 3 3 1 1 2 2 3 2 3 1 0 2 0 2 2 3 2 1 1 1 0 3 3 0 3 1 0 0 1 0 0 3 1 3 3 1 1 3 2 1 0 2 1 3 1 2 0 2 1 1 0 1 0 3 1 2 3 0 3 1 0 0.2958353457 2
1 1 3 2 2 0 1 1 2 0 3 1 3 0 2 3 3 0 0 2 1 1 0 2 3 3 0 0 2 2 0 1 2 1 1 2 3 0 3 0 0 0 1 1 0 3 2 1 3 0 3 1 1 1 3 0 3 2 1 0 2 1 0 2 0.2857269627 2
0 2 1 3 3 2 1 0 2 0 1 2 2 0 3 0 3 0 3 0 2 2 0 1 0 2 0 1 1 2 0 1 3 3 0 0 3 0 1 1 1 3 0 2 3 0 2 2 3 2 0 1 3 2 0 3 1 3 2 1 1 0 3 2 0.4142135624 2
3 2 0 0 1 2 1 0 1 2 2 0 2 3 2 3 0 2 2 1 3 2 3 3 3 3 0 3 1 1 2 0 0 2 3 1 2 2 1 2 1 3 2 1 3 0 3 1 0 3 2 0 0 0 0 3 1 0 1 3 1 3 1 1 0.4142135624 2
3 0 1 1 1 2 2 3 1 2 2 2 2 2 0 2 3 3 0 2 2 2 2 2 3 1 3 1 3 3 2 1 1 3 1 1 2 2 3 1 0 0 2 0 1 2 1 2 1 2 1 0 3 3 1 1 2 2 3 1 1 0 2 2 0.4416561418 2
0 3 0 2 2 0 0 2 1 0 2 2 1 0 0 1 1 1 0 3 1 1 2 3 3 2 3 0 3 1 3 1 3 3 1 3 2 3 2 0 1 1 2 3 0 3 3 3 0 2 0 2 0 0 2 0 2 0 1 2 1 3 0 1 0.3126595927 2
0 2 2 2 1 1 2 1 2 3 2 3 3 1 2 2 0 0 1 3 1 1 0 2 2 3 2 0 3 3 2 3 3 0 0 0 3 0 3 0 1 2 1 0 2 2 1 0 2 1 1 1 0 3 0 1 3 3 2 1 0 0 1 2 0.3326302412 2
3 3 2 3 1 2 1 1 1 2 0 0 2 3 3 0 3 3 2 1 3 3 0 1 0 1 1 3 1 1 2 2 3 2 1 1 0 2 3 3 3 1 0 1 2 0 0 2 1 1 0 3 0 3 3 1 0 0 0 0 1 0 2 1 0.3055166403 2
1 3 2 1 1 1 2 0 3 1 0 1 2 2 1 0 0 2 2 0 1 2 3 2 1 2 1 1 2 2 0 1 1 2 2 3 2 0 2 0 0 0 0 1 1 2 1 1 2 1 1 0 2 2 0 1 3 2 0 3 0 2 3 2 0.3067328429 2
0 3 3 3 3 3 3 1 3 0 2 3 0 2 2 2 1 0 1 2 3 2 3 2 0 0 1 3 0 2 2 1 3 1 2 0 1 0 1 3 1 3 2 1 2 0 3 3 3 1 2 0 0 0 3 2 3 3 1 3 2 3 3 3 0.4142135624 2
2 2 2 0 2 2 1 1 1 1 2 1 1 0 1 3 0 0 0 1 0 1 0 1 0 2 0 2 2 1 3 0 1 3 3 0 1 3 2 0 2 1 3 0 2 1 2 0 2 1 1 1 3 3 1 3 3 2 3 2 0 2 3 1 0.5453467918 2
1 3 0 3 2 3 1 2 2 3 2 2 1 3 3 2 1 2 3 0 1 1 1 1 0 1 1 0 0 2 1 3 0 0 0 2 1 0 3 2 2 1 1 2 3 3 1 0 2 3 3 0 2 3 3 2 1 1 1 3 1 2 2 1 0.3582201532 2
2 0 2 0 3 2 0 3 0 0 2 0 1 2 3 1 3 0 0 3 0 2 0 3 3 2 0 0 2 1 2 0 3 2 2 0 2 1 0 2 2 2 3 3 1 3 0 0 0 1 1 2 3 1 0 3 1 2 3 2 3 3 2 2 0.2885698417 2
0 3 0 3 1 0 1 3 3 3 3 2 1 2 0 2 1 3 3 1 3 3 2 1 1 2 2 2 0 1 0 0 2 1 0 1 1 0 1 3 0 0 1 3 1 1 0 2 2 1 1 2 3 1 3 3 2 3 3 1 3 3 0 1 0.3995065265 2
0 3 1 0 1 3 3 2 1 3 2 0 2 2 0 0 3 3 2 3 2 2 2 1 2 2 1 3 2 2 1 3 0 2 1 2 2 3 2 3 3 0 1 0 2 1 1 0 2 1 3 3 1 0 1 1 3 2 0 0 1 1 2 0 0.4000414161 2
3 0 0 1 0 1 0 2 3 3 0 0 0 3 3 0 0 2 1 0 3 0 1 0 3 2 0 2 0 2 0 0 0 1 0 0 2 3 0 0 1 0 1 1 2 0 3 0 1 0 1 2 1 3 1 1 3 3 2 2 0 1 2 2 0.2832488209 2
2 2 0 0 2 0 1 2 1 0 3 1 2 1 2 1 0 2 3 2 0 3 2 0 1 3 0 3 1 3 2 2 1 3 2 1 3 2 1 1 3 2 2 3 1 3 1 1 2 3 2 2 2 1 0 1 1 3 3 3 3 3 1 1 0.3102148911 2
1 0 3 3 0 0 3 3 3 0 1 3 0 3 0 3 3 1 2 0 2 1 1 3 0 0 1 1 2 2 1 0 2 1 1 0 3 3 2 3 0 1 2 0 2 2 1 0 3 0 3 0 2 0 1 3 1 3 1 3 3 1 3 0 0.379818689 2
3 3 0 0 3 3 1 3 2 1 0 1 0 3 0 0 0 3 2 0 0 1 3 3 3 0 1 2 2 3 0 2 2 2 2 3 2 3 1 2 1 0 0 1 1 1 1 0 0 1 1 2 0 0 2 0 2 3 0 1 2 0 2 1 0.3504121847 2
1 3 3 3 1 0 1 0 2 3 1 3 0 3 3 1 0 0 1 1 2 0 0 2 0 2 2 1 1 3 2 2 0 3 0 1 2 2 2 3 3 1 3 1 3 1 1 0 3 0 0 0 3 2 0 0 0 0 2 1 0 3 3 0 0.3214509738 2
3 3 3 2 1 3 0 2 3 3 1 2 1 2 3 3 1 3 1 0 0 2 1 3 1 3 3 3 1 3 2 0 3 3 1 3 1 2 0 1 2 1 0 2 1 1 0 0 3 3 3 0 0 3 3 0 2 2 0 1 1 2 0 2 0.3163830028 2
2 3 0 2 1 1 1 3 1 0 0 0 1 1 0 0 2 1 3 1 2 0 3 1 0 1 1 1 3 1 1 2 0 2 0 1 1 2 3 1 0 0 0 1 0 2 1 0 1 3 2 1 2 3 1 0 0 0 3 0 2 0 3 0 0.3474320193 2
1 1 3 2 3 2 3 1 2 2 2 0 2 1 1 2 2 1 0 0 0 2 3 3 2 1 3 0 2 0 3 2 3 2 0 3 3 3 3 2 2 2 0 3 1 1 1 2 0 3 3 3 3 2 1 1 3 1 2 0 1 1 3 2 0.488281641 2
1 3 2 0 1 0 0 0 0 0 1 0 2 3 1 0 3 2 2 0 2 2 3 3 2 1 1 0 0 0 1 2 3 1 3 3 3 2 3 1 2 0 3 2 2 1 1 2 2 1 3 3 0 0 3 0 1 3 1 3 1 3 0 1 0.4861174451 2
2 2 1 3 3 0 2 1 1 2 2 3 3 3 2 0 0 1 2 2 2 3 2 2 1 0 1 1 2 0 1 2 3 2 0 3 2 2 3 1 2 0 3 0 0 2 2 3 1 3 1 2 2 1 3 2 0 1 0 3 2 3 0 0 0.2898979486 2
1 1 3 2 3 0 1 3 1 2 3 1 0 3 2 3 3 1 2 2 3 2 0 1 1 1 0 3 2 3 0 2 3 1 0 1 2 1 3 2 1 2 0 3 0 2 0 1 2 0 3 2 2 3 1 3 2 0 2 1 1 0 3 3 0.3474320193 2
2 0 1 2 0 3 0 0 0 3 0 3 2 0 0 0 3 3 3 3 0 3 1 0 1 3 0 0 1 1 0 0 1 2 2 1 0 2 0 1 3 1 1 2 1 1 1 1 0 0 1 1 3 3 1 2 2 1 0 1 1 2 1 1 0.3114251648 2
0 0 0 0 3 2 3 3 3 3 1 2 1 1 0 3 2 1 1 2 0 0 0 0 1 2 1 2 1 1 1 1 1 2 1 3 3 0 1 3 3 3 1 3 1 2 2 2 1 0 3 0 1 2 3 2 0 2 1 1 3 0 0 3 0.2804743209 2
1 2 1 1 3 0 3 1 3 0 3 2 1 2 1 0 3 3 1 1 1 2 0 0 2 2 3 0 1 2 1 3 1 1 0 1 3 0 0 2 2 1 2 3 2 2 1 2 2 1 0 2 1 1 0 0 2 1 2 2 2 0 3 0 0.2898979486 2
2 2 0 1 1 1 1 1 0 3 3 3 0 2 3 2 0 3 2 3 0 2 1 0 0 0 2 0 0 1 2 3 2 2 3 1 1 0 3 2 2 2 0 2 0 1 0 0 3 0 0 1 2 2 2 0 2 1 3 2 1 1 3 3 0.3112248451 2
0 3 2 3 1 1 0 1 2 3 2 2 2 2 0 2 0 1 2 1 3 1 2 0 3 2 3 0 1 1 3 1 3 1 0 3 1 2 2 0 2 0 0 3 3 2 2 0 1 1 0 3 1 1 0 2 1 1 0 3 0 1 0 0 0.363892531 2
1 0 3 0 3 0 1 0 3 3 3 0 0 3 2 1 0 2 3 2 1 1 2 2 1 2 0 2 0 3 3 0 0 2 3 3 3 3 3 1 3 1 0 0 0 2 3 0 0 3 1 2 0 0 0 2 1 2 1 3 0 1 2 3 0.2975313541 2
1 3 2 2 1 0 2 0 1 2 0 1 0 0 3 3 3 0 1 1 0 2 2 3 0 0 2 1 2 1 0 2 2 2 2 3 1 3 2 3 3 3 3 0 1 3 1 0 2 0 3 3 0 2 0 3 3 1 1 3 1 2 0 0 0.3847411572 2
3 0 1 0 1 1 3 1 2 0 1 3 0 0 1 0 1 3 1 3 0 2 1 2 2 2 0 1 2 3 3 0 0 0 3 0 0 2 0 2 3 0 3 1 3 2 2 0 3 2 2 3 0 2 2 3 3 3 1 3 0 3 2 2 0.4706742197 2
3 3 1 3 1 3 1 3 2 0 2 3 1 1 3 3 1 0 2 1 1 3 3 3 0 3 3 0 3 2 0 0 3 3 0 1 2 0 1 0 2 1 3 3 0 2 0 0 0 1 3 1 1 3 3 0 2 3 2 0 2 0 2 2 0.3572822687 2
2 3 0 1 1 1 0 1 1 3 0 3 2 0 3 1 2 1 1 2 0 1 1 0 3 2 3 2 2 1 0 1 3 2 3 2 1 3 3 3 2 3 0 1 0 0 1 1 0 0 3 0 1 1 1 1 1 3 0 0 3 3 0 1 0.4118012869 2
3 3 0 0 1 2 1 1 1 3 3 2 0 3 3 1 1 3 1 0 2 2 0 3 1 2 1 2 3 2 0 0 3 2 3 1 0 0 0 0 1 3 1 2 1 3 3 1 0 1 2 0 0 1 1 2 1 3 3 2 0 3 0 2 0.3519612949 2
0 2 1 2 0 3 1 2 1 1 3 3 0 1 2 1 0 3 3 2 3 2 3 0 2 2 3 1 3 3 0 2 2 3 1 2 2 1 0 3 3 1 2 3 0 0 1 0 0 0 2 0 0 3 0 1 3 1 3 0 2 0 3 0 0.2806875398 2
1 3 3 1 3 2 3 0 1 0 3 0 2 3 1 1 0 1 0 2 2 3 2 3 2 0 1 0 2 0 0 0 0 1 3 2 3 1 0 2 1 2 1 1 2 1 2 0 2 3 0 0 1 2 1 0 1 1 0 1 0 2 1 3 0.2861577002 2
0 2 2 2 3 3 0 0 2 0 0 2 0 0 3 1 1 2 1 2 0 2 0 2 1 2 1 2 3 0 1 2 1 2 2 3 2 2 2 1 1 0 0 0 1 1 1 0 3 0 2 1 1 3 2 1 2 3 0 2 1 2 3 2 0.3380888879 2
3 3 1 2 3 3 0 0 0 0 3 2 3 0 2 3 3 0 3 0 0 1 0 0 2 0 0 3 0 2 0 1 1 2 0 1 1 0 3 1 3 0 0 3 0 0 3 3 3 1 1 3 3 2 1 3 2 3 3 0 2 2 0 3 0.6954035794 2
1 2 1 2 3 1 3 2 1 3 2 2 3 1 2 0 2 1 2 3 3 3 0 3 2 1 2 3 1 0 1 2 2 3 1 3 0 1 3 3 0 0 0 3 3 2 1 0 2 0 3 1 2 1 2 3 1 1 1 0 1 0 1 0 0.2794248763 2
2 0 2 3 3 1 3 3 2 2 1 3 1 2 2 3 2 3 0 0 3 0 2 2 3 1 2 3 2 3 2 0 2 0 1 3 3 3 3 0 3 3 2 3 0 1 3 3 1 0 0 3 0 2 1 3 1 0 1 0 0 2 0 3 0.4365680863 2
2 0 3 1 2 2 1 1 0 0 3 2 1 3 2 2 3 1 1 2 0 3 1 2 0 1 3 3 3 0 1 2 3 2 2 0 2 1 0 1 2 1 0 3 2 1 1 2 0 3 3 2 1 3 1 1 0 1 3 2 0 2 0 0 0.3210538243 2
0 1 2 2 3 2 3 3 0 2 3 1 1 3 3 0 2 2 3 0 0 3 1 0 1 3 2 1 0 0 2 0 0 3 2 2 1 2 2 3 1 2 3 0 0 0 0 0 2 0 3 0 0 2 0 1 0 0 3 0 1 1 3 1 0.2852984217 2
3 0 3 1 3 0 0 1 3 0 1 0 0 3 2 2 2 3 2 1 1 3 2 2 0 0 2 0 1 2 2 0 1 2 3 0 0 1 3 2 3 0 3 3 3 2 1 0 2 3 2 3 1 3 1 0 2 2 0 1 3 1 2 0 0.3835303427 2
0 3 1 1 0 0 3 2 1 0 1 2 1 3 2 3 1 3 2 0 2 1 0 0 1 2 3 0 1 0 2 0 0 3 2 1 1 1 2 3 2 0 2 0 0 2 1 2 0 0 0 1 1 2 0 1 3 3 0 3 0 3 2 1 0.3709615778 2
0 0 2 1 0 3 0 2 1 2 1 3 3 1 0 3 1 0 1 3 0 3 0 2 3 0 0 1 1 3 2 0 2 1 1 0 0 3 0 0 0 1 3 1 0 0 1 2 3 2 2 1 2 2 0 3 0 3 3 1 3 0 0 0 0.2786320709 2
3 1 2 1 1 3 2 2 2 3 3 1 1 1 3 0 3 0 3 2 1 0 1 0 0 0 2 2 3 3 3 2 0 1 0 2 2 3 2 3 0 1 3 1 3 3 0 3 3 0 1 2 3 0 2 0 2 1 1 0 1 0 0 1 0.452072287 2
2 3 3 3 3 3 0 0 1 1 1 2 2 3 1 0 1 0 0 2 0 1 1 1 1 2 1 1 3 3 0 1 2 1 2 0 0 1 1 3 1 3 1 2 0 3 0 0 1 1 3 1 3 0 2 3 3 1 2 1 3 3 0 2 0.2843480223 2
0 2 3 2 1 0 1 2 2 2 1 0 3 0 2 2 3 3 2 1 2 0 1 3 1 1 3 0 1 1 1 2 0 2 0 2 3 1 2 0 1 1 2 0 2 1 1 3 1 0 3 1 2 0 3 0 3 2 2 2 1 2 0 2 0.3109214228 2
2 3 1 0 1 0 1 3 2 1 0 1 3 2 1 2 1 2 1 2 1 2 0 2 0 3 2 2 3 2 3 2 2 2 1 3 2 2 3 3 0 3 1 1 3 0 1 1 1 2 0 2 2 1 2 1 1 2 0 2 2 1 1 0 0.3904639814 2
1 0 1 2 3 2 3 1 0 1 3 1 1 0 1 1 3 3 3 2 0 3 2 3 3 1 2 3 0 2 0 2 0 1 2 1 0 2 1 1 3 0 1 1 2 1 2 1 0 2 3 2 3 0 3 0 2 0 2 1 3 3 3 1 0.3597564272 2
3 0 3 3 3 1 2 1 3 3 1 3 1 2 1 0 0 3 3 2 3 1 0 3 1 2 1 0 2 2 1 1 2 0 0 1 0 0 2 1 3 0 3 0 0 1 2 0 2 2 0 2 2 3 3 1 3 0 1 2 3 1 3 0 0.2916042128 2
0 2 0 2 2 3 3 0 1 0 2 0 0 2 2 0 0 3 2 3 3 3 2 2 2 1 3 1 0 1 2 2 3 2 3 0 3 1 0 3 2 0 1 2 3 2 1 1 3 0 2 3 3 1 3 0 0 1 3 3 3 2 2 3 0.3397347183 2
2 0 1 3 0 0 3 3 0 3 0 1 1 1 3 3 0 0 1 3 2 1 2 1 3 2 0 2 0 1 0 3 1 0 0 1 1 3 1 0 1 3 2 3 2 0 0 3 3 0 1 2 2 2 2 3 2 1 3 0 1 0 0 0 0.4472135955 2
0 2 1 2 0 3 2 1 2 2 1 3 2 1 3 1 0 1 2 3 2 3 2 1 1 0 1 1 2 3 0 0 0 3 3 3 0 1 2 2 3 1 3 0 2 0 0 3 0 2 3 0 2 0 3 3 1 2 0 0 2 1 2 3 0.4091647842 2
3 1 2 2 3 1 3 2 0 0 0 0 1 2 3 1 2 2 3 1 1 3 0 2 1 1 2 1 1 0 0 0 2 2 3 3 1 0 1 1 1 0 2 1 0 2 3 1 3 1 1 1 1 2 1 3 2 2 0 3 0 1 1 3 0.2781677392 2
0 3 3 2 3 0 2 2 0 2 0 1 1 0 3 1 0 1 3 1 3 2 0 3 1 2 0 0 0 1 0 1 0 1 1 0 1 0 3 0 0 1 2 2 1 2 0 3 1 3 2 2 3 1 2 3 3 3 3 0 1 1 2 0 0.3597564272 2
0 2 3 2 1 3 1 3 2 0 1 1 3 2 0 2 0 3 2 2 3 2 1 0 3 2 1 0 3 0 3 1 2 0 1 0 1 1 2 0 0 2 1 1 0 0 1 0 0 1 3 1 3 0 2 0 1 0 3 1 0 1 2 2 0.4142135624 2
2 2 3 1 1 1 1 1 2 2 0 2 1 0 2 2 0 0 1 1 3 2 2 3 3 3 1 0 0 0 3 2 2 0 0 1 0 3 0 3 2 2 2 3 1 0 1 0 2 3 1 0 0 1 2 0 1 2 2 1 3 1 3 3 0.3060584883 2
1 2 1 0 0 1 3 3 3 2 0 1 3 1 3 0 2 2 0 1 1 2 3 1 3 3 2 1 2 1 1 1 3 0 1 1 3 1 2 3 1 0 1 1 0 3 2 0 0 2 0 2 0 3 0 3 0 2 1 0 1 1 1 2 0.4114331844 2
2 1 0 1 2 1 0 0 3 2 3 2 2 1 3 2 1 1 3 0 1 2 2 3 1 1 1 3 0 0 3 2 1 0 0 0 0 3 1 0 0 2 1 1 1 3 2 1 2 3 0 2 3 2 3 3 3 0 1 2 0 0 0 2 0.2984058257 2
3 1 3 1 0 0 2 3 3 0 0 3 0 3 3 3 1 1 1 3 2 1 1 3 0 0 0 0 3 0 0 1 0 2 2 2 2 1 2 0 1 3 0 2 2 3 0 2 2 3 0 1 0 2 3 1 1 1 0 3 2 3 3 0 0.4147354691 2
1 3 1 1 1 3 0 2 0 3 3 2 2 3 3 1 1 2 2 2 2 1 2 3 0 3 2 3 2 3 0 1 1 3 1 1 1 0 2 1 3 2 0 3 3 3 3 0 2 2 1 3 1 3 1 1 0 1 3 2 1 1 1 3 0.2976033507 2
1 2 2 3 0 0 0 0 1 2 0 3 3 1 3 0 1 2 1 1 1 1 3 3 3 0 1 3 0 2 0 0 2 0 0 1 3 0 2 1 0 0 0 1 2 1 1 0 2 3 3 2 0 2 2 1 1 3 1 1 2 1 3 1 0.3270735353 2
3 1 0 2 1 1 0 3 3 3 2 1 0 2 1 0 3 2 0 0 1 3 0 2 2 2 3 1 0 1 1 2 3 3 1 2 1 2 3 0 3 0 1 2 3 3 0 2 1 2 2 3 3 2 2 3 0 0 1 3 3 1 0 3 0.3142042283 2
0 1 3 3 3 2 3 1 3 0 2 2 1 3 3 1 1 1 3 2 3 0 1 3 1 0 0 0 1 0 1 3 0 0 2 1 3 3 1 1 3 3 0 1 2 0 1 2 2 0 0 2 0 0 1 1 1 1 2 2 0 3 3 1 0.2984058257 2
2 1 1 2 2 0 1 2 1 0 2 2 3 0 3 0 3 1 0 2 1 3 2 0 0 2 0 3 3 2 0 3 1 2 1 0 0 0 2 0 0 3 1 0 0 2 3 3 3 0 0 2 2 2 3 3 3 0 3 1 0 2 0 1 0.2850199838 2
3 2 0 3 0 2 2 3 2 0 1 1 0 0 0 1 3 1 1 2 0 1 3 2 2 3 0 3 3 3 0 3 2 2 1 1 3 0 3 3 1 2 1 1 1 2 3 1 1 0 1 0 1 2 2 0 2 2 0 3 1 1 0 1 0.3540107421 2
2 3 2 0 2 0 0 0 3 0 3 0 1 2 0 0 0 2 0 2 1 2 0 2 2 3 1 1 3 1 1 0 1 1 1 1 3 3 3 0 1 1 2 3 0 0 3 3 3 0 2 1 3 2 2 1 1 2 0 2 2 1 1 0 0.4101972287 2
0 1 1 0 1 0 3 3 0 1 3 1 2 3 2 2 3 2 3 2 2 3 0 0 3 3 2 0 1 2 3 2 0 3 0 3 0 2 0 3 1 0 3 2 3 1 1 1 2 2 1 3 3 1 1 2 3 2 0 3 0 2 0 0 0.3277600771 2
2 1 3 2 0 0 1 3 0 2 3 0 1 3 2 3 0 3 0 0 3 1 0 2 0 0 3 0 2 2 3 2 2 1 3 0 3 2 0 2 2 3 2 2 0 1 0 1 2 1 1 1 0 0 3 1 1 2 2 0 2 1 3 2 0.2783531573 2
2 2 2 1 2 0 2 3 1 3 0 3 1 2 1 2 3 0 0 2 0 2 0 0 2 3 2 3 1 3 0 3 3 1 1 3 1 2 0 0 1 0 1 0 2 1 3 0 1 0 3 1 0 2 2 0 0 2 0 0 1 3 1 1 0.488281641 2
3 0 2 2 2 3 1 3 3 2 1 0 3 3 1 3 2 2 1 2 2 0 2 2 2 2 3 2 0 1 1 2 2 0 0 1 3 0 1 0 2 3 0 1 3 1 2 1 1 0 2 3 0 1 3 3 2 0 2 3 0 0 1 2 0.3572822687 2
1 2 2 3 1 3 3 0 1 1 1 3 2 1 1 2 1 2 1 0 2 1 0 0 1 3 0 2 2 2 0 2 1 0 2 0 2 2 3 3 0 1 3 1 0 3 2 0 1 3 1 2 1 2 3 1 0 3 3 0 0 2 0 3 0.5562878098 2
3 2 2 2 2 1 1 2 2 2 3 0 1 2 2 0 3 0 0 2 0 2 3 1 1 3 2 0 2 2 2 2 3 2 3 3 1 0 0 1 2 3 0 1 2 2 0 3 2 1 2 0 3 3 1 0 1 2 3 1 1 3 0 0 0.4101114678 2
1 1 3 2 3 1 1 1 2 0 1 2 1 0 2 1 1 3 0 3 2 2 0 3 1 1 0 0 3 0 1 1 1 2 2 2 1 1 3 0 3 0 1 2 1 0 0 1 2 1 1 2 3 2 0 3 2 2 3 1 1 2 3 2 0.3429113871 2
1 3 1 0 2 2 0 2 2 2 3 2 1 2 3 1 2 0 3 0 3 0 3 2 3 3 1 3 0 3 0 0 0 3 1 1 3 2 3 2 3 3 3 0 0 2 3 1 3 1 3 1 1 1 0 3 3 3 2 3 3 2 1 2 0.4142135624 2
1 3 2 0 3 0 0 1 0 3 3 3 3 2 3 2 2 2 1 3 0 1 3 2 3 3 1 0 1 2 0 0 1 2 1 1 1 1 0 0 0 0 3 2 0 0 1 0 0 2 3 2 1 3 2 1 2 0 2 2 2 3 2 0 0.3457554802 2
0 2 2 2 2 2 0 2 3 0 3 1 0 3 1 1 1 1 3 2 0 2 3 0 2 0 0 1 3 2 1 1 0 0 0 1 0 3 1 0 3 2 0 0 2 1 1 3 2 0 0 1 0 1 2 1 0 0 0 2 1 2 1 3 0.3439144051 2
2 0 1 2 0 0 0 3 2 3 0 2 1 0 3 3 3 2 0 1 1 0 1 1 3 2 0 2 1 0 0 0 3 1 3 1 2 1 0 3 0 1 3 1 3 2 0 2 3 3 3 3 0 3 0 2 0 1 2 0 3 2 2 2 0.3273351788 2
3 2 2 1 1 2 0 1 1 1 2 1 0 0 2 3 3 3 2 2 2 2 2 0 3 3 3 3 2 1 0 1 0 2 1 1 3 3 3 3 1 2 3 1 3 1 3 2 2 1 0 3 1 0 3 2 1 2 2 3 2 2 3 0 0.3656092124 2
3 0 3 3 1 3 0 1 0 0 3 2 1 0 0 0 1 3 3 3 1 0 2 2 2 0 2 3 1 0 2 1 3 2 3 3 1 0 0 0 2 0 2 3 2 0 3 1 2 2 1 2 0 3 3 2 2 1 2 0 0 3 0 0 0.282163914 2
0 0 3 3 1 1 0 1 0 2 3 0 3 2 0 0 1 1 1 2 3 3 0 2 1 0 0 1 1 3 0 2 1 3 0 0 2 3 1 1 3 3 2 2 2 0 3 3 3 0 1 0 3 1 0 2 3 0 0 3 3 1 2 3 0.5037322066 2
3 3 0 0 3 2 0 3 0 1 0 3 0 3 2 0 2 1 0 2 2 3 3 1 1 0 1 3 0 1 1 1 1 3 1 2 2 3 0 3 2 1 1 3 2 2 2 1 2 2 1 1 3 2 1 2 0 3 0 1 3 1 3 2 0.4115199718 2
0 2 1 0 1 0 0 2 1 2 2 3 1 0 2 2 0 3 1 1 0 2 0 1 0 3 3 1 1 0 2 3 2 3 0 2 2 0 2 0 1 3 0 0 1 3 3 3 2 3 2 1 3 0 2 0 1 1 2 0 2 2 3 0 0.3418020796 2
2 1 3 1 3 0 2 1 2 1 1 1 2 3 2 0 0 3 0 0 0 3 2 0 1 2 3 2 3 0 1 0 2 3 1 1 1 0 0 1 1 3 0 1 1 2 0 2 0 2 0 3 0 2 0 0 2 2 0 0 2 2 3 2 0.4627853301 2
3 1 1 0 0 0 3 0 1 2 3 3 0 2 3 2 0 2 3 3 3 2 1 0 0 3 2 0 1 1 0 0 2 0 1 0 3 2 2 0 0 0 3 2 0 1 1 2 0 1 2 1 3 2 3 3 0 2 3 3 2 0 1 2 0.3937445903 2
1 2 1 0 2 3 1 2 1 2 1 2 1 1 1 2 0 2 0 1 1 1 0 0 0 1 0 2 3 1 3 1 1 3 1 3 1 0 2 1 0 2 1 1 2 0 0 3 1 0 1 2 2 1 3 3 0 3 2 0 2 2 3 3 0.3470336536 2
3 1 1 2 0 3 1 2 1 3 2 1 3 3 3 0 2 2 0 1 1 1 0 1 1 0 2 3 2 3 0 3 3 1 3 3 2 3 3 3 3 2 3 3 3 3 0 0 3 0 0 0 0 0 1 0 3 2 0 1 3 0 0 2 0.2910879078 2
0 0 3 1 0 1 0 0 2 3 1 0 2 2 3 1 3 0 1 2 3 2 1 3 3 0 1 2 2 0 3 1 3 1 3 1 1 1 2 0 2 2 3 1 3 3 2 1 2 1 2 3 1 1 3 3 3 3 1 2 0 3 0 1 0.2850346585 2
1 2 3 3 1 2 0 3 3 2 2 1 3 2 2 1 3 1 3 3 1 2 0 2 3 0 1 0 3 3 3 1 0 3 0 1 3 3 2 1 2 1 1 3 0 2 1 2 0 0 0 1 3 1 0 1 1 0 2 2 2 2 3 1 0.4541079379 2
2 3 0 2 3 3 1 1 1 3 3 1 2 0 2 2 3 0 1 2 2 2 2 3 2 1 0 2 1 2 1 1 3 1 1 3 1 0 0 3 0 1 0 3 0 3 3 1 3 2 2 2 2 3 0 1 0 2 1 3 0 2 2 2 0.3295815643 2
3 3 3 0 1 1 3 1 3 0 0 0 0 3 3 0 3 1 3 1 0 3 2 0 3 1 3 3 3 0 0 3 1 1 3 3 2 0 1 3 1 2 1 3 3 1 3 1 2 1 2 3 2 0 2 1 2 0 0 2 1 2 0 0 0.3510801119 2
1 0 2 2 1 2 1 2 0 2 0 2 1 1 2 3 2 0 0 3 1 2 1 2 3 0 2 2 0 2 3 0 1 3 0 0 1 2 1 0 0 1 2 1 0 3 0 1 3 1 0 1 1 0 0 1 0 2 2 3 0 3 1 1 0.3406341664 2
1 3 0 1 2 1 1 1 3 3 2 3 2 1 3 1 3 3 2 0 3 1 1 3 0 3 1 1 1 2 3 3 1 1 0 3 2 2 3 2 3 3 2 3 2 1 1 0 0 2 0 2 2 0 1 3 0 0 2 0 1 1 2 3 0.2828327539 2
1 1 1 3 1 1 3 3 3 2 1 2 3 2 2 3 3 0 1 1 3 3 2 2 2 3 1 0 3 2 3 3 1 0 0 2 1 0 3 3 2 2 2 3 1 2 2 0 3 0 2 2 3 2 0 1 1 0 0 3 0 0 0 2 0.3418020796 2
1 3 3 0 1 2 2 1 1 0 2 2 1 3 0 3 3 2 3 2 1 2 0 1 1 0 3 1 1 1 1 3 0 3 2 2 1 3 0 2 3 1 0 0 2 1 3 1 0 2 3 1 1 2 2 2 2 2 3 0 2 0 1 1 0.3364806498 2
2 0 1 0 1 1 3 0 2 2 1 3 0 1 3 2 3 3 1 1 1 2 1 2 3 3 0 1 1 2 2 1 1 0 1 1 3 0 3 3 1 1 3 3 0 1 1 2 0 0 0 2 1 3 0 2 0 3 2 2 0 0 2 0 0.4813513455 2
1 2 0 0 0 0 0 3 1 3 2 1 2 3 3 2 3 2 3 0 0 1 0 0 3 2 2 0 0 1 1 3 1 3 1 0 1 1 3 3 2 3 0 1 0 2 3 3 2 1 1 3 0 2 0 1 1 1 2 2 1 2 0 3 0.5531708459 2
0 2 3 0 1 3 0 2 1 2 2 1 3 0 3 3 1 3 1 3 3 0 0 0 0 0 1 1 1 1 0 3 3 0 1 1 3 2 2 0 2 1 2 3 0 0 3 2 2 0 3 3 0 1 1 1 1 2 3 0 0 2 3 2 0.4789586711 2
0 2 2 2 1 1 1 2 3 1 1 1 2 2 0 2 0 1 0 0 0 3 2 3 3 3 3 3 3 3 0 2 0 2 0 3 1 1 0 2 3 0 0 0 0 0 0 3 1 0 0 0 1 1 0 1 0 0 2 3 0 3 2 0 0.3238107005 2
0 3 0 1 0 2 3 3 3 2 1 3 0 0 2 1 3 0 3 2 0 0 3 1 1 0 0 0 1 2 1 1 1 2 3 3 1 0 3 2 2 1 0 1 0 2 3 3 0 1 1 3 3 3 2 1 2 1 3 1 2 2 0 0 0.2828327539 2
1 2 1 3 3 3 1 2 3 3 1 3 3 1 0 0 0 0 2 0 1 0 1 0 1 3 2 3 1 2 2 3 2 1 1 2 3 2 3 2 2 1 3 3 0 3 2 3 0 3 3 3 1 3 0 2 1 3 0 2 3 1 0 2 0.441769316 2
3 1 3 2 3 1 3 0 3 3 2 3 3 2 3 2 2 0 1 2 0 1 1 1 2 0 1 0 2 3 0 2 0 3 3 3 0 1 0 2 1 2 3 3 2 2 2 0 0 1 3 2 3 1 3 3 3 1 0 1 3 0 2 1 0.4000414161 2
2 0 3 1 0 1 3 3 1 3 1 1 0 1 1 1 0 0 3 2 3 2 3 0 3 3 3 2 2 3 0 2 0 3 3 1 1 0 2 1 3 1 2 0 3 1 0 2 3 3 0 1 3 1 0 3 3 1 2 1 0 0 3 1 0.3126595927 2
0 3 1 1 1 2 1 3 3 1 1 0 3 1 3 1 0 2 3 3 1 3 0 1 0 3 1 0 2 3 3 2 0 2 1 1 2 3 1 3 0 0 0 1 2 1 3 0 0 0 2 3 2 0 2 0 1 2 2 1 2 0 1 2 0.3238107005 2
3 2 3 1 3 3 0 3 2 0 2 0 2 0 0 3 3 0 2 3 1 1 2 3 3 2 3 1 2 3 3 0 3 3 2 3 0 0 3 3 1 1 1 3 2 3 3 2 0 1 0 1 3 0 0 0 3 3 0 3 2 1 3 1 0.5407367017 2
1 0 0 0 2 1 2 1 3 3 0 2 3 1 0 1 2 0 2 2 1 0 1 3 1 2 0 3 1 0 0 1 3 2 2 1 1 3 1 1 0 0 0 3 3 3 0 1 3 2 1 2 2 0 1 1 2 2 0 2 1 0 1 2 0.5453467918 2
3 1 3 0 0 2 3 2 0 3 3 1 0 1 1 0 3 3 0 1 1 0 1 2 3 2 1 2 2 3 2 1 0 1 2 0 2 0 0 3 1 1 0 3 0 2 1 3 3 3 0 2 2 1 1 0 3 1 1 3 2 2 1 1 0.2898979486 2
0 2 2 0 3 2 3 2 1 0 3 3 2 2 0 2 1 2 3 0 2 3 1 0 3 2 2 3 0 1 0 0 1 2 1 1 2 0 1 0 3 0 3 1 3 0 3 2 2 1 1 0 2 1 2 1 2 0 2 3 2 2 1 2 0.3050564498 2
2 0 3 0 1 3 0 3 2 2 1 2 0 1 1 0 3 1 3 3 3 2 0 2 0 3 0 3 1 2 3 2 1 2 2 0 1 3 2 2 2 1 1 1 0 2 2 0 1 0 1 2 2 1 2 1 1 3 1 0 1 1 3 2 0.5582520261 2
0 2 1 3 0 1 2 1 3 3 3 3 2 2 0 1 0 2 3 1 0 2 0 0 0 3 1 1 0 0 2 2 1 3 3 2 1 1 3 1 1 0 1 2 3 3 1 1 2 0 0 1 0 2 1 3 2 2 2 3 0 3 1 1 0.3835303427 2
2 3 3 1 2 1 3 3 0 0 2 0 2 0 2 0 2 3 3 2 3 3 3 0 3 2 2 0 3 3 0 0 3 1 1 1 3 0 3 3 2 2 0 1 1 0 0 3 1 3 3 2 3 1 0 2 1 3 0 1 3 1 0 1 0.3055166403 2
2 2 3 2 1 2 0 0 1 3 3 0 1 2 0 2 3 2 2 1 0 2 3 1 3 2 3 2 3 1 1 2 0 2 3 2 2 0 0 3 1 3 2 3 0 3 0 3 0 0 2 2 3 0 0 1 1 1 1 1 2 0 3 1 0.2861577002 2
1 3 1 1 0 1 0 3 3 1 1 3 1 2 3 0 1 0 2 1 2 2 0 0 0 1 1 3 2 2 1 1 0 0 0 3 1 1 3 2 0 0 3 3 1 3 1 2 1 1 1 0 0 0 0 3 1 1 1 1 1 2 3 1 0.311497102 2
3 3 3 1 2 1 1 2 1 2 2 1 1 0 1 1 2 1 2 2 3 2 2 3 2 3 3 0 0 2 1 2 0 0 1 1 2 2 2 3 3 0 0 3 1 3 2 3 3 1 1 0 0 2 0 1 2 3 0 2 0 3 1 0 0.4580765515 2
2 3 3 2 2 2 0 3 3 1 1 1 1 0 0 0 0 3 3 0 0 3 2 0 2 2 0 0 3 3 1 3 1 1 3 1 3 2 1 1 0 1 1 3 1 2 1 1 0 2 1 1 0 2 1 2 1 0 2 2 1 3 0 2 0.5113459471 2
0 2 3 3 0 0 2 1 2 2 1 0 2 3 0 1 0 1 3 1 3 0 1 3 1 3 2 0 0 3 0 3 2 2 0 3 0 0 1 0 0 1 0 3 2 2 2 3 2 1 0 3 3 3 0 2 2 3 3 3 1 0 1 2 0.3277600771 2
3 1 2 3 0 1 3 0 0 1 1 1 0 1 1 0 3 2 0 3 3 0 0 2 1 2 1 2 0 0 1 3 3 0 2 1 3 2 0 3 0 3 3 1 0 0 2 3 3 0 2 2 1 2 0 0 3 3 2 3 3 2 3 0 0.5582520261 2
2 0 2 2 1 0 1 0 2 0 3 1 0 2 1 3 0 1 0 3 3 2 2 2 2 0 3 0 3 3 0 0 0 1 2 0 2 1 1 0 2 0 2 2 3 3 3 3 2 2 2 2 2 1 3 3 0 2 2 0 3 3 2 1 0.4705298871 2
0 0 3 1 2 1 0 3 3 1 3 2 1 3 0 0 1 0 3 0 3 0 0 2 0 1 3 3 1 2 0 1 0 0 0 0 1 2 3 2 0 0 2 0 1 2 2 2 2 2 1 0 0 1 2 3 2 0 3 2 2 1 0 0 0.3210538243 2
0 3 1 1 0 1 0 1 1 0 3 0 0 2 2 2 0 3 3 0 0 2 1 3 2 1 0 0 3 3 0 3 0 0 2 2 3 1 1 0 0 1 0 3 1 2 0 2 2 0 3 0 0 2 3 3 3 2 0 0 0 1 2 0 0.387499617 2
0 1 3 0 1 1 3 2 0 3 2 0 2 3 1 3 3 0 2 3 0 3 3 0 1 1 3 2 2 1 0 3 3 2 2 0 2 2 0 1 2 2 3 1 3 3 1 2 0 3 1 2 2 0 2 0 3 0 0 0 1 2 0 0 0.5166298428 2
1 2 2 1 1 3 3 0 0 0 3 2 2 3 2 0 2 2 2 0 1 2 0 3 3 0 3 1 0 2 1 1 3 3 3 2 1 1 1 1 1 2 0 2 1 1 3 3 0 1 2 2 0 0 0 0 1 3 1 1 1 2 0 2 0.3364806498 2
3 0 2 2 0 3 3 2 2 2 3 1 2 1 1 3 1 0 0 0 3 2 1 2 1 2 2 3 1 2 3 0 0 2 1 0 1 0 0 2 0 3 0 0 3 3 1 0 2 3 3 0 0 1 3 3 1 2 3 2 1 0 0 3 0.289328666 2
2 1 2 0 0 0 2 0 2 3 3 0 0 2 3 0 1 3 3 2 2 3 3 3 3 0 0 0 3 2 0 2 1 3 2 0 1 3 0 3 3 3 2 2 1 0 2 0 1 2 1 0 0 2 0 2 0 1 2 3 0 3 3 3 0.3340826971 2
1 1 2 1 1 0 2 0 0 2 3 3 2 2 0 2 0 1 3 1 2 0 2 3 0 2 2 2 1 0 0 1 0 3 3 0 0 1 1 0 2 0 3 1 3 1 0 3 2 1 3 2 3 3 0 1 3 2 1 2 3 3 2 1 0.309647329 2
2 2 2 3 3 1 1 3 3 0 1 3 2 2 3 0 2 0 1 3 3 3 3 2 1 0 1 2 3 1 0 1 0 2 3 1 2 2 2 1 2 3 0 1 1 0 0 3 2 2 3 2 0 0 3 3 2 3 0 3 0 3 0 1 0.7497091866 2
3 1 2 0 3 0 2 2 2 3 0 3 2 2 2 0 0 0 0 0 0 1 1 1 0 3 0 0 0 3 1 0 2 2 0 0 2 1 2 2 2 0 3 3 0 3 0 3 2 0 1 2 1 2 0 0 1 1 3 1 1 3 0 1 0.4454094779 2
3 3 0 0 0 0 2 2 3 2 3 3 3 0 0 1 0 0 0 1 1 2 2 3 1 1 3 3 3 1 0 2 2 2 3 1 3 0 3 3 3 0 1 2 1 0 1 0 2 1 3 0 2 1 1 0 0 2 0 2 1 3 2 3 0.2898979486 2
1 3 2 0 0 1 1 0 1 3 1 0 1 1 0 2 0 0 1 0 1 0 1 1 2 0 2 1 0 3 0 2 2 3 0 3 3 3 1 0 3 3 2 2 0 3 2 2 0 3 0 3 0 1 1 1 3 0 2 0 3 2 1 3 0.5071671483 2
0 3 0 3 1 2 0 0 2 3 2 1 1 0 1 2 3 1 2 3 2 1 0 1 0 0 2 3 3 1 0 2 1 2 3 3 0 0 0 1 1 0 0 0 0 1 1 0 1 2 1 1 0 2 0 1 1 1 2 2 1 1 0 0 0.2891304047 2
0 2 3 0 2 0 0 2 0 2 0 0 3 0 3 2 0 0 2 2 1 2 3 2 0 1 2 3 3 1 3 3 3 3 1 2 3 3 3 0 2 1 1 2 3 0 1 3 3 3 0 3 2 1 2 0 0 3 1 2 0 2 2 3 0.7445867518 2
2 2 3 1 1 1 0 3 3 3 3 0 0 0 0 3 0 1 1 1 3 0 3 3 3 0 2 0 2 2 1 1 2 1 1 1 2 1 2 0 3 0 0 3 0 3 1 2 2 0 2 3 0 1 2 0 1 0 2 2 3 2 0 2 0.3847411572 2
1 0 3 1 2 0 3 3 1 0 3 2 2 1 0 2 1 3 3 0 0 0 3 0 0 2 0 2 1 1 0 2 3 1 2 0 3 1 0 1 3 0 2 1 1 0 0 0 1 2 2 2 0 3 3 1 2 3 0 3 2 2 0 0 0.4052420579 2
2 3 1 3 1 0 1 2 2 1 3 1 1 0 1 0 0 2 3 0 0 2 1 3 3 3 1 1 3 3 3 0 3 3 2 2 1 3 1 0 3 3 1 0 3 1 0 3 0 0 0 1 0 3 3 2 2 1 1 3 1 0 0 3 0.3308289462 2
3 2 2 2 3 1 3 1 3 1 1 1 1 0 3 2 0 0 0 1 2 3 1 3 1 2 0 0 0 3 3 2 0 2 0 1 3 0 0 3 2 0 1 1 1 1 1 3 2 1 2 1 1 2 3 0 2 1 1 0 3 1 0 3 0.4444239818 2
0 0 3 0 2 1 1 0 0 0 3 0 3 3 2 1 2 2 2 1 2 2 3 0 1 1 1 0 2 3 1 1 3 2 3 2 2 0 0 2 3 3 2 3 2 0 1 0 3 1 2 1 0 2 0 0 3 2 1 0 3 3 2 1 0.826545938 2
2 2 2 3 0 2 0 0 0 0 0 1 2 2 2 0 0 3 2 2 0 2 2 3 1 0 2 3 0 2 3 2 3 2 3 2 1 0 3 2 2 1 2 2 0 1 0 2 0 1 0 1 2 0 1 1 3 2 0 0 3 1 1 0 0.363892531 2
3 0 3 3 3 3 2 3 0 1 0 0 2 2 2 2 2 1 2 2 0 0 2 2 3 2 1 2 3 3 2 2 1 0 2 2 1 3 0 0 0 0 1 3 3 3 2 1 0 3 2 2 2 2 1 2 0 0 1 0 2 0 3 2 0.2836669734 2
3 1 2 0 3 3 2 1 3 0 2 3 3 0 2 1 1 2 2 3 3 2 3 2 2 1 3 3 3 2 0 2 1 2 0 2 3 3 3 0 2 1 2 0 0 1 1 0 1 1 2 1 3 3 1 0 0 2 0 2 3 1 2 3 0.3102148911 2
2 3 1 2 0 0 1 2 0 0 2 0 3 3 0 2 3 0 0 3 1 1 3 3 1 0 0 3 3 0 2 1 3 1 3 2 3 3 1 3 2 0 3 1 2 2 3 3 0 1 1 3 1 2 0 2 0 1 3 1 2 0 3 1 0.354867572 2
1 3 1 1 2 3 1 0 3 2 2 2 0 3 1 2 3 2 2 1 3 3 3 0 2 0 3 0 1 3 2 0 2 1 1 0 3 2 3 1 0 3 3 2 2 1 2 1 1 0 1 2 2 1 1 1 1 3 3 1 2 3 0 2 0.4142135624 2
3 2 2 3 1 1 1 1 3 2 2 2 2 2 0 2 1 3 3 0 0 3 3 3 1 2 0 2 2 3 1 2 0 0 1 2 0 0 2 3 1 3 3 0 0 2 3 0 0 2 2 1 3 2 2 1 3 2 0 2 3 0 2 1 0.3364806498 2
1 2 2 3 1 0 0 0 0 2 2 0 2 0 1 2 3 2 2 2 2 1 3 2 0 0 1 3 2 0 1 0 1 2 1 2 1 2 2 2 0 0 0 0 0 2 2 0 3 2 3 2 3 0 1 0 3 3 2 1 1 0 2 3 0.4142135624 2
3 1 3 3 2 2 2 0 3 2 1 3 2 0 1 1 1 2 3 3 0 2 0 0 1 0 1 0 1 0 3 0 3 1 1 2 1 2 1 0 1 3 0 1 2 1 0 3 3 1 0 0 0 2 0 3 1 2 3 2 3 1 0 2 0.3238107005 2
3 1 2 1 3 3 0 3 1 1 2 2 3 0 2 0 1 1 1 3 1 1 0 2 2 2 3 2 2 3 0 2 1 3 0 0 0 0 0 0 2 2 1 2 0 0 0 2 2 2 0 0 3 2 2 0 0 1 3 2 1 2 1 3 0.2817532212 2
0 1 3 1 2 1 1 0 0 2 1 3 0 2 2 1 0 0 3 2 3 2 2 2 0 2 3 0 3 2 0 1 3 2 1 1 3 1 3 1 2 1 3 0 0 3 2 0 3 3 1 1 1 2 1 1 3 3 1 1 3 3 1 3 0.3364806498 2
3 3 2 1 2 2 1 0 2 3 3 2 0 1 1 0 0 2 2 1 2 1 3 1 2 3 0 2 1 3 0 2 0 1 0 1 1 2 0 2 2 0 0 2 2 1 2 1 1 3 2 2 3 3 0 0 1 2 1 0 1 2 1 1 0.3378487167 2
2 0 0 3 3 0 3 1 1 0 3 3 2 2 2 3 2 3 1 0 3 2 1 0 2 1 3 2 0 3 0 1 3 2 3 1 2 2 0 2 3 3 0 3 0 0 0 1 0 1 2 0 2 3 3 0 0 1 1 0 1 3 3 1 0.3422243049 2
0 2 3 0 3 0 3 2 0 2 1 3 0 0 1 3 1 1 0 0 3 0 0 0 2 2 1 1 0 2 1 3 0 3 0 0 2 0 3 2 3 1 2 1 2 2 0 2 1 1 2 3 0 1 0 0 0 0 1 0 1 3 1 3 0.2832488209 2
0 3 3 2 3 3 1 3 0 2 1 3 2 3 1 3 2 0 0 3 1 3 2 1 0 1 1 0 0 2 2 0 1 0 1 3 3 3 3 3 1 0 3 3 2 0 1 0 2 1 2 2 2 2 0 2 0 0 2 3 0 3 0 0 0.3273351788 2
0 2 0 3 0 1 0 2 1 1 3 0 1 2 2 3 1 2 1 2 2 1 2 0 3 0 0 3 3 3 3 1 3 2 0 2 1 0 2 2 0 1 0 1 1 2 1 0 0 2 0 2 3 0 2 3 1 1 1 0 1 0 1 2 0.4472135955 2
3 0 2 1 3 3 2 3 1 0 3 3 0 3 2 1 0 1 0 0 3 2 3 2 0 3 1 1 2 2 1 0 0 1 0 1 3 2 3 0 1 3 2 0 0 3 3 0 0 3 1 2 2 1 0 0 1 2 2 3 0 2 2 1 0.2789917842 2
2 2 3 3 2 3 0 1 1 1 2 3 1 1 1 1 0 3 3 3 2 1 0 3 0 2 2 2 0 3 3 1 1 2 0 1 3 1 0 3 2 0 3 1 2 3 0 0 2 2 0 3 3 1 2 1 0 2 1 3 2 3 0 3 0.3024094072 2
2 1 0 2 3 0 3 3 1 1 1 1 1 0 0 3 2 0 2 3 1 2 1 1 2 1 1 1 0 3 2 2 1 0 1 3 1 3 3 3 0 1 3 2 0 2 3 0 0 3 2 0 0 1 1 3 1 2 3 3 3 1 3 2 0.3130420969 2
2 1 0 3 2 2 2 1 2 2 3 0 0 0 3 2 2 0 2 2 1 3 2 0 2 1 3 3 0 1 0 1 1 2 3 3 2 2 3 1 2 0 2 3 2 2 2 2 3 1 0 0 1 2 3 3 3 1 2 1 1 2 2 1 0.2851975752 2
2 3 3 2 0 1 1 0 0 1 3 2 2 0 1 3 3 3 3 2 3 3 1 0 1 1 2 2 2 3 3 3 2 2 2 3 3 3 0 1 0 3 3 3 3 2 2 1 2 0 2 1 0 0 3 0 0 3 2 2 3 3 1 3 0.5514902962 2
2 0 3 3 1 2 3 3 2 0 2 1 0 0 1 0 2 1 1 1 2 1 1 3 3 3 3 3 1 1 0 1 0 3 3 1 1 0 0 2 3 2 1 1 3 2 1 2 1 0 0 3 0 2 3 2 2 1 0 1 0 3 3 0 0.3503336429 2
2 3 3 3 3 1 1 2 1 3 0 1 0 0 2 1 0 0 2 1 3 0 3 2 3 2 1 3 1 2 3 3 0 0 2 3 1 0 0 0 0 3 2 2 1 0 2 0 2 1 1 0 2 2 3 1 0 2 3 0 3 0 2 1 0.3835303427 2
0 2 3 2 3 3 0 3 2 1 1 1 2 3 0 1 0 0 1 3 0 3 3 1 3 1 1 1 2 2 2 3 0 2 1 0 2 3 3 3 1 0 1 1 3 2 2 0 1 1 2 3 2 3 2 2 3 0 1 3 1 0 0 2 0.7181509863 2
3 0 1 0 0 0 1 0 1 2 2 2 2 3 2 1 3 2 3 1 0 1 2 3 1 2 1 3 1 3 0 2 3 2 1 3 3 2 0 2 1 3 2 0 3 2 1 0 2 1 0 0 2 2 0 0 0 1 2 3 3 0 0 3 0.4565940367 2
2 2 1 3 2 1 2 2 1 1 0 1 2 3 3 3 2 3 1 1 2 1 0 2 3 3 3 3 3 3 0 3 1 0 1 1 2 2 2 2 1 1 2 0 2 1 0 0 2 2 1 0 2 0 1 2 1 0 0 3 2 3 2 3 0.347955937 2
1 0 3 1 1 2 3 2 0 1 1 2 0 0 3 1 0 3 1 2 1 1 3 2 1 0 2 3 1 3 0 0 2 2 0 0 2 2 0 1 1 2 2 3 3 2 2 0 3 2 0 3 1 2 3 2 3 3 1 3 1 1 1 3 0.304113536 2
0 0 3 1 2 0 0 0 0 1 1 3 0 1 0 0 0 1 3 2 1 2 2 0 2 0 0 0 3 2 1 1 1 2 3 1 3 2 0 0 1 1 2 3 3 1 3 3 2 0 1 3 0 0 0 0 0 0 2 0 3 2 2 0 0.2903505128 2
2 0 3 2 1 3 1 0 2 3 1 3 1 3 1 3 0 1 3 3 3 3 3 2 0 1 2 2 0 2 0 2 2 0 0 0 1 1 1 2 3 3 2 1 1 2 0 0 0 3 0 0 2 0 3 3 3 3 3 1 3 3 1 3 0.3183767839 2
0 1 0 3 0 0 3 1 1 3 1 2 1 3 2 1 1 0 1 0 0 2 2 0 1 1 2 3 1 2 3 2 1 3 3 1 3 1 3 0 1 2 0 1 0 2 1 1 2 0 0 1 2 1 1 2 0 3 0 0 1 2 0 1 0.4228979929 2
1 0 2 0 2 3 3 2 0 2 0 3 0 3 1 1 3 1 0 1 2 3 0 0 2 0 2 3 0 3 1 1 1 3 0 3 3 0 0 1 3 2 0 2 1 2 2 3 3 1 2 0 2 2 0 1 1 1 0 0 0 3 2 1 0.3572822687 2
0 0 0 3 0 0 0 2 0 1 1 0 1 3 3 3 2 1 2 0 3 0 1 2 0 2 2 0 1 3 0 2 1 3 2 0 3 1 3 0 0 3 1 0 3 0 3 2 3 1 3 0 1 2 3 3 1 0 0 2 0 0 0 2 0.2984058257 2
0 0 0 0 1 3 0 1 2 0 1 1 3 1 3 3 1 1 2 0 1 2 0 2 3 0 1 2 1 1 1 3 1 2 0 1 3 0 3 0 0 0 3 3 2 2 0 3 0 1 1 0 3 0 2 2 2 0 0 1 2 2 0 2 0.4293135864 2
2 2 3 3 3 2 3 3 2 0 0 2 3 3 0 0 2 0 1 0 1 0 0 3 1 2 0 2 3 2 0 0 3 3 0 3 0 0 3 1 2 3 2 3 0 3 1 0 3 2 2 0 2 3 2 1 2 3 1 2 2 2 2 2 0.4228979929 2
0 0 2 3 2 3 1 2 3 0 3 3 1 3 0 3 1 3 2 1 3 2 2 2 3 0 2 1 2 3 3 1 3 1 3 0 2 1 3 0 1 3 0 2 0 1 1 1 1 1 0 1 2 1 3 2 1 0 1 2 0 1 2 0 0.2866931862 2
3 3 3 3 0 0 1 1 2 1 2 3 1 2 1 2 0 0 3 2 3 2 2 0 2 0 0 3 2 3 2 0 3 0 3 0 2 2 3 2 0 0 0 3 3 2 3 2 2 0 2 1 3 0 2 0 3 0 0 2 1 3 2 0 0.3703038446 2
2 1 1 2 1 2 3 1 0 0 3 0 1 1 0 3 0 2 0 2 0 3 1 1 1 1 1 3 3 2 3 2 3 2 1 0 0 2 1 1 3 0 1 1 0 2 2 0 2 3 3 1 0 2 2 3 1 3 0 3 1 0 2 0 0.4565940367 2
2 2 3 0 3 2 2 2 0 3 0 2 0 0 1 1 3 0 3 1 0 2 0 2 1 2 0 3 1 3 0 3 0 1 1 2 2 3 1 2 0 1 3 1 2 3 2 2 1 0 1 2 3 0 2 3 2 0 2 3 1 1 2 0 0.3460734657 2
2 3 0 0 1 1 0 2 0 3 1 3 2 0 1 3 3 0 2 2 2 0 2 1 0 3 0 0 2 3 0 2 0 1 0 1 3 1 2 0 2 1 1 2 0 2 1 1 3 0 0 1 2 3 1 2 2 2 3 3 2 0 1 2 0.4107006147 2
3 2 1 2 0 3 3 1 3 0 2 0 3 1 0 0 2 2 2 0 0 0 3 2 0 0 3 1 3 2 3 0 0 2 0 0 3 0 1 2 0 0 3 2 2 3 0 1 1 3 2 0 2 0 2 3 0 0 0 1 2 2 0 2 0.3410072036 2
2 0 2 0 1 1 1 1 0 2 2 0 3 2 3 0 2 3 0 0 0 1 1 1 0 3 1 0 1 3 1 3 1 3 1 0 1 1 0 2 3 3 1 2 0 3 3 1 2 3 2 2 0 2 0 2 2 2 3 2 1 2 0 3 0.3804245211 2
0 2 1 0 2 1 2 3 1 2 0 2 2 3 1 3 1 1 0 1 2 0 0 3 2 1 1 0 1 0 1 2 0 2 0 0 2 3 1 1 0 2 3 1 0 2 3 2 1 3 2 3 2 0 1 0 3 3 1 1 3 3 3 1 0.3255563301 2
1 1 1 1 1 0 3 3 2 1 0 0 1 3 3 3 3 2 1 0 0 2 1 2 2 3 0 2 1 3 0 3 0 3 0 2 1 0 1 3 2 3 2 1 3 2 0 1 2 1 3 2 2 0 1 3 0 1 3 0 2 2 0 3 0.4037797985 2
1 0 3 2 2 0 0 1 3 3 2 0 0 3 1 0 2 0 0 0 3 3 2 0 0 0 0 2 3 1 1 0 2 0 3 2 2 0 0 3 2 3 1 3 0 3 0 3 1 3 3 2 1 2 0 0 1 0 0 2 3 3 1 1 0.3102148911 2
0 0 3 2 1 2 0 0 1 2 2 1 2 0 3 0 0 0 1 1 3 1 1 1 3 3 1 0 2 3 0 2 3 2 1 1 0 3 0 0 3 0 0 1 0 1 3 3 0 1 0 2 0 0 0 2 1 0 0 3 3 2 2 3 0.3364806498 2
3 0 0 3 1 2 2 2 0 1 3 0 2 0 0 2 3 0 0 0 0 1 2 1 0 2 2 0 0 0 0 1 2 3 1 0 3 0 2 2 1 2 1 2 0 1 2 2 2 3 1 0 1 1 3 3 1 0 2 3 2 2 1 3 0.4963760032 2
1 0 0 3 2 0 3 1 2 0 0 0 2 0 3 3 3 1 0 0 0 1 2 2 2 3 2 2 2 0 3 0 1 0 1 2 3 0 3 2 3 1 3 1 1 2 2 2 1 2 1 2 3 1 0 2 1 2 3 3 3 3 0 2 0.3373925939 2
3 1 3 0 3 2 3 2 2 0 3 0 3 3 1 1 3 2 1 3 0 1 0 0 2 3 3 2 3 0 2 0 1 2 2 0 3 3 3 0 0 1 3 2 3 2 3 0 0 1 1 3 1 1 2 2 2 0 3 0 3 1 0 2 0.6670121829 2
2 3 3 1 1 1 1 3 0 0 1 3 2 3 2 1 2 3 2 2 1 2 0 0 0 0 1 0 3 3 2 3 0 0 2 1 3 1 0 3 0 0 1 1 3 0 0 2 0 0 1 0 3 3 0 3 1 1 2 2 2 1 0 2 0.3418020796 2
2 1 0 1 0 3 0 1 2 1 1 0 2 3 1 1 0 2 3 2 0 0 3 1 2 1 0 3 1 1 3 3 3 2 2 2 2 2 1 3 1 2 1 0 2 0 2 3 0 3 2 1 2 3 3 3 1 0 3 3 0 1 1 2 0.4130889201 2
1 0 1 1 2 3 3 3 2 2 1 2 3 3 3 3 3 0 1 1 1 3 2 3 3 2 2 2 1 1 1 1 2 3 0 1 0 3 1 2 2 0 0 2 3 2 3 0 2 0 3 3 3 2 1 0 3 1 3 0 1 2 0 1 0.2966319595 2
3 2 1 0 1 2 3 1 2 2 3 3 2 0 0 0 0 1 2 1 2 1 2 0 3 3 0 0 3 0 0 3 1 2 1 0 2 2 3 3 2 3 0 0 2 2 2 3 3 2 0 0 0 1 3 3 2 2 0 2 0 0 1 0 0.288894617 2
1 1 1 1 3 0 1 1 1 2 2 0 2 3 0 2 1 1 2 3 3 2 0 3 3 2 1 2 0 3 0 1 0 3 1 2 1 3 0 0 0 1 1 0 1 2 1 3 1 2 1 3 3 2 3 2 1 2 3 1 3 3 3 1 0.441769316 2
2 3 3 2 2 3 3 2 0 2 3 2 1 0 1 1 2 1 0 2 2 2 2 0 3 0 3 2 1 3 0 2 0 3 1 1 2 0 1 1 1 3 0 1 2 3 2 0 0 1 3 0 0 1 0 1 1 0 2 2 1 2 3 0 0.3364806498 2
2 0 1 0 3 0 3 3 3 3 0 3 0 1 2 3 0 3 3 0 2 0 0 3 1 3 1 3 1 2 3 0 2 3 1 2 1 1 3 2 3 2 1 3 3 2 2 2 1 0 2 0 1 1 3 2 3 2 1 0 3 2 1 2 0.2884097226 2
0 1 1 3 1 2 1 2 3 3 1 2 3 1 3 2 2 3 3 3 3 2 2 3 2 3 3 2 0 2 1 3 0 3 2 0 1 1 0 2 2 1 2 1 0 3 0 2 3 1 3 3 3 1 1 1 1 3 3 0 1 0 0 0 0.3655178698 2
2 3 2 3 2 1 1 2 1 3 2 0 3 2 3 1 0 3 2 2 1 0 0 1 3 1 2 2 0 1 1 2 0 0 0 0 2 0 3 0 0 3 2 3 1 1 0 1 3 0 2 2 1 1 1 0 1 0 0 0 0 1 1 3 0.5453467918 2
0 0 1 0 2 0 1 1 2 0 2 3 0 1 2 2 1 3 3 0 1 1 2 3 3 0 1 2 3 2 0 3 0 3 2 2 1 2 3 2 1 1 1 0 3 0 0 1 0 1 1 2 3 0 0 0 3 1 0 2 3 0 3 2 0.2858192913 2
1 1 1 0 1 3 3 1 2 1 3 3 3 2 3 0 1 2 3 3 1 1 0 2 3 2 2 3 1 2 2 2 2 0 1 0 2 0 2 2 3 1 1 2 2 1 1 1 0 3 1 1 0 0 1 2 2 2 0 3 3 0 1 2 0.4503897333 2
1 2 2 2 2 3 2 0 0 0 2 1 0 2 2 3 0 0 2 0 0 2 2 0 0 3 1 2 0 1 0 0 3 0 0 1 2 0 3 2 1 1 3 2 2 1 3 3 1 2 3 2 0 0 2 1 3 2 0 0 0 3 1 0 0.3426035147 2
3 2 0 3 1 3 0 1 0 2 3 3 1 2 2 1 3 3 0 1 1 3 1 0 2 0 3 2 1 0 3 1 3 2 1 0 2 3 3 1 3 3 0 2 2 3 0 1 1 1 3 0 3 3 2 2 1 1 3 1 3 3 0 3 0.3474320193 2
1 0 0 3 3 3 0 1 2 3 2 3 2 2 0 0 2 3 3 2 0 0 3 3 1 3 2 0 3 1 0 1 3 3 1 0 1 3 0 3 2 2 1 0 1 0 2 2 2 1 1 0 0 2 2 3 1 1 0 3 0 3 1 2 0.4996123991 2
0 2 0 3 3 3 0 0 1 1 3 2 0 1 2 2 2 3 1 2 0 3 2 3 3 3 1 1 1 3 2 2 2 3 0 0 2 2 3 0 1 3 0 1 1 2 3 2 2 3 2 0 0 1 3 0 2 1 1 1 3 3 3 1 0.3552162649 2
0 3 1 1 1 2 0 1 3 2 3 3 1 2 2 3 0 3 3 2 0 1 1 3 0 3 2 3 0 0 0 0 0 1 2 1 3 3 0 3 1 0 2 2 1 2 3 3 0 2 3 1 3 1 0 3 0 3 2 3 0 2 2 0 0.3321580531 2
0 1 3 0 0 2 0 2 3 0 1 2 2 0 0 1 1 2 2 0 1 0 1 3 2 3 2 3 2 1 3 2 2 0 0 2 2 1 3 3 3 2 0 0 2 3 0 1 2 1 1 1 0 0 2 0 1 1 1 0 1 2 0 1 0.3439144051 2
0 0 3 2 1 3 2 0 0 2 1 3 0 3 0 2 2 2 0 0 0 3 0 2 3 2 3 3 3 0 3 2 0 3 2 3 1 2 1 1 3 2 1 2 1 2 1 2 2 2 2 1 0 1 0 1 0 2 1 0 3 3 2 0 0.3451225888 2
2 1 1 0 1 0 0 2 1 2 1 2 0 1 0 1 0 0 1 2 0 2 1 3 3 2 0 3 3 1 2 3 1 2 2 1 1 2 1 0 1 3 3 2 1 2 3 1 3 0 1 3 2 1 2 1 0 3 2 1 2 1 0 2 0.297802655 2
2 0 3 3 1 0 3 3 2 3 2 0 0 0 1 3 0 1 3 0 0 2 0 1 3 2 2 2 0 1 2 2 0 1 2 3 0 2 0 2 1 2 3 0 2 3 2 1 0 1 3 1 2 0 2 1 3 0 1 3 3 0 2 1 0.5071671483 2
1 1 1 1 3 0 3 2 0 1 0 2 3 0 2 3 2 2 3 1 1 1 2 3 0 1 0 0 0 1 2 1 2 2 1 0 3 0 0 3 0 1 0 1 3 0 2 2 2 0 2 3 0 2 1 2 1 1 3 2 2 1 0 0 0.7563455718 2
1 2 1 2 2 2 1 0 3 0 3 0 3 0 3 1 1 3 2 0 1 1 3 2 2 0 3 2 1 0 0 0 1 1 0 2 1 1 1 2 0 1 2 1 1 2 1 0 2 2 2 1 3 3 1 0 0 0 1 2 2 1 2 2 0.3989263812 2
3 0 0 2 0 3 0 0 0 2 2 0 3 2 0 0 1 0 1 3 0 2 1 2 0 2 1 2 0 2 1 2 3 3 0 3 0 1 0 1 2 3 0 1 1 2 3 0 1 0 0 2 3 1 0 1 0 0 0 2 1 2 0 1 0.595939837 2
3 2 0 0 0 3 2 0 2 1 0 2 3 3 3 2 2 0 0 0 0 0 3 2 3 2 2 3 3 1 1 1 3 1 2 1 0 3 0 1 0 2 3 0 0 1 2 3 2 1 0 1 1 0 3 1 2 3 0 3 1 1 2 1 0.3804245211 2
3 2 2 3 3 0 1 3 0 3 3 3 0 1 2 0 0 0 0 2 3 3 2 2 0 0 1 3 0 0 2 2 1 2 3 1 3 1 0 0 1 0 2 1 1 1 0 1 2 0 1 2 0 2 3 1 1 3 1 1 3 0 3 0 0.3582201532 2
2 3 1 2 1 1 2 3 0 3 0 2 1 0 2 2 1 3 2 1 1 1 0 2 3 0 0 3 3 2 1 2 1 2 2 1 2 3 2 3 0 2 2 1 3 0 0 1 0 3 1 0 2 1 1 2 0 2 2 1 3 0 3 0 0.2987143064 2
3 1 0 2 3 0 0 2 3 1 1 1 2 2 3 3 2 3 3 2 2 2 2 1 1 2 1 3 3 3 0 0 3 1 3 0 1 3 0 0 2 1 2 1 0 2 2 1 2 1 3 1 0 1 1 3 1 0 3 1 1 2 1 0 0.3112248451 2
0 0 0 3 0 0 2 0 1 0 3 3 2 1 0 2 1 1 3 1 0 3 2 0 3 0 3 1 2 3 3 1 2 1 2 1 1 1 3 0 2 1 1 3 0 2 2 3 3 2 1 0 3 0 1 1 1 1 1 2 3 0 2 1 0.3375302084 2
0 3 1 1 2 2 1 3 2 1 2 0 1 0 0 1 0 3 2 2 3 2 3 0 1 2 0 3 3 2 3 3 0 0 1 2 1 2 2 3 1 3 3 1 2 1 0 0 3 1 1 1 0 1 0 3 2 2 2 0 3 1 1 0 0.5453467918 2
1 3 0 1 2 3 1 1 2 0 3 1 2 3 3 1 2 2 0 3 1 1 3 0 0 3 0 2 3 2 0 1 3 3 3 2 0 1 2 1 1 2 0 0 1 0 1 3 2 3 1 0 0 3 2 0 0 3 0 1 3 2 3 0 0.3516237889 2
0 3 2 3 2 0 2 0 1 3 2 3 1 1 2 2 0 0 3 0 0 1 2 2 0 0 3 0 3 1 3 0 2 3 2 2 3 2 1 1 2 0 2 2 0 1 1 1 3 2 3 0 1 3 2 1 2 2 0 3 2 0 0 3 0.3010544585 2
1 1 0 3 1 0 1 2 2 3 3 3 1 3 0 0 1 0 3 3 0 0 0 0 3 1 3 2 0 3 1 3 2 1 0 0 1 1 2 2 0 1 2 2 3 1 2 1 1 3 3 2 1 0 3 2 3 3 1 3 1 3 0 2 0.2861577002 2
1 0 0 2 3 2 1 3 2 2 3 0 2 0 1 2 2 3 2 1 0 3 3 3 0 0 2 2 1 3 0 2 3 2 0 2 1 1 2 2 2 1 3 1 0 3 3 3 3 1 3 0 1 3 0 3 0 2 0 3 0 3 0 0 0.3674126788 2
2 1 1 3 0 3 2 2 0 2 3 0 2 3 3 2 3 1 1 0 3 2 2 3 1 1 2 2 0 0 3 3 2 3 0 1 1 3 0 2 1 1 3 1 1 1 3 0 3 1 0 0 0 3 3 3 0 1 3 0 0 3 0 0 0.3179021895 2
1 2 3 3 1 0 2 1 1 1 0 3 3 2 0 3 2 2 3 1 0 2 0 3 2 0 2 0 1 3 1 3 0 3 2 3 1 0 0 3 0 0 1 2 2 2 3 2 2 2 3 3 0 0 0 2 3 1 2 1 1 2 2 2 0.3249832423 2
1 3 2 2 0 1 0 3 0 2 0 0 2 1 0 1 3 2 2 3 3 1 3 0 1 2 0 2 3 1 2 3 2 3 2 2 3 2 2 0 3 3 3 3 0 3 0 0 1 3 3 2 2 2 1 3 1 3 2 3 0 0 0 0 0.4184720066 2
0 2 3 0 2 2 0 2 2 1 1 0 2 1 0 3 0 3 2 0 2 3 2 1 1 3 3 3 2 2 3 0 0 3 0 3 3 3 3 3 0 1 1 1 3 0 0 3 3 1 2 0 2 0 1 0 3 3 2 1 3 2 1 0 0.3040359936 2
0 2 2 3 3 3 3 2 0 2 3 3 2 2 1 3 3 1 2 3 0 2 0 2 3 3 2 3 1 1 1 1 0 1 0 1 1 0 1 0 2 2 1 0 2 2 1 2 2 0 3 2 0 2 2 1 2 1 1 1 2 2 0 3 0.485324478 2
2 1 1 1 1 0 0 0 0 2 0 3 1 1 3 3 3 1 3 2 3 0 1 2 1 0 1 0 2 3 1 3 2 0 0 3 2 3 3 3 3 1 2 2 2 3 1 3 1 2 0 2 1 1 3 2 1 3 1 3 2 3 3 3 0.3698994287 2
1 1 3 3 3 0 1 2 2 2 3 0 2 0 3 3 1 0 1 1 0 0 1 2 0 2 2 3 3 2 0 3 0 0 0 3 3 2 2 0 1 3 3 3 0 2 3 2 0 3 0 1 0 2 3 1 0 2 3 2 1 2 0 2 0.3418020796 2
0 3 3 1 2 1 0 2 0 2 0 3 2 3 1 2 1 2 2 3 1 1 3 2 1 3 2 0 2 3 3 1 2 2 2 0 0 3 3 1 1 1 2 2 3 3 3 0 2 3 0 2 3 2 1 1 1 2 3 3 1 1 1 2 0.2841867477 2
1 0 2 1 2 0 1 2 0 0 3 1 1 2 0 3 0 0 2 1 2 2 2 2 3 1 0 1 0 2 1 2 2 0 1 0 1 1 2 3 3 1 3 1 2 0 2 3 0 1 1 1 1 3 2 1 1 0 3 2 0 1 2 3 0.2984058257 2
0 2 2 2 2 0 2 0 1 0 1 2 2 0 1 3 1 0 2 1 1 3 2 1 2 1 1 2 1 0 3 3 2 2 2 3 2 3 0 3 0 0 0 3 0 2 2 2 2 3 1 2 0 0 1 2 2 3 3 1 3 2 1 0 0.2817901702 2
0 3 1 3 3 3 0 1 2 2 1 3 0 3 0 3 0 0 3 3 0 1 3 2 0 3 2 2 0 1 0 3 1 2 3 2 3 2 0 0 3 2 3 1 0 0 0 1 1 2 3 2 2 1 2 2 0 0 2 2 1 2 0 1 0.3340670182 2
3 3 0 2 2 2 1 1 3 2 0 0 0 3 1 2 2 1 1 0 1 3 0 3 1 2 3 2 3 2 3 2 2 3 0 0 1 0 2 2 2 3 1 1 3 3 0 3 3 2 0 1 3 1 3 0 1 2 3 1 1 3 1 0 0.441769316 2
2 2 2 1 2 0 1 0 0 0 2 0 0 2 3 1 3 2 1 2 0 1 0 0 0 0 2 0 1 1 1 1 0 0 1 3 1 0 3 0 3 0 2 1 2 2 0 2 2 0 1 2 3 3 1 3 1 3 3 2 0 3 3 0 0.3585807129 2
3 2 3 0 1 2 0 1 0 2 3 0 1 1 3 0 3 3 2 3 3 0 1 3 1 0 1 3 0 0 0 0 3 2 3 3 2 2 1 3 3 2 0 1 0 0 3 0 1 1 0 0 0 2 2 3 3 0 1 0 0 3 2 3 0.304113536 2
3 3 2 2 3 2 2 3 2 0 3 2 1 3 1 1 2 2 1 0 2 2 0 3 1 2 2 1 3 0 2 2 3 2 3 3 2 0 3 1 2 3 1 0 1 2 2 0 1 0 2 0 1 3 1 2 1 1 1 1 3 1 2 2 0.2767043556 2
2 3 2 3 2 0 0 0 2 1 1 0 2 2 2 2 0 0 1 1 2 3 2 0 1 0 0 3 2 1 0 1 0 2 3 3 3 3 0 0 1 2 3 2 3 3 2 1 3 2 1 2 2 0 1 2 0 0 2 0 2 3 0 2 0.2924043498 2
1 2 2 2 0 1 1 2 0 3 3 3 3 2 1 0 2 0 3 2 2 1 2 1 3 3 3 3 1 0 2 2 1 0 2 3 3 3 0 2 2 1 0 2 2 0 1 0 3 1 0 2 3 0 2 1 2 2 0 2 0 0 1 2 0.375585761 2
2 1 1 1 1 3 0 1 0 0 1 0 2 0 1 3 3 1 1 0 3 3 2 0 1 1 1 1 1 1 2 3 1 3 0 1 1 0 3 0 0 2 3 3 3 1 2 0 3 3 3 2 2 1 3 2 1 2 0 2 3 1 1 0 0.3033817583 2
2 1 3 0 1 1 3 2 3 2 3 0 1 1 1 3 1 3 0 0 0 2 3 1 3 2 1 2 2 3 0 3 2 3 3 1 0 0 3 2 3 0 1 2 1 0 1 0 2 3 1 3 1 1 0 3 2 1 0 1 2 0 3 0 0.6492741221 2
1 1 0 2 2 3 2 1 1 1 1 0 1 1 3 1 0 2 1 3 1 3 3 3 2 2 2 2 0 0 1 0 1 2 2 2 1 0 1 2 3 3 2 0 0 0 0 2 0 3 3 3 0 1 0 3 2 2 0 3 1 1 0 2 0.3572822687 2
1 2 3 0 3 1 1 0 2 2 0 1 3 1 1 2 1 0 0 2 3 0 3 3 0 1 3 2 0 2 2 3 2 3 0 1 2 0 3 2 3 3 3 3 2 0 2 0 2 2 2 0 1 1 3 0 1 3 2 0 1 0 2 0 0.6086850078 2
2 0 3 0 1 2 1 0 0 2 3 0 2 1 3 1 1 0 1 3 0 1 2 0 3 3 3 1 2 3 3 3 1 0 0 0 3 1 3 2 2 3 1 1 3 2 0 1 1 1 3 1 2 0 3 0 3 3 3 2 3 0 2 0 0.2767043556 2
2 2 3 1 1 3 1 1 2 3 3 2 0 1 1 1 3 2 0 2 3 1 0 2 0 0 3 3 1 1 2 1 1 2 2 1 3 3 3 0 0 1 1 3 3 3 2 0 2 3 1 0 0 2 3 2 3 2 0 3 0 3 2 0 0.2783531573 2
1 0 3 0 0 1 3 1 3 3 0 1 2 3 1 3 0 1 3 2 1 1 3 3 0 3 1 3 3 2 0 3 2 0 2 3 2 2 2 0 3 3 2 3 0 2 3 2 0 3 0 2 1 3 0 2 3 0 3 1 2 2 3 3 0.3613164298 2
2 0 1 1 0 0 3 1 0 0 3 3 0 3 3 1 0 2 0 1 2 2 0 0 3 3 0 3 3 2 0 0 1 3 2 1 2 2 3 1 3 0 1 1 0 1 1 2 2 2 2 0 1 1 2 3 2 2 2 3 1 2 1 1 0.6874794375 2
2 2 1 0 3 2 0 2 2 1 3 0 2 3 2 3 2 0 3 1 1 1 0 0 1 0 2 2 0 0 3 1 1 1 0 2 3 2 2 1 1 3 1 3 1 1 2 3 1 3 3 0 0 2 3 3 3 2 2 1 1 3 1 3 0.4091647842 2
1 1 3 3 1 2 3 2 0 2 3 3 0 2 1 1 3 0 1 1 1 2 2 0 0 2 3 0 0 2 1 2 0 0 2 0 0 2 1 0 0 3 0 3 1 0 1 0 2 3 2 0 3 3 2 1 3 1 3 0 0 2 0 0 0.330997139 2
0 3 0 0 0 3 0 1 1 1 2 0 0 3 3 0 1 0 1 1 1 3 1 3 3 2 0 2 2 0 3 0 2 3 0 3 1 3 1 3 1 0 1 2 2 1 3 3 3 0 3 2 3 3 1 0 1 3 0 2 3 1 2 3 0.4627853301 2
1 2 0 3 2 3 2 2 1 2 3 0 2 0 3 2 3 2 1 0 0 3 3 0 1 0 1 3 2 3 3 0 0 2 0 1 2 1 0 3 0 0 1 0 3 3 3 3 0 1 3 2 3 2 1 1 1 2 1 2 2 0 2 2 0.379833981 2
2 0 2 1 1 3 1 2 3 1 3 1 2 3 2 0 0 3 1 3 0 2 0 2 0 1 3 0 1 3 1 1 2 1 2 1 2 2 1 3 3 1 2 0 3 3 0 0 3 1 0 3 0 2 3 1 3 3 1 0 1 3 1 0 0.3002449151 2
0 3 3 3 0 1 3 1 2 1 1 1 0 2 0 0 0 2 1 2 0 3 1 0 2 1 0 0 2 2 3 0 1 0 1 3 0 1 1 1 1 2 3 3 1 0 3 2 1 1 3 0 1 2 0 3 1 0 1 3 0 2 1 1 0.3597564272 2
2 2 1 3 2 3 2 1 1 0 0 0 0 2 2 0 3 3 0 2 0 0 0 2 2 0 3 1 2 2 0 1 1 3 0 1 2 3 0 1 2 3 1 1 1 0 2 2 2 3 1 0 3 3 3 0 2 0 3 3 0 2 0 0 0.2902843345 2
1 0 0 1 2 3 3 2 3 2 3 1 3 2 1 0 3 0 3 0 0 3 1 3 2 1 3 2 3 1 0 3 3 3 1 2 1 2 3 0 3 1 3 1 1 3 1 0 2 3 2 3 1 1 3 3 0 0 1 1 0 0 0 0 0.2817532212 2
3 0 0 2 1 0 1 2 2 2 0 1 0 0 2 2 0 3 0 0 3 1 1 0 3 2 1 2 2 2 2 1 0 3 1 3 2 2 2 2 2 2 0 0 3 3 0 0 0 3 1 2 2 3 3 3 0 0 0 2 1 0 0 2 0.3024094072 2
2 3 3 1 1 1 2 3 3 1 1 3 0 1 0 3 2 3 1 1 3 1 1 2 2 0 2 1 3 0 3 1 3 1 3 1 2 0 2 0 2 0 2 0 2 0 3 1 1 1 2 1 3 2 1 1 2 3 3 2 3 0 0 1 0.3539604037 2
0 1 3 0 0 3 1 2 0 0 3 3 3 3 2 0 3 3 0 2 2 3 2 0 2 3 1 2 3 3 2 3 0 2 3 2 1 0 2 0 2 1 2 0 2 2 2 1 2 1 3 2 2 0 0 2 2 2 1 3 3 2 0 2 0.5293928788 2
0 3 3 1 3 3 2 2 3 2 2 1 2 3 1 2 0 3 2 0 3 0 3 3 2 3 1 1 3 2 0 2 1 0 1 0 0 0 3 1 0 1 3 0 0 3 0 3 3 0 0 0 2 2 2 1 1 2 3 3 1 0 0 0 0.3496707166 2
1 2 2 0 2 3 1 0 3 2 3 2 0 3 2 2 1 3 3 3 0 2 1 1 0 3 1 3 3 2 2 1 3 0 0 3 3 0 3 2 3 3 1 3 2 2 1 0 3 1 3 1 1 0 2 0 1 3 1 2 0 1 2 0 0.3255563301 2
0 1 0 2 0 0 3 0 2 0 0 3 1 0 0 3 2 1 2 1 3 3 3 1 0 3 2 0 3 2 1 2 2 0 1 2 1 3 0 3 3 3 1 1 2 3 2 2 2 2 1 1 1 2 1 3 2 2 1 3 2 3 3 3 0.4667782661 2
2 0 0 0 0 1 0 2 2 1 3 2 0 1 3 0 2 2 2 0 1 1 1 1 2 3 1 3 2 2 0 0 0 0 1 0 3 0 2 0 0 3 2 3 1 2 0 3 2 2 0 2 3 3 0 3 1 1 1 0 2 3 2 3 0.3516237889 2
2 0 2 2 2 0 1 1 2 3 1 3 0 3 3 1 0 1 1 3 0 2 3 1 2 3 1 0 2 3 1 1 2 2 0 0 2 0 0 3 2 2 3 0 0 2 3 0 3 1 0 3 0 0 2 0 1 1 0 2 3 0 3 2 0.3171394447 2
2 3 1 2 1 3 3 1 3 3 1 2 1 2 0 1 0 1 3 3 1 1 1 0 1 3 1 0 1 1 0 2 3 3 3 3 3 0 2 3 1 0 2 0 3 1 3 2 0 3 2 1 0 0 0 1 3 3 1 2 1 0 0 3 0.3255563301 2
0 3 1 2 1 2 0 1 0 2 0 3 0 3 1 1 0 2 0 2 1 2 3 0 2 3 2 1 1 0 3 1 0 3 2 0 3 0 0 1 3 2 1 2 3 2 3 2 0 1 3 2 3 0 1 1 3 1 1 3 1 0 1 1 0.2903505128 2
3 3 3 0 3 0 2 2 2 1 3 1 3 2 1 2 0 3 1 0 0 2 1 1 2 0 1 3 1 0 0 3 1 3 2 0 0 2 0 0 2 0 2 3 0 2 3 2 3 2 1 1 2 1 0 2 3 0 3 2 2 1 1 1 0.3418020796 2
0 1 3 3 1 3 0 1 3 0 0 0 0 3 2 0 0 1 1 1 1 0 2 3 0 3 1 2 1 0 1 1 0 3 0 1 0 0 2 2 2 2 0 1 0 3 0 2 3 1 1 3 3 0 2 1 3 2 1 0 3 0 3 3 0.5003888065 2
0 3 3 3 0 3 0 1 1 1 3 1 2 2 3 3 0 0 0 3 0 2 1 0 3 3 2 0 1 0 0 1 3 0 1 1 0 2 1 3 3 1 3 2 0 3 1 1 0 0 1 3 3 3 0 3 1 3 1 0 3 1 0 0 0.3037968031 2
2 0 0 1 1 0 1 0 1 3 2 0 2 1 0 1 2 0 3 2 1 2 2 3 0 2 3 1 2 2 0 1 2 2 2 1 2 3 1 2 0 1 0 1 1 2 0 3 1 1 0 0 3 2 0 2 3 3 2 3 1 2 2 2 0.3210538243 2
0 0 0 1 1 2 0 3 0 0 2 2 2 2 2 2 3 0 3 2 0 3 3 3 0 3 0 0 1 1 0 0 3 0 1 0 0 3 0 3 2 1 3 0 1 1 2 2 1 2 1 2 2 2 2 1 1 2 0 3 1 1 2 1 0.4026145003 2
3 1 1 0 2 2 0 1 1 2 2 2 3 2 1 1 0 0 2 2 1 0 2 1 0 2 1 3 3 1 2 3 0 2 0 1 3 2 1 1 0 1 2 1 3 0 2 2 0 2 3 0 0 0 3 2 0 3 2 3 0 2 0 1 0.4142135624 2
3 1 3 1 1 1 2 2 0 1 3 2 2 0 0 0 2 3 1 1 1 2 0 1 0 3 2 0 3 0 3 1 3 2 1 0 0 2 3 3 2 3 2 1 2 0 0 2 0 1 0 3 0 1 2 3 2 1 0 3 3 2 3 2 0.3112767781 2
1 2 3 2 2 3 2 3 0 3 1 0 3 0 2 3 0 0 3 3 1 1 3 3 0 0 2 0 2 3 1 1 2 2 2 1 1 1 0 0 3 3 3 2 0 3 2 2 3 1 2 2 2 2 0 3 3 3 0 3 2 1 3 1 0.4387478026 2
2 2 2 1 1 1 3 1 2 3 3 2 3 2 0 0 0 0 3 2 3 3 1 3 1 1 0 2 1 2 2 1 1 2 1 1 3 3 1 1 3 3 0 0 0 3 2 0 3 3 0 1 3 1 2 0 0 3 2 1 3 3 0 0 0.3024094072 2
2 0 1 2 2 2 0 2 1 1 0 1 2 1 2 0 2 0 1 0 0 3 1 2 3 1 1 3 2 2 2 3 0 1 1 1 1 3 1 0 3 3 1 1 2 1 0 3 1 3 0 0 0 3 0 2 2 0 1 1 0 1 1 1 0.3142042283 2
3 2 2 3 3 0 2 1 1 2 2 1 3 2 0 2 3 1 0 1 2 0 0 3 1 3 0 2 3 0 3 2 1 2 0 3 1 1 0 3 3 0 2 2 2 2 3 0 1 3 0 3 3 0 1 1 2 2 1 3 2 2 2 2 0.4671449109 2
1 2 2 3 0 2 0 1 0 2 1 3 3 0 2 2 0 2 2 0 0 2 3 3 3 0 3 2 0 1 2 1 3 2 1 1 1 0 0 0 0 1 0 2 1 3 0 0 2 1 1 2 2 3 2 2 0 2 3 3 0 3 1 0 0.6670121829 2
1 1 3 0 0 2 3 0 1 2 1 2 0 0 2 1 3 0 3 0 2 3 3 3 1 0 2 1 0 2 0 2 2 1 0 0 0 0 3 3 2 0 3 2 2 1 0 3 1 3 1 3 0 3 0 3 0 2 0 0 3 1 3 2 0.3644199376 2
2 1 3 0 1 2 3 0 0 2 3 1 3 3 2 0 1 1 3 0 2 3 1 2 1 3 0 2 0 3 0 3 0 1 2 1 1 2 3 3 2 3 2 3 0 3 1 2 2 2 2 3 0 2 3 0 3 1 1 3 3 0 3 1 0.3847411572 2
1 2 3 3 1 0 0 0 3 3 1 1 0 2 1 0 2 1 1 0 0 3 3 2 0 3 1 3 1 2 0 0 2 2 1 0 3 2 3 2 2 3 1 1 1 3 1 3 1 0 2 2 1 1 1 2 0 2 3 3 3 2 0 0 0.3249459717 2
3 1 1 2 3 3 3 2 3 2 0 2 1 3 2 0 2 3 0 0 3 1 3 0 2 2 1 1 3 1 1 1 2 0 1 3 0 0 0 3 2 3 3 3 0 0 3 1 2 2 3 1 2 0 3 3 0 2 1 2 2 3 2 0 0.3418020796 2
0 1 2 0 0 1 0 1 2 3 2 3 2 2 0 3 0 3 3 0 3 3 2 3 0 1 2 0 1 1 1 1 1 3 3 2 1 1 1 0 1 1 3 0 2 3 0 0 1 0 0 1 2 0 1 3 0 3 0 0 2 1 1 1 0.3277600771 2
3 3 3 1 3 3 3 3 3 1 1 2 0 2 1 3 1 0 0 3 0 0 1 2 0 2 0 2 3 1 3 3 3 2 2 1 1 2 0 2 2 1 2 3 0 2 1 3 2 1 0 1 0 1 1 1 3 2 0 0 0 3 0 1 0.3119070339 2
1 0 1 1 0 0 3 2 3 2 0 0 0 0 0 2 0 0 0 2 0 1 1 0 2 3 0 2 2 3 3 1 0 3 0 0 0 0 1 3 3 2 1 1 3 2 2 2 2 2 2 2 3 1 0 2 2 3 1 3 3 3 2 2 0.2920082702 2
1 3 1 0 3 1 1 0 0 1 3 3 3 0 3 3 2 3 0 3 0 1 2 1 0 1 2 0 2 2 2 3 1 0 1 0 1 3 0 0 0 2 1 2 3 0 0 3 0 0 2 1 2 0 1 3 1 2 2 2 3 3 0 2 0.2847717222 2
1 1 3 1 1 2 0 1 3 1 1 0 1 2 2 0 2 1 2 0 0 3 2 1 1 2 3 0 3 2 1 1 1 1 1 0 3 3 1 3 2 1 2 3 1 3 0 1 3 0 3 0 0 3 3 0 1 0 2 2 1 2 0 0 0.3302867025 2
2 3 0 0 3 2 2 0 1 0 1 0 1 1 3 2 2 0 2 3 1 0 1 3 0 3 2 1 2 2 1 0 0 2 2 0 2 2 0 3 3 2 0 0 3 2 2 0 2 3 3 3 2 1 0 2 0 2 3 2 0 3 0 3 0.3210538243 2
2 2 1 3 3 0 2 1 2 1 1 3 0 2 1 0 2 0 1 3 3 0 1 0 0 0 2 0 0 3 0 2 3 2 2 0 1 3 2 1 3 3 2 1 1 3 3 1 2 0 1 1 0 1 0 2 2 3 1 0 1 3 1 1 0.4142135624 2
0 3 3 1 1 1 3 2 0 1 0 1 1 0 2 1 0 1 3 1 3 1 3 0 0 0 0 2 2 2 2 0 1 1 1 1 3 1 1 3 3 2 0 1 2 1 1 2 0 0 1 0 3 2 1 0 0 1 0 2 3 2 0 0 0.4000414161 2
3 2 2 0 1 3 3 1 0 3 0 3 0 3 0 2 0 3 0 3 0 3 0 0 3 3 0 3 1 2 2 2 1 2 3 2 2 1 2 3 1 1 2 3 0 0 3 0 0 3 2 2 1 3 0 3 2 2 2 3 0 1 1 3 0.3614375753 2
1 0 1 3 2 1 3 1 2 1 3 3 0 2 2 0 1 1 0 3 0 2 1 1 1 3 3 2 2 3 1 3 1 0 3 0 3 2 0 3 2 1 1 1 1 0 0 3 1 0 1 3 3 2 0 0 2 0 0 2 0 2 1 2 0.3302867025 2
1 3 1 0 1 3 0 1 3 3 2 0 2 0 3 3 2 2 2 0 1 2 0 1 0 3 3 2 2 0 1 1 1 1 2 0 2 2 3 3 1 2 0 2 3 1 3 2 3 2 2 2 3 3 3 1 1 0 1 3 0 1 2 1 0.2791074833 2
1 1 3 1 1 2 2 1 2 1 1 1 3 0 0 0 3 0 0 1 3 2 2 3 2 0 1 0 3 3 0 2 0 0 1 3 2 2 3 2 0 3 0 0 1 2 0 1 0 1 3 0 3 1 0 0 3 2 1 1 1 2 3 3 0.2845714111 2
2 1 3 3 0 1 2 0 3 2 2 3 0 2 0 0 1 2 0 3 1 3 0 1 3 0 2 1 0 0 2 2 3 3 1 3 2 2 0 3 1 1 2 2 0 2 1 1 0 3 2 3 3 3 0 0 3 1 1 2 1 2 3 2 0.7497091866 2
0 0 1 1 1 2 2 1 2 3 0 3 2 1 1 2 3 3 2 2 1 1 2 3 1 3 1 3 0 1 0 1 3 0 1 2 1 3 3 3 1 0 1 3 0 3 1 0 0 1 1 2 3 3 2 3 2 0 0 1 0 2 0 2 0.3519612949 2
2 3 3 3 3 3 0 1 3 1 2 1 0 2 1 0 1 2 3 3 1 1 1 0 1 1 1 3 2 0 1 3 1 0 2 2 3 3 0 3 1 2 3 2 2 0 2 2 1 1 1 2 3 0 1 2 3 3 1 0 2 1 0 0 0.3136111207 2
3 3 0 3 1 1 0 3 1 1 0 1 0 1 2 1 1 0 2 1 1 3 1 0 1 1 1 0 1 1 1 3 3 3 1 1 1 0 1 3 1 2 0 0 2 2 2 1 1 2 3 0 1 0 0 3 2 3 2 1 3 3 2 0 0.2942840346 2
2 1 2 2 0 1 1 0 1 3 0 0 3 0 2 1 1 0 1 0 2 3 2 0 2 0 2 0 1 2 0 2 2 3 3 3 1 2 0 2 1 3 1 2 2 3 2 1 1 1 0 1 1 0 0 1 1 2 0 0 0 2 2 1 0.420142161 2
1 2 1 3 2 2 3 0 2 0 3 2 2 2 0 3 2 1 3 1 1 3 2 0 3 3 2 2 3 1 3 1 3 1 0 3 3 3 0 3 0 0 2 3 1 2 2 2 0 1 3 2 0 2 3 3 3 1 0 2 3 2 2 0 0.3183767839 2
3 3 2 0 0 3 1 0 0 2 1 3 1 3 0 2 0 2 3 2 0 1 2 1 3 3 1 3 1 1 3 1 3 0 0 3 3 3 1 1 0 0 3 1 2 3 0 2 0 1 2 1 3 0 3 2 3 2 1 1 1 2 2 0 0.4076499498 2
2 2 1 2 2 0 3 1 3 2 2 2 2 0 1 0 3 2 2 3 0 1 3 0 2 0 1 3 2 2 3 1 3 2 3 1 2 2 3 3 3 1 0 1 1 1 2 1 1 1 0 0 0 0 1 3 2 1 1 0 0 1 0 1 0.3338523478 2
2 3 2 3 3 1 3 3 2 2 1 3 0 0 0 3 0 3 3 3 0 3 1 0 0 1 0 2 1 1 2 2 3 2 2 0 2 2 2 0 0 0 1 3 0 0 0 0 2 0 0 2 3 1 2 2 2 2 0 1 2 2 2 0 0.3698994287 2
0 2 3 1 1 0 0 2 2 2 0 3 0 2 3 2 1 2 1 2 0 2 2 2 1 3 1 0 2 1 2 0 2 2 1 3 1 0 0 3 1 1 1 1 2 0 0 1 1 3 0 0 3 2 2 1 0 3 3 1 2 0 2 1 0.3205077707 2
3 0 3 3 3 2 0 1 3 3 0 3 1 0 1 3 3 3 1 1 3 1 3 2 2 1 3 3 3 0 2 1 0 3 1 0 3 1 2 1 2 2 3 1 0 1 0 1 2 2 2 3 1 3 2 2 2 1 2 1 3 1 3 2 0.33895657 2
3 3 1 2 1 0 1 3 1 1 1 2 1 3 2 1 0 0 3 3 3 0 0 0 0 3 3 1 0 0 2 2 1 1 1 1 2 3 1 1 2 1 3 1 1 0 3 0 2 1 3 2 0 0 2 3 0 2 1 0 3 1 2 1 0.2917643928 2
3 2 2 0 1 1 3 1 2 1 1 3 3 3 0 1 1 0 0 1 2 2 2 2 1 2 1 3 0 2 1 2 1 3 1 1 1 3 0 0 0 1 0 1 0 2 1 1 0 0 2 1 2 0 0 0 1 2 2 1 0 2 3 0 0.3372389691 2
0 3 1 2 1 1 1 3 3 0 1 2 1 0 1 0 3 1 1 3 1 0 0 1 1 3 3 1 3 0 2 0 1 1 1 0 0 3 0 0 0 3 1 2 1 3 0 2 3 1 1 3 3 3 3 1 0 3 3 1 1 0 3 2 0.3525098313 2
3 3 1 0 3 0 3 3 2 2 3 2 1 2 3 0 0 0 1 3 0 1 0 2 2 0 0 3 0 3 0 1 0 0 2 2 1 1 3 0 3 3 1 2 0 0 2 3 0 3 2 2 3 2 3 3 1 0 1 2 1 2 1 1 0.3778424906 2
0 1 0 2 3 2 2 1 1 0 3 2 1 2 3 0 3 1 2 0 1 3 3 2 2 3 3 0 2 3 3 2 1 2 3 3 1 2 0 2 3 2 3 1 3 0 3 3 0 1 2 3 0 0 0 0 3 0 2 0 1 3 2 3 0.3413100511 2
1 0 1 1 2 2 2 0 2 0 0 1 2 1 2 0 3 3 3 1 0 2 2 0 0 3 0 3 0 3 0 3 3 2 3 2 3 2 2 2 1 2 2 3 1 0 2 3 3 3 1 1 0 3 2 0 0 0 1 3 1 1 3 1 0.3261707 2
2 3 1 2 2 3 2 2 1 0 2 1 2 0 2 0 3 3 3 2 1 1 3 3 1 2 1 1 2 3 1 2 3 3 3 2 2 0 0 3 3 2 0 2 0 3 3 1 1 3 1 0 2 0 3 1 1 3 1 0 1 1 3 3 0.7497091866 2
1 2 3 2 1 0 0 0 1 2 1 1 2 3 2 1 1 1 0 0 1 2 1 0 0 3 1 1 2 1 0 2 0 2 0 1 2 0 3 3 3 3 2 2 0 0 2 1 3 2 1 2 0 0 1 1 1 1 0 3 0 1 0 1 0.5927255389 2
1 2 0 0 3 0 2 2 2 1 3 2 0 3 1 3 3 0 1 2 0 1 1 0 0 2 2 3 2 2 1 1 3 3 0 3 1 0 1 0 2 1 0 3 3 0 2 2 1 1 0 2 0 0 0 3 1 3 3 2 2 3 3 0 0.3539604037 2
0 0 1 1 0 2 0 2 1 0 0 3 2 0 0 0 3 0 2 1 2 0 2 3 3 3 2 3 1 3 3 2 1 2 1 3 1 1 0 1 0 0 2 0 0 3 1 3 3 2 3 3 3 1 2 0 0 2 1 3 0 0 0 2 0.3102148911 2
1 1 1 2 2 3 3 0 3 3 1 1 0 0 0 3 1 3 3 2 2 0 1 0 1 0 3 0 1 1 2 3 1 3 3 1 3 3 3 0 3 1 2 0 1 2 0 2 3 1 3 0 1 0 1 0 1 1 2 2 2 3 3 1 0.334806389 2
2 2 2 1 1 0 0 3 3 2 0 3 2 1 2 1 2 1 3 0 0 3 1 0 2 3 3 0 3 3 3 2 0 2 2 1 3 0 1 3 3 1 2 3 0 0 2 3 2 0 1 3 0 2 0 2 0 1 3 1 3 0 1 1 0.357094222 2
1 1 3 3 0 0 2 3 0 3 3 3 2 0 0 2 0 2 1 3 0 1 3 0 2 0 3 2 0 1 1 1 1 3 3 1 2 0 0 2 0 1 2 3 3 0 2 1 0 3 0 1 2 0 1 1 2 1 2 1 3 2 1 3 0.3018893954 2
2 3 0 3 0 0 3 3 1 2 0 0 1 2 1 0 2 0 3 2 0 2 1 2 2 3 3 3 2 3 0 2 3 3 0 2 0 2 0 1 2 3 0 3 2 0 0 1 0 3 1 2 0 2 0 3 2 0 0 0 1 3 3 2 0.3220972066 2
3 3 1 2 2 2 0 3 1 3 0 2 1 3 2 0 1 3 3 0 2 1 0 3 2 0 0 1 0 0 3 0 3 1 3 2 1 0 3 2 0 1 2 0 3 0 1 0 0 1 1 2 3 3 2 3 0 2 1 3 0 1 0 0 0.5927255389 2
0 1 0 2 0 3 0 0 1 1 0 2 3 1 1 2 0 3 0 0 3 3 0 0 3 1 3 0 3 1 1 1 0 0 3 2 3 2 1 3 0 2 0 0 1 2 3 1 0 2 0 1 1 3 2 3 0 3 0 1 3 1 0 1 0.2850346585 2
2 0 3 1 1 0 2 2 3 0 2 1 0 1 1 0 0 3 3 2 1 1 0 2 0 0 3 3 1 2 3 2 1 1 2 3 2 1 0 0 3 3 0 2 3 3 1 0 1 2 3 3 3 2 1 3 3 3 1 2 2 3 0 0 0.3427936754 2
1 1 3 3 2 1 1 3 2 3 2 0 2 0 1 3 2 2 1 2 3 0 2 3 3 2 3 0 0 3 0 3 0 1 1 0 2 3 2 0 3 3 3 3 0 3 1 0 0 3 1 2 1 0 2 1 3 1 3 2 0 3 2 0 0.4184720066 2
3 3 3 0 2 2 3 3 3 0 2 1 2 3 3 1 0 1 2 0 3 2 3 0 3 3 2 0 2 1 3 2 0 0 3 2 2 0 0 0 3 3 2 0 0 0 2 3 2 1 1 1 0 0 2 3 3 1 2 1 1 1 2 3 0.4871437184 2
1 3 2 2 3 3 0 0 2 3 0 0 2 1 0 3 3 3 2 1 3 2 3 0 3 1 1 3 3 1 0 3 2 1 0 3 3 1 3 1 2 1 0 0 2 0 2 2 2 0 1 1 3 2 0 1 1 2 3 2 2 2 2 0 0.2971110716 2
3 2 3 0 0 0 2 2 1 0 2 3 3 0 1 0 0 1 3 1 1 0 3 3 3 3 2 0 3 0 1 3 2 1 0 1 0 3 1 3 2 2 2 2 3 1 3 2 1 0 3 1 0 0 0 1 1 0 0 2 2 2 2 2 0.4603824247 2
2 3 2 3 1 3 0 1 0 1 3 3 0 0 2 1 2 0 3 3 2 0 0 2 1 0 3 1 2 0 1 3 2 2 3 1 2 3 0 1 1 3 0 2 2 2 3 2 3 3 1 3 2 1 2 0 1 2 0 0 2 0 1 1 0.3572822687 2
3 2 2 0 1 1 3 2 3 3 2 3 1 1 0 1 0 0 1 2 0 1 0 0 1 0 1 2 0 3 1 3 2 3 3 2 2 0 1 2 1 0 0 1 2 2 3 0 2 3 0 2 3 0 2 3 2 1 1 1 0 1 1 1 0.5157469747 2
3 1 1 1 3 2 3 0 1 1 2 2 1 3 1 0 1 3 2 3 2 3 3 2 2 2 2 1 1 2 1 3 0 0 3 3 2 3 1 3 3 0 2 3 2 1 1 3 2 1 0 2 0 0 0 1 3 2 0 0 1 2 3 0 0.2988151811 2
0 0 2 0 0 0 1 0 0 3 3 2 1 0 0 3 3 0 1 3 1 1 3 1 1 2 0 0 2 2 0 0 3 0 0 0 0 1 1 2 1 0 1 1 0 1 0 1 3 0 1 3 1 2 0 3 2 3 1 2 1 1 2 2 0.2898979486 2
2 0 1 0 2 3 0 1 3 0 0 0 2 2 1 2 3 3 3 1 3 2 2 3 0 2 3 2 2 2 3 3 0 0 2 1 2 2 0 1 2 1 2 1 2 1 2 0 1 3 2 3 1 1 3 1 3 0 1 1 3 3 1 2 0.324063357 2
0 1 1 0 1 1 1 1 1 0 3 3 3 0 0 0 1 2 0 3 3 3 3 0 0 2 2 0 2 3 2 3 2 3 3 3 2 2 0 0 1 0 2 2 1 1 0 2 0 2 2 2 2 2 2 3 1 3 2 3 0 2 0 3 0.6492741221 2
1 2 2 2 0 1 0 0 3 2 2 1 3 3 3 0 1 2 3 0 0 3 1 3 2 0 1 2 1 3 1 0 3 0 0 3 1 2 2 0 3 1 2 2 2 3 0 3 1 2 1 2 3 1 0 3 2 0 1 2 1 1 0 1 0.2898979486 2
1 2 2 2 2 3 2 2 3 0 1 3 1 2 2 0 2 3 3 3 2 3 3 3 1 3 1 1 1 1 2 0 0 2 1 2 3 0 1 3 2 1 3 1 2 2 2 2 0 0 3 0 3 3 2 2 3 1 2 2 1 2 3 3 0.3543059391 2
3 0 1 0 3 1 2 2 0 2 0 2 0 0 2 0 0 0 0 3 1 3 3 3 1 1 3 3 3 2 3 1 2 1 0 1 2 2 0 3 2 1 1 2 2 1 2 1 2 2 3 1 2 2 0 3 1 0 3 0 3 0 1 0 0.6774223674 2
0 1 3 2 1 3 3 1 2 2 1 0 2 0 2 1 1 0 3 3 3 0 2 2 3 1 3 0 2 0 0 3 1 1 3 1 0 3 0 1 3 1 1 2 1 0 1 2 1 0 0 2 0 2 3 2 3 3 3 3 0 2 1 3 0.2857269627 2
0 3 3 0 1 1 3 0 2 3 0 0 2 0 3 3 2 2 2 2 2 3 2 1 3 2 2 1 2 2 1 1 3 0 3 2 3 3 3 3 3 2 3 3 1 3 0 0 3 3 1 1 0 2 2 3 1 2 3 2 2 1 0 1 0.3367013062 2
2 3 1 2 1 0 2 2 0 0 1 3 0 3 2 2 3 2 3 2 0 1 2 3 0 3 2 3 3 0 3 3 2 3 0 0 2 1 2 1 1 2 2 2 2 1 1 2 2 2 2 1 2 2 1 0 1 0 1 0 2 0 0 2 0.354867572 2
0 0 0 2 2 1 2 2 2 3 1 1 3 1 0 2 0 2 1 3 0 0 2 0 1 0 1 1 3 2 2 3 2 1 0 1 2 0 2 0 1 1 1 1 2 2 1 3 1 2 0 1 1 3 3 2 0 1 0 1 3 2 1 2 0.3216972808 2
0 2 0 0 2 1 1 0 3 2 3 0 2 1 0 2 0 1 3 2 0 2 2 3 2 3 1 2 2 3 1 2 1 2 1 1 3 0 2 1 2 0 0 0 0 3 0 0 2 0 1 1 3 3 2 0 2 0 0 0 0 1 0 0 0.303785526 2
0 1 2 1 2 3 3 0 3 0 0 3 1 0 3 0 3 1 3 0 2 2 1 1 3 1 2 0 0 2 2 2 2 0 0 2 2 0 0 2 0 2 2 3 2 2 3 2 3 2 0 0 3 0 0 3 3 1 2 2 1 2 3 1 0.3094629418 2
1 2 0 2 2 2 1 1 2 3 1 0 1 3 0 3 3 3 0 3 1 0 0 3 1 3 2 0 3 0 2 3 0 3 3 1 2 3 0 2 3 3 2 1 0 1 1 0 3 1 1 3 0 0 3 2 1 3 3 2 3 2 0 1 0.2802840765 2
0 1 3 2 1 3 3 1 3 0 0 3 1 2 1 0 3 0 1 0 0 0 1 0 3 3 2 3 1 3 3 1 1 1 3 2 1 3 3 2 0 2 1 0 1 1 2 3 1 1 0 0 0 1 0 1 3 1 1 0 3 0 0 0 0.5531708459 2
0 3 3 3 0 2 3 3 0 3 0 3 1 0 0 0 3 2 1 1 0 1 0 0 0 1 1 0 1 2 3 0 1 1 1 2 0 2 3 3 0 0 0 0 1 3 0 2 1 3 0 3 0 0 3 0 1 2 0 1 1 0 1 1 0.3890556606 2
3 0 0 3 2 2 2 2 0 0 1 0 1 2 0 2 0 1 1 3 0 0 3 3 2 1 3 0 1 1 3 2 1 1 3 1 3 1 1 0 1 0 0 3 2 1 1 1 2 2 0 2 1 2 1 2 2 1 3 0 3 2 1 0 0.3210538243 2
2 1 0 0 0 1 1 0 0 0 2 2 0 3 3 2 1 3 1 3 0 1 2 3 0 3 2 3 3 1 0 1 2 0 3 0 1 3 0 2 0 2 3 0 1 2 2 2 0 1 2 3 1 2 3 2 0 2 0 3 1 3 0 2 0.3727036241 2
0 0 1 0 2 1 1 0 1 3 2 2 0 1 0 2 0 2 0 2 3 3 3 2 2 2 0 2 0 3 3 0 2 0 0 2 1 3 3 3 0 0 3 3 3 3 0 2 1 0 0 3 1 1 3 2 1 2 1 2 2 0 3 0 0.3436033523 2
0 3 3 0 1 0 0 0 3 1 2 2 0 3 2 1 2 3 0 3 3 2 3 0 1 0 3 1 2 2 0 1 0 0 0 3 2 1 3 2 2 3 3 3 3 3 3 2 3 2 1 0 3 2 0 3 1 0 0 0 3 3 0 0 0.2867566169 2
0 1 1 2 2 2 3 3 1 3 1 1 2 0 2 3 3 0 2 2 3 2 2 0 3 2 3 3 2 3 0 1 2 0 1 1 2 3 1 3 0 3 0 3 3 0 2 0 3 2 3 2 3 2 3 1 0 3 1 1 0 0 2 2 0.3244736208 2
2 2 2 1 3 1 3 1 0 0 1 1 3 0 2 2 3 1 3 1 3 0 2 0 0 2 2 0 0 0 0 2 1 0 3 2 3 0 3 3 1 0 2 0 1 0 2 1 2 0 1 0 1 0 3 2 3 0 2 2 2 1 1 3 0.3216972808 2
0 0 1 0 2 1 0 3 0 3 0 2 2 3 2 2 3 0 1 2 0 1 1 0 1 0 1 2 0 2 1 3 0 2 0 1 2 2 1 3 0 3 0 1 0 0 1 1 1 1 1 0 0 3 3 3 1 0 2 2 1 1 1 3 0.3897271337 2
3 0 2 3 3 1 1 1 0 0 3 3 1 1 2 1 2 1 1 1 0 1 3 3 0 3 0 3 2 3 0 1 3 1 0 1 2 2 0 0 3 0 3 2 0 0 2 2 3 1 0 1 0 3 2 0 3 2 0 0 3 3 0 0 0.3411227695 2
2 2 0 0 1 0 2 0 3 1 3 1 0 0 0 0 1 1 3 1 2 0 3 2 0 2 3 3 1 2 2 3 2 0 1 1 2 2 3 0 0 0 0 1 1 2 1 3 3 1 2 1 1 1 1 0 1 2 0 2 2 3 3 3 0.3525098313 2
0 1 1 0 3 3 3 1 0 3 3 1 2 3 2 0 1 0 2 3 1 1 3 3 1 2 2 3 3 3 0 2 3 0 3 1 1 0 2 1 1 3 2 0 3 1 1 1 0 0 3 2 0 3 0 3 2 1 0 3 3 0 0 3 0.3811089724 2
0 1 3 2 0 0 1 1 2 0 3 2 3 0 3 0 3 2 3 2 1 0 0 2 3 0 3 2 0 2 3 2 2 2 0 3 3 1 1 3 3 0 3 0 3 3 0 3 2 0 0 1 2 2 1 1 3 0 0 0 3 2 0 2 0.4955565231 2
1 2 3 0 2 3 3 2 0 2 3 2 0 0 3 1 3 1 2 2 1 2 2 3 1 1 2 1 1 3 2 1 2 3 2 0 0 0 3 0 2 1 1 1 2 1 3 3 3 3 1 1 3 3 3 1 1 0 2 2 3 2 3 2 0.3149427404 2
3 3 0 1 0 1 3 3 2 2 1 0 1 1 3 0 2 0 0 1 1 2 0 2 3 2 0 0 3 2 0 2 2 1 1 0 0 2 1 3 3 0 2 2 0 3 1 0 2 3 0 3 3 3 0 2 2 2 1 0 2 2 0 2 0.4085837192 2
3 2 0 0 1 1 0 1 3 3 3 0 2 2 3 1 3 0 1 0 1 1 0 1 1 1 1 1 1 0 3 1 3 2 2 2 0 0 2 1 3 0 1 2 1 1 2 1 2 0 2 3 0 1 2 3 2 3 3 1 3 1 3 3 0.5501265818 2
3 0 1 0 2 0 2 0 2 3 3 2 0 0 0 1 0 3 3 0 3 0 2 3 3 3 1 0 3 3 3 2 0 1 1 3 1 2 0 0 1 3 3 3 2 2 2 0 3 2 1 2 3 2 3 0 1 3 0 3 2 2 1 2 0.3214509738 2
2 3 2 1 2 3 2 2 2 3 0 2 2 1 0 0 3 0 0 1 1 2 2 3 2 0 0 2 3 3 0 2 3 1 1 1 2 2 3 3 2 0 1 1 0 3 0 0 2 1 2 2 0 3 0 0 2 0 0 3 3 3 3 1 0.300227391 2
1 1 1 0 1 0 1 2 3 3 1 3 0 3 2 2 1 3 3 0 0 0 3 0 2 3 1 1 0 3 2 1 3 1 1 3 3 0 0 1 0 3 2 3 3 2 2 3 0 2 1 2 2 3 0 1 1 0 0 0 0 0 3 0 0.554352659 2
2 1 3 3 1 3 3 3 0 3 3 2 1 1 3 1 0 2 1 2 3 1 1 1 3 3 1 0 0 1 3 1 3 2 0 0 3 3 0 0 3 2 1 2 1 1 0 1 3 1 0 0 2 3 1 2 2 2 0 2 1 1 0 2 0.4493617321 2
3 1 1 3 1 2 1 2 1 2 3 2 3 1 0 3 3 1 3 3 0 0 0 3 0 3 2 0 2 1 3 1 1 0 0 3 0 1 2 3 2 2 3 1 2 0 0 0 2 0 3 1 3 1 1 0 1 1 3 0 1 0 1 1 0.3536662258 2
2 3 2 0 1 0 1 0 0 0 1 3 0 2 2 2 0 1 1 3 3 3 2 0 0 2 1 0 0 3 3 2 2 3 1 3 3 2 2 3 0 2 2 2 0 3 2 1 1 1 2 0 0 2 0 3 0 0 0 1 2 1 2 1 0.2795411851 2
1 2 1 3 3 1 1 0 3 2 2 1 0 0 1 2 3 0 1 2 2 1 0 1 0 3 0 3 3 1 0 3 3 2 1 2 2 3 2 1 2 3 1 1 3 0 0 0 2 2 0 1 1 2 0 1 0 2 3 2 1 2 1 1 0.3975748771 2
2 1 0 2 1 1 0 1 1 3 0 0 1 2 0 1 2 1 1 3 2 1 0 0 1 1 1 3 0 3 0 2 0 1 3 3 1 2 0 3 1 3 2 0 0 1 2 0 0 1 2 0 0 3 2 3 2 1 0 1 0 0 3 0 0.387499617 2
0 2 3 3 1 2 3 0 2 1 1 2 1 1 2 3 0 0 3 1 3 1 3 0 2 3 3 0 1 2 0 0 0 2 2 1 2 1 2 1 3 0 2 3 0 3 3 2 1 1 0 3 2 2 2 2 3 0 3 1 3 3 1 3 0.317126365 2
1 0 1 0 1 1 3 2 2 2 1 0 1 3 2 0 0 3 3 0 0 2 3 3 1 1 1 0 0 0 2 2 2 1 0 2 3 0 0 1 0 2 0 1 3 2 1 1 3 1 0 2 3 2 1 2 2 0 1 2 0 2 1 0 0.2913712585 2
1 0 1 0 3 0 3 1 0 2 3 0 3 0 3 2 3 2 3 3 1 2 3 2 3 3 2 3 1 3 2 3 2 1 1 0 0 2 0 2 3 3 3 3 0 1 2 3 2 1 1 1 2 3 3 1 1 1 3 3 1 2 3 0 0.639382093 2
0 2 3 0 0 1 3 0 2 2 1 2 2 3 1 3 1 2 0 1 3 1 1 0 0 2 3 1 2 3 0 1 2 2 1 0 2 2 2 0 1 3 2 1 0 0 3 0 1 2 1 2 1 2 3 2 1 2 0 2 0 0 1 0 0.304978078 2
3 0 2 1 3 0 2 0 1 2 3 3 2 1 0 2 2 0 0 0 1 2 0 0 3 3 0 2 3 1 3 1 3 3 0 2 2 3 0 0 1 0 3 1 2 2 0 2 1 3 1 3 2 0 0 3 2 1 1 1 3 1 2 2 0.3709615778 2
3 3 1 3 2 1 0 2 2 2 2 1 0 1 3 0 3 1 2 3 0 3 3 3 1 2 1 2 2 0 3 0 2 3 0 2 1 1 0 0 2 0 1 2 3 3 2 0 3 2 0 1 1 0 2 3 0 1 2 2 3 3 1 3 0.3727036241 2
0 3 2 0 1 0 3 2 1 2 1 0 0 1 3 3 0 1 3 2 3 3 0 1 1 2 2 0 3 3 0 2 3 0 2 2 2 2 0 2 1 3 1 0 1 3 3 0 3 1 3 2 2 0 2 1 2 0 0 1 1 3 0 0 0.3074123402 2
2 2 3 2 1 3 3 0 3 0 3 0 0 3 1 1 0 3 2 1 1 1 0 2 3 0 1 3 1 0 3 1 2 1 0 1 3 3 3 2 1 1 2 1 1 2 3 1 2 3 3 2 2 3 1 1 0 3 1 2 0 1 0 0 0.2918317294 2
1 3 3 0 1 0 2 0 1 2 1 3 3 0 3 2 3 3 3 2 0 1 1 2 1 1 1 3 3 0 2 1 1 2 3 0 0 3 1 2 0 3 3 1 2 3 0 0 0 3 0 1 2 2 2 2 3 1 1 0 2 1 0 0 0.3950774274 2
3 3 1 2 0 2 2 3 3 1 3 3 0 3 0 0 0 1 2 1 3 2 2 3 3 2 3 0 0 3 1 3 1 3 1 1 1 0 0 0 0 0 1 3 3 2 1 2 0 0 0 3 1 3 0 3 0 0 3 1 0 0 2 1 0.3174643992 2
3 2 1 3 2 1 0 0 2 0 3 2 1 1 2 1 1 1 1 1 3 1 3 0 1 0 3 1 0 0 3 1 1 3 2 2 3 1 2 1 2 1 3 0 3 2 1 2 2 1 2 2 1 1 1 2 3 2 2 2 3 3 3 1 0.3484826572 2
2 2 1 0 1 3 0 1 2 1 3 3 2 2 2 0 0 0 2 2 0 3 3 2 1 1 3 1 0 2 1 3 0 1 3 2 0 0 3 3 3 3 1 1 3 3 3 0 0 2 0 2 3 1 0 2 1 2 3 0 0 3 1 2 0.2971110716 2
0 3 0 3 3 2 3 0 1 3 1 3 2 0 3 0 0 1 3 3 2 1 3 1 2 2 0 3 0 3 3 3 3 2 3 3 1 0 1 0 1 3 2 1 1 1 2 0 1 0 0 3 3 1 2 2 3 2 3 1 0 0 3 3 0.283507006 2
1 3 1 1 2 1 1 2 0 0 3 3 2 3 3 3 0 2 0 2 3 2 2 3 0 1 3 2 1 3 0 2 2 1 0 3 2 0 3 3 2 3 0 2 0 1 2 0 0 1 2 2 3 0 0 2 0 0 2 3 1 3 0 0 0.3092983413 2
2 2 0 1 2 1 3 1 2 1 2 2 3 1 2 1 1 0 0 2 3 2 2 0 0 2 0 3 0 1 3 1 3 3 0 1 0 2 1 0 2 1 0 0 2 2 3 1 2 1 3 3 1 1 1 0 0 2 1 1 3 0 1 1 0.3448819218 2
2 1 0 0 1 2 2 1 2 3 2 2 0 2 3 1 3 3 0 2 1 2 3 2 2 3 1 2 0 1 0 1 1 1 2 2 2 0 2 2 1 0 2 0 3 1 2 1 0 2 3 2 0 0 2 1 1 2 2 0 2 1 2 1 0.3716235242 2
2 3 3 2 1 0 0 0 0 0 3 1 3 2 0 1 0 1 3 1 3 3 0 0 0 3 2 3 3 3 2 1 0 3 1 3 0 2 3 1 3 2 0 1 0 2 0 2 3 0 2 2 2 3 3 0 0 2 0 0 3 2 3 3 0.3035834115 2
0 3 1 2 1 2 1 2 2 0 1 3 0 3 0 2 3 2 2 2 1 2 2 2 0 2 1 0 3 3 1 2 0 1 2 0 0 2 0 1 0 2 3 1 1 1 0 1 3 3 0 3 0 1 1 2 0 2 0 1 1 0 3 3 0.3410072036 2
1 3 2 3 1 1 2 3 1 1 3 0 2 1 2 0 1 1 1 2 3 1 3 2 3 3 0 2 3 1 1 0 3 0 1 0 2 0 0 1 3 3 1 3 0 0 0 2 2 0 1 0 3 1 1 2 3 3 2 1 2 1 0 3 0.4286189735 2
3 1 0 0 3 2 2 2 0 1 1 3 2 3 0 1 2 3 1 2 1 1 3 2 1 2 0 0 0 2 2 2 3 3 2 2 0 2 3 3 0 2 2 0 0 1 1 1 3 3 2 2 1 1 2 3 2 3 2 3 1 0 3 0 0.3096983592 2
0 2 2 1 2 3 0 1 1 1 1 3 1 0 1 2 2 1 3 3 1 3 0 0 0 1 1 2 1 1 1 1 2 1 0 0 3 3 2 1 2 0 0 0 0 3 2 1 1 2 1 0 3 3 3 3 1 2 3 0 2 3 0 2 0.2862597062 2
3 1 2 1 0 3 0 1 0 1 1 2 0 2 3 3 2 1 0 1 2 2 3 0 2 0 1 3 1 2 2 3 3 3 3 3 1 1 2 3 2 2 1 2 1 1 3 0 2 2 3 2 3 1 0 2 2 1 1 1 1 3 3 2 0.3572822687 2
3 1 0 1 2 0 1 3 1 1 2 0 2 3 2 0 3 3 3 2 2 2 3 0 1 3 1 0 1 2 0 1 3 0 1 1 0 2 0 0 1 0 0 1 0 0 2 0 1 1 1 0 2 1 2 2 0 3 1 1 0 0 1 3 0.304978078 2
1 3 3 2 1 3 1 1 0 1 0 2 1 1 0 0 1 0 1 2 3 1 3 3 0 2 3 2 1 0 0 1 1 1 1 2 3 0 3 3 2 0 0 3 3 1 3 0 3 3 3 3 3 1 2 1 3 3 1 3 3 1 2 3 0.3810839291 2
3 1 2 0 2 3 2 1 3 3 3 3 2 2 1 0 0 2 1 3 1 2 0 3 0 3 0 2 3 1 0 2 3 0 1 0 0 0 2 1 0 2 3 3 1 3 3 0 1 0 0 2 3 1 1 1 3 1 3 0 2 3 1 3 0.3005423822 2
0 0 3 0 2 0 1 3 0 2 0 1 3 0 0 2 0 3 0 2 1 3 0 2 2 3 3 3 1 3 0 0 3 0 0 1 0 1 0 3 0 3 1 3 3 2 1 3 3 2 2 2 3 2 0 3 2 3 2 2 2 2 0 1 0.3484826572 2
3 1 1 2 2 3 2 3 0 2 2 0 0 0 3 3 0 3 2 2 1 0 1 3 2 3 0 2 3 3 0 1 0 0 0 2 0 1 3 3 2 3 0 3 1 1 2 0 3 3 2 3 3 0 1 0 0 1 3 0 2 0 3 0 0.4037797985 2
1 3 0 2 0 1 0 2 2 0 3 2 2 3 2 2 0 0 3 3 2 2 2 3 0 1 2 2 3 2 0 2 3 0 1 3 0 2 3 0 1 0 0 0 2 2 3 2 0 1 0 0 3 2 2 0 2 3 1 0 0 0 2 0 0.282163914 2
1 0 1 3 0 1 1 2 1 3 0 3 3 0 3 0 2 2 3 1 2 3 1 3 2 0 2 3 2 1 0 1 3 3 1 3 0 3 3 2 2 1 2 3 3 3 0 3 2 2 1 1 3 2 2 2 2 1 2 3 0 2 2 3 0.3747982034 2
2 2 1 1 3 2 3 0 2 2 1 2 2 1 1 0 3 2 1 1 0 2 2 2 0 0 3 2 3 0 0 0 2 3 2 3 1 3 1 3 3 3 2 3 0 3 0 1 2 3 0 1 2 3 2 0 2 3 0 3 3 2 1 0 0.296435322 2
1 2 1 2 2 3 1 0 2 3 2 3 1 2 2 1 0 2 0 0 0 2 2 0 0 0 2 3 3 3 0 3 3 1 1 2 1 2 2 3 2 3 0 2 0 3 2 1 1 2 3 0 1 2 0 1 2 1 1 2 0 3 3 3 0.3165269877 2
0 1 1 3 3 0 1 3 1 3 1 3 3 2 0 0 3 0 1 2 1 1 1 1 3 3 2 2 3 2 1 0 2 0 0 1 3 2 1 3 2 3 1 2 1 0 0 1 0 1 2 1 1 1 3 3 3 1 1 1 3 0 0 1 0.304113536 2
0 0 3 1 1 1 1 1 0 2 0 2 0 3 2 3 1 1 3 1 0 2 2 0 2 3 0 2 1 1 3 3 2 3 3 1 3 0 1 1 3 1 2 1 1 3 0 0 3 2 3 3 3 0 2 0 0 3 3 3 1 2 3 1 0.3270735353 2
3 2 1 2 0 1 2 2 0 1 3 1 3 3 2 1 0 3 2 1 3 0 1 0 1 0 1 1 0 2 1 3 2 1 3 1 2 2 0 3 0 2 3 1 2 0 2 0 1 3 0 3 0 2 1 2 3 1 1 1 3 2 3 0 0.4565940367 2
1 1 2 2 3 2 0 2 2 2 1 3 0 1 0 0 0 3 3 3 0 1 3 3 3 1 3 1 1 2 3 0 2 0 3 2 1 1 3 3 2 0 1 2 3 1 1 2 3 0 0 0 3 3 3 2 2 2 3 2 2 2 3 0 0.3414259786 2
3 0 3 2 3 3 0 2 1 2 2 0 3 1 2 2 0 2 3 0 2 3 2 3 1 0 2 2 2 2 1 1 0 2 3 3 3 2 1 3 3 3 2 0 1 1 0 2 2 3 1 3 1 0 2 3 1 2 1 3 3 3 0 1 0.2910879078 2
2 3 1 2 1 0 2 0 1 1 2 2 2 2 2 1 2 1 3 2 0 2 2 1 0 0 3 0 0 1 3 1 3 1 2 3 1 1 0 2 2 3 0 0 0 3 0 1 3 2 2 1 0 2 2 0 0 0 1 3 3 1 0 2 0.3024094072 2
1 2 2 3 2 3 0 3 2 1 0 2 1 3 3 3 1 0 1 1 2 3 3 3 1 3 1 3 1 2 2 2 0 1 3 3 0 2 2 3 0 3 1 0 2 0 1 3 0 2 3 2 2 0 2 0 1 3 1 2 0 2 0 0 0.2898979486 2
1 2 1 1 2 1 0 2 3 0 2 0 3 3 0 0 0 2 3 0 1 0 0 2 3 0 1 2 0 0 0 2 3 3 2 3 3 0 0 2 2 3 1 1 2 1 3 3 2 2 0 3 2 1 3 1 0 2 3 3 2 1 2 0 0.375585761 2
0 0 2 3 2 3 1 2 1 0 3 0 2 2 3 3 0 1 2 0 1 1 0 0 0 0 1 3 1 2 3 2 3 2 3 1 0 3 0 3 3 1 0 3 3 3 0 3 2 1 3 0 0 1 3 1 2 0 2 0 1 2 2 2 0.2834459848 2
2 1 0 1 3 1 1 3 3 1 0 1 1 3 1 0 1 0 0 1 2 2 3 0 1 2 0 0 0 0 3 2 3 1 2 2 1 3 3 2 0 0 0 0 3 3 3 0 0 2 0 0 2 3 0 3 1 3 1 3 0 3 3 1 0.4105612539 2
3 3 3 3 3 3 1 1 0 0 3 2 3 2 2 1 1 0 3 1 3 3 3 3 1 2 1 0 1 0 1 1 3 2 2 2 2 0 3 3 2 1 2 3 0 0 1 1 1 2 1 0 2 1 3 0 2 3 0 0 0 2 0 3 0.381255698 2
1 0 0 0 0 1 3 1 0 3 1 0 3 0 1 2 0 0 0 0 2 3 3 3 0 1 2 1 3 2 3 2 0 3 0 3 3 0 1 0 3 3 3 2 3 3 3 2 1 1 1 1 2 1 3 1 2 2 1 2 2 3 3 3 0.3281245109 2
3 3 2 3 0 3 0 2 0 3 3 3 1 3 0 2 0 0 2 1 2 3 3 3 3 3 2 3 3 0 0 0 3 3 0 1 3 1 0 0 2 0 1 1 0 1 0 2 3 2 0 0 0 1 2 3 2 2 0 2 0 0 2 0 0.3665354679 2
0 3 3 2 1 1 2 3 3 3 3 3 0 1 2 3 0 0 3 2 1 2 2 2 2 3 2 2 3 3 1 1 2 0 1 0 0 1 1 3 0 1 1 1 3 2 0 2 1 0 1 1 3 2 2 3 2 1 3 0 3 2 0 3 0.450907115 2
3 0 1 2 3 3 0 1 3 3 3 0 2 2 0 1 2 0 3 1 1 3 2 0 0 3 2 0 3 1 2 2 0 3 2 2 1 3 3 3 3 1 1 0 0 0 2 3 0 2 2 2 0 2 0 1 1 0 2 1 1 3 2 2 0.5761894145 2
3 3 1 0 3 1 3 1 1 0 3 1 1 1 0 0 2 2 2 0 0 2 0 2 3 2 3 2 0 0 3 0 3 3 3 3 2 1 3 1 2 0 3 0 2 1 3 0 3 1 2 0 0 3 1 1 3 1 2 3 2 1 3 3 0.3102148911 2
1 2 2 2 2 3 0 0 1 2 1 2 3 3 3 1 0 1 0 2 1 2 3 3 1 1 1 0 0 2 1 2 0 0 1 0 1 3 0 3 1 2 3 1 1 0 1 0 0 0 2 0 0 0 1 1 2 0 3 0 1 1 2 0 0.3688481083 2
3 0 3 3 0 3 1 3 2 0 1 1 3 2 0 3 0 0 1 3 1 0 2 3 1 3 0 3 1 1 2 3 0 2 2 0 1 2 0 1 1 1 2 0 2 3 0 1 3 0 3 0 3 0 2 3 2 0 2 2 1 1 0 1 0.4219915338 2
1 3 1 2 1 1 3 3 0 3 1 0 1 1 1 2 0 3 1 3 3 2 3 3 1 1 2 0 2 2 3 2 0 3 3 0 2 1 0 3 0 3 2 2 3 1 0 1 1 0 3 1 1 3 3 3 2 3 0 1 2 0 1 0 0.304978078 2
1 1 1 0 3 3 1 3 2 0 2 0 3 1 0 1 0 2 3 2 3 2 0 1 2 3 3 0 3 2 0 1 2 3 0 0 2 0 3 0 2 3 3 1 3 1 0 2 3 2 0 0 0 0 0 0 3 2 1 3 2 0 3 1 0.3835303427 2
3 3 0 0 3 1 0 3 1 1 2 3 2 1 2 1 0 2 3 0 0 2 0 3 3 3 2 1 1 2 1 2 3 0 2 1 3 0 3 3 3 0 0 2 1 1 2 1 0 1 2 0 0 2 0 3 1 2 2 0 1 0 0 2 0.3112767781 2
1 2 1 0 3 1 2 1 2 3 1 1 0 0 1 0 0 0 2 2 0 2 0 0 1 3 0 3 0 3 1 0 2 0 0 1 3 3 3 0 1 1 3 2 0 3 0 3 3 3 2 2 3 3 1 3 3 0 0 3 3 1 1 1 0.2939482254 2
0 3 1 0 3 2 3 2 0 2 1 0 0 0 2 1 3 1 1 1 0 0 0 0 2 2 1 2 1 3 3 1 0 2 0 0 3 0 3 1 3 2 1 3 2 2 3 3 1 0 2 3 1 1 0 1 1 3 3 2 2 3 0 0 0.3193901603 2
0 3 1 3 3 1 3 0 3 1 2 1 0 3 1 1 1 3 1 1 3 2 0 0 3 3 1 0 0 0 0 0 3 0 0 0 2 0 0 1 2 0 1 1 2 0 2 3 2 3 0 2 0 1 2 2 2 2 1 2 3 1 0 0 0.387499617 2
1 1 0 1 0 3 0 1 2 2 0 0 0 0 2 2 3 3 1 1 1 2 3 0 0 1 1 2 1 3 3 1 2 0 1 0 3 0 1 3 0 0 0 1 2 3 0 2 1 1 2 0 3 0 2 2 0 2 3 2 0 0 2 2 0.5071671483 2
0 0 0 0 0 2 0 2 0 0 3 1 2 1 0 2 3 1 3 2 0 1 1 0 3 3 3 1 1 2 2 2 1 2 0 2 0 3 0 1 2 2 3 0 0 3 3 0 1 3 2 3 3 3 1 0 2 0 2 2 1 2 0 1 0.3169050227 2
0 1 3 0 2 3 3 3 1 2 3 2 0 0 2 0 0 1 0 1 0 0 0 2 0 1 3 2 3 2 0 2 1 3 1 1 0 3 1 3 3 3 3 3 0 2 2 0 2 2 1 1 3 0 3 3 3 3 1 0 3 3 2 2 0.317756027 2
1 2 1 3 0 2 1 3 2 2 3 2 0 3 0 3 2 0 3 0 3 1 2 3 3 1 2 2 3 2 3 3 1 1 1 2 2 2 1 3 0 1 3 3 3 2 0 1 3 1 2 1 3 3 0 2 3 1 2 1 3 0 0 3 0.5071671483 2
1 2 3 3 2 0 2 0 1 3 3 3 1 0 2 1 0 2 2 0 2 0 2 3 2 3 3 3 1 0 1 3 0 1 3 2 1 1 2 1 3 0 0 0 1 2 1 1 0 2 2 0 1 0 3 2 2 2 3 3 1 3 0 2 0.2767043556 2
3 0 0 2 3 1 2 2 1 2 0 0 0 1 3 3 0 3 3 1 1 1 2 1 0 2 2 2 0 1 2 3 3 1 2 1 2 0 3 0 2 0 3 0 2 3 2 1 3 3 0 2 3 0 1 0 1 2 2 2 1 1 1 1 0.3208092227 2
0 3 1 3 1 3 0 1 2 0 1 3 2 2 2 2 0 2 0 0 1 1 2 2 0 3 1 0 1 0 1 1 3 3 3 3 2 3 2 0 1 1 2 0 0 1 1 0 1 0 0 3 3 1 2 3 1 1 3 0 2 1 1 0 0.7293039946 2
3 1 2 0 1 3 3 3 0 3 2 0 2 1 0 3 3 3 0 0 0 2 0 0 1 0 1 3 0 0 3 1 1 0 2 0 2 0 3 1 0 1 2 3 2 1 3 0 3 3 0 0 2 2 2 3 3 1 2 3 3 1 0 2 0.3295815643 2
1 2 2 2 2 3 3 1 1 1 2 2 2 0 1 1 3 1 3 0 2 2 2 1 3 0 3 0 0 3 2 1 3 0 2 1 1 3 3 1 1 3 1 1 2 1 0 0 2 1 2 0 1 2 0 2 1 2 0 3 2 2 1 0 0.3063950271 2
3 2 1 1 1 0 2 2 3 1 1 2 1 1 2 2 3 0 1 3 3 0 0 3 3 3 3 1 3 0 3 3 0 0 0 2 0 2 1 2 2 3 0 2 1 1 1 2 3 1 0 3 0 2 1 1 3 3 0 3 2 2 0 0 0.2809518539 2
0 1 3 1 1 2 0 1 3 2 3 0 1 3 1 3 0 0 0 2 1 3 3 2 3 2 0 3 1 0 0 1 0 1 0 0 3 0 3 1 1 1 3 0 0 0 0 2 2 1 2 2 0 1 0 1 2 1 3 0 0 3 3 3 0.3295815643 2
1 0 1 2 2 0 1 0 3 2 2 0 1 2 3 0 1 2 0 0 3 0 3 3 2 0 3 3 2 3 2 2 2 3 0 0 0 2 2 3 3 3 2 3 0 1 0 2 3 1 1 2 3 3 2 3 3 3 1 2 2 0 1 2 0.4239685927 2
1 1 0 3 0 3 1 3 1 1 2 3 3 1 3 1 1 0 3 3 0 2 0 1 1 2 1 0 1 3 0 2 1 1 3 2 2 0 3 0 3 3 1 3 1 0 0 1 1 3 0 1 1 1 1 1 0 3 3 0 0 0 0 3 0.3439144051 2
1 3 2 3 0 1 1 3 2 2 2 1 0 0 1 3 1 1 3 3 3 1 1 0 1 1 3 3 1 2 2 1 0 3 1 3 3 0 2 3 3 1 3 0 1 2 3 0 2 3 3 0 2 3 3 2 2 3 1 0 2 2 1 1 0.388756727 2
3 2 2 1 3 3 3 3 3 0 3 3 0 1 1 1 1 0 0 2 0 2 2 0 2 3 1 3 2 1 2 2 0 1 1 1 3 1 2 2 0 0 2 2 1 3 2 0 3 3 2 3 1 3 0 3 0 0 0 1 3 0 3 3 0.3078967114 2
2 1 0 0 3 3 0 0 0 0 2 3 1 0 0 0 3 3 3 1 1 3 0 3 3 3 1 2 0 2 3 3 2 3 0 3 1 0 1 2 2 1 2 3 1 0 3 0 2 1 1 3 0 1 0 0 2 2 0 0 3 3 3 2 0.443217208 2
1 1 3 3 2 1 2 1 0 1 0 0 2 0 1 0 0 3 2 3 0 1 1 2 1 2 0 1 2 2 2 2 1 1 3 2 0 1 3 0 2 0 2 3 1 2 0 3 2 1 3 1 0 1 1 1 2 2 3 2 3 3 1 3 0.317756027 2
1 1 2 0 0 3 3 1 3 0 3 2 0 0 3 2 3 0 2 1 3 3 3 2 2 3 2 3 1 1 1 3 1 2 0 0 0 0 1 3 0 1 3 1 0 0 3 1 2 1 0 3 3 0 1 2 0 3 1 1 0 3 2 1 0.2808421696 2
0 2 1 3 2 3 3 0 0 1 0 3 2 0 0 0 3 3 1 0 0 3 2 0 2 2 2 1 1 0 2 1 3 1 0 1 0 3 0 0 1 0 1 3 2 3 3 3 0 2 1 0 1 0 0 1 3 2 0 0 1 0 0 1 0.3326052574 2
2 0 2 0 2 1 3 0 2 1 3 3 3 3 0 0 2 3 0 2 0 2 3 1 1 2 3 0 3 3 2 3 3 2 3 1 0 1 2 0 3 1 2 2 3 3 2 0 0 2 0 2 1 2 1 3 2 3 2 0 3 1 0 3 0.282163914 2
1 2 3 0 1 3 3 1 2 1 0 1 3 3 2 2 2 1 3 3 2 2 1 3 1 3 3 3 1 1 3 1 1 3 2 1 1 1 2 1 3 3 0 3 3 1 2 3 2 0 0 1 2 0 2 1 2 1 0 0 3 0 2 1 0.4472135955 2
2 1 1 3 0 3 0 3 3 2 3 0 2 0 0 3 1 3 3 0 3 0 0 2 3 1 3 1 2 0 1 3 1 3 1 1 2 1 0 2 2 1 2 0 2 0 1 2 3 2 2 2 3 3 1 1 1 3 2 2 1 2 3 3 0.3392530566 2
3 2 3 1 0 1 2 1 1 2 2 3 3 3 0 0 3 1 2 1 0 1 2 3 1 2 2 2 2 0 3 3 2 2 3 1 3 3 0 2 3 1 2 3 1 1 1 1 3 2 0 2 3 0 3 2 1 0 2 0 2 1 3 1 0.2958353457 2
0 2 2 1 1 0 2 1 2 1 1 2 3 2 3 1 2 1 2 1 3 0 3 1 0 3 1 0 1 0 1 0 1 1 2 2 3 3 3 2 2 1 2 1 2 3 2 2 0 3 0 0 0 0 0 0 0 0 2 0 0 0 0 0 0.36168823 2
2 1 3 2 0 0 1 0 2 3 3 3 0 3 1 1 1 2 0 2 1 1 2 1 0 0 2 1 3 0 1 1 1 0 0 2 1 3 0 1 2 3 1 0 1 1 0 1 2 1 0 2 2 3 3 3 0 0 3 1 3 3 2 3 0.4693139434 2
2 0 1 1 2 2 2 2 3 2 3 3 3 2 3 3 3 2 3 2 0 3 2 2 0 1 3 1 1 3 1 1 0 2 1 2 1 0 2 1 3 0 0 1 1 0 3 2 3 3 3 3 3 3 1 0 2 3 3 0 0 2 1 2 0.2976033507 2
3 3 3 2 2 1 1 0 3 2 1 3 1 1 0 0 0 2 3 2 0 1 3 3 3 1 1 2 3 3 3 0 0 0 0 0 3 3 0 3 2 0 2 1 3 2 0 0 1 0 2 2 1 0 3 0 0 3 1 0 0 3 1 2 0.3352662227 2
2 3 0 1 3 1 3 1 3 1 0 1 2 0 2 1 3 0 0 2 2 1 0 3 3 2 0 2 3 1 0 1 3 3 2 0 2 3 3 3 0 1 3 3 0 1 1 0 0 0 1 2 3 0 2 0 0 2 1 1 0 1 0 2 0.2918317294 2
2 3 0 0 3 3 2 3 3 2 1 1 0 0 0 2 2 0 2 2 1 0 0 0 0 3 3 0 1 2 1 2 0 3 1 1 3 3 1 0 1 0 0 2 1 2 0 1 3 2 1 1 3 1 3 2 0 0 3 1 1 2 2 0 0.2891707476 2
0 3 2 2 1 1 2 1 1 1 3 2 2 2 0 2 2 2 2 0 0 0 2 3 2 2 3 1 1 0 3 2 3 2 0 3 1 3 2 0 2 0 0 2 0 0 3 1 1 0 0 3 0 2 3 0 3 1 3 0 0 0 1 1 0.6047417191 2
3 3 2 3 3 2 1 2 0 2 2 0 0 2 3 0 1 1 3 3 1 2 0 2 2 1 1 2 1 1 0 2 3 1 0 3 1 0 0 1 2 1 3 3 3 0 1 0 3 2 3 0 0 0 2 1 0 2 0 1 0 3 1 1 0.303785526 2
3 3 3 3 1 0 2 2 3 0 3 2 2 0 1 3 1 0 1 0 0 2 2 3 2 3 0 1 0 3 0 2 1 2 1 3 0 3 0 0 3 2 3 3 0 1 0 0 0 3 1 3 1 2 3 0 1 0 2 3 2 2 3 3 0.3142042283 2
1 3 3 3 0 3 0 2 3 3 0 2 2 3 3 1 0 1 2 1 2 1 2 3 0 2 2 2 1 3 3 3 1 3 2 1 1 3 2 1 1 1 1 3 0 3 3 2 2 1 2 3 1 3 3 1 1 3 3 0 1 3 1 0 0.3782152685 2
2 1 0 1 3 0 3 3 1 3 2 1 0 3 1 2 2 1 2 1 0 3 2 0 2 3 3 0 1 3 0 3 3 2 3 1 1 2 2 1 2 0 1 2 0 1 0 1 3 0 2 2 1 0 0 1 2 1 2 3 1 1 2 0 0.3683691446 2
3 1 2 2 0 0 3 2 2 0 2 0 0 3 2 1 3 0 0 0 3 2 0 3 1 2 0 1 2 2 2 2 2 1 1 1 3 2 0 3 2 0 1 0 0 3 3 0 0 2 1 0 1 1 0 3 0 1 0 2 0 1 0 0 0.3539604037 2
3 1 1 3 3 2 0 0 3 1 2 0 0 2 1 1 1 0 3 3 3 3 2 3 0 1 3 3 1 3 3 1 1 0 3 1 1 2 0 1 3 1 2 3 1 2 3 2 1 0 0 3 1 0 3 1 2 2 0 2 0 1 2 0 0.5071671483 2
0 2 1 1 2 1 1 3 1 0 2 1 2 2 0 3 0 0 3 0 0 0 3 2 0 0 1 1 3 1 0 3 3 0 2 0 1 2 3 3 1 2 1 2 1 3 3 0 2 1 1 1 2 0 1 3 0 0 1 3 0 1 0 1 0.3847411572 2
2 2 2 1 1 1 1 3 3 0 1 0 2 2 0 3 3 2 2 1 1 1 3 1 2 3 0 2 1 1 2 2 0 1 0 1 2 2 2 1 0 1 0 1 0 2 2 1 3 0 1 2 2 0 2 2 0 2 1 2 0 1 3 1 0.3648032809 2
3 3 1 0 0 0 2 0 1 0 2 2 1 3 2 1 2 2 0 3 3 3 0 0 2 2 1 1 0 2 2 2 1 3 1 1 3 2 3 3 3 3 1 1 0 3 0 2 1 1 3 0 0 2 1 0 2 2 2 3 1 3 1 2 0.3255563301 2
3 2 0 0 1 0 0 0 0 3 0 0 0 2 3 0 3 3 2 2 2 0 0 3 2 2 3 2 2 3 3 1 3 1 1 1 0 1 3 1 1 1 0 0 3 0 2 0 0 0 3 3 1 0 2 3 2 0 1 0 1 0 2 2 0.4467121681 2
3 2 1 0 1 1 2 3 2 3 2 3 0 1 0 1 0 1 3 0 2 1 0 0 1 1 0 1 0 1 0 0 1 3 1 1 2 2 0 3 1 0 0 1 2 3 2 1 1 0 0 0 3 2 1 0 2 1 0 1 3 3 2 2 0.3364806498 2
3 0 0 3 1 0 2 3 1 0 1 1 1 0 2 0 2 0 0 2 0 2 3 2 1 1 1 3 0 2 1 3 2 1 3 3 2 2 2 1 0 3 1 1 1 2 1 0 3 2 0 0 3 2 0 0 0 0 1 3 0 2 0 0 0.4107006147 2
3 2 3 0 1 1 2 1 2 0 3 3 0 2 3 3 1 0 0 2 0 0 0 0 0 3 3 2 1 3 3 1 1 1 1 3 2 0 3 3 3 0 0 0 2 3 1 2 1 0 3 3 1 2 3 1 0 3 2 2 0 1 3 2 0.5453467918 2
1 3 1 0 3 2 1 0 2 2 1 1 1 1 0 0 1 3 3 0 3 2 2 3 1 0 2 2 3 3 2 3 1 3 3 0 1 3 0 0 0 2 3 1 2 2 1 1 1 1 0 0 3 3 3 1 2 1 0 0 1 3 3 2 0.4248910607 2
0 1 1 0 1 0 1 0 2 2 3 3 1 2 2 2 0 2 1 1 0 2 2 2 2 0 2 2 1 2 2 0 1 1 2 2 3 2 0 2 0 0 1 1 3 3 0 0 3 0 1 0 0 1 3 0 0 2 3 0 3 0 3 1 0.3204503102 2
2 2 1 3 2 0 0 1 0 2 3 2 3 2 1 3 0 3 0 0 2 2 0 0 0 3 1 0 1 3 2 0 1 3 0 1 2 3 2 1 1 0 2 1 1 2 1 2 1 1 3 3 1 2 0 1 1 1 2 2 0 3 0 2 0.5037322066 2
3 3 1 3 1 2 3 1 2 1 0 3 0 1 0 3 3 2 3 2 3 2 3 2 0 1 1 3 0 1 0 3 1 0 0 2 2 2 1 0 0 0 3 2 2 0 3 3 0 3 0 2 2 1 3 0 0 1 2 2 0 2 0 3 0.4037797985 2
0 3 3 2 2 3 3 2 3 3 1 0 1 2 0 2 3 0 2 3 1 2 0 1 1 3 2 2 3 0 3 0 0 0 1 2 3 0 2 3 1 3 2 3 0 2 1 2 3 3 3 0 0 2 0 3 0 2 1 0 1 0 0 3 0.2852984217 2
3 2 1 0 0 1 0 0 3 3 1 3 1 1 2 3 3 2 0 2 0 1 1 2 0 0 1 3 2 2 0 3 2 0 0 0 2 0 3 2 2 0 3 0 2 0 0 2 2 3 0 3 0 2 3 0 3 3 3 1 1 0 0 0 0.3005423822 2
2 2 0 0 1 3 0 2 1 2 2 1 3 0 2 1 1 1 1 0 1 2 2 0 3 1 0 1 1 3 2 0 1 0 0 0 1 2 3 1 1 2 1 2 0 1 0 1 3 1 3 0 2 3 2 1 3 3 0 3 0 2 2 2 0.3000332808 2
3 1 1 2 3 1 3 1 3 1 2 3 1 3 3 3 3 1 3 2 2 1 3 2 3 0 2 2 0 0 1 0 0 3 0 0 2 3 3 3 3 0 1 2 2 3 0 2 0 0 3 2 1 3 3 0 3 1 2 2 1 2 3 1 0.3225939386 2
0 2 0 3 2 2 0 2 2 3 3 3 1 2 3 2 0 0 1 2 0 1 1 1 2 0 1 3 1 3 1 2 3 2 1 3 0 0 1 1 3 0 0 1 1 2 3 1 2 2 1 2 1 2 0 3 2 1 1 0 0 1 2 0 0.4076499498 2
2 1 0 0 1 3 2 0 2 0 3 3 2 3 3 0 3 0 1 1 3 1 3 1 2 2 1 3 3 1 2 1 0 2 1 0 2 2 3 3 0 2 1 1 3 3 2 2 0 0 1 3 0 0 1 2 1 1 1 0 2 0 3 0 0.348156794 2
2 2 1 0 1 1 1 2 3 0 3 2 2 0 2 3 0 2 3 3 3 2 3 1 3 2 0 0 0 2 0 2 1 2 1 1 3 0 3 0 3 3 1 0 0 1 3 2 0 2 1 1 3 0 3 3 2 1 2 3 0 3 0 0 0.3364806498 2
1 0 2 3 3 3 0 3 0 2 1 0 1 1 1 1 3 3 0 2 0 1 0 2 0 1 3 3 2 0 3 1 2 0 3 2 2 0 0 3 3 0 3 2 3 3 2 2 2 0 3 2 3 0 1 3 1 1 0 0 1 1 1 2 0.375585761 2
0 0 0 3 2 3 1 3 0 1 1 1 0 2 0 0 0 2 0 3 0 1 1 1 0 2 1 3 0 3 0 3 0 0 1 0 3 3 2 3 3 1 1 1 3 0 3 1 1 0 2 2 2 3 0 3 3 3 2 2 1 2 2 1 0.6123133776 2
1 0 0 2 3 2 0 3 1 3 2 1 1 3 3 3 0 3 0 1 3 0 0 0 0 3 2 1 1 1 2 2 3 1 3 1 0 0 1 3 1 1 1 1 3 0 0 2 1 2 2 0 1 3 3 2 0 3 0 0 0 0 2 2 0.4472135955 2
1 2 0 0 0 0 0 0 1 3 0 2 2 2 1 0 0 2 1 3 3 2 1 2 0 1 1 0 3 3 3 1 1 2 2 2 3 1 3 0 3 1 2 1 3 0 2 0 0 3 2 2 2 2 0 2 0 3 0 1 0 1 0 3 0.3000332808 2
1 2 2 1 3 1 2 1 1 0 0 0 0 1 0 1 1 1 1 0 1 3 3 3 1 0 2 1 1 2 2 1 1 1 2 1 3 1 2 1 2 3 2 3 0 0 0 1 2 1 0 1 0 3 0 0 1 0 0 2 0 2 2 1 0.5593433454 2
3 3 1 0 3 0 2 1 3 0 1 1 0 1 2 1 3 0 2 1 3 3 0 0 2 1 0 0 3 3 0 2 0 3 2 0 1 1 1 0 1 1 2 3 1 3 0 0 0 1 1 1 1 0 1 0 2 0 0 0 0 3 0 0 0.3055166403 2
2 2 1 2 0 0 0 2 2 3 0 0 2 2 1 3 0 3 0 2 3 0 0 0 1 1 1 2 0 1 2 2 1 3 2 0 2 3 0 0 1 1 2 1 1 1 1 2 2 1 3 0 2 0 0 0 0 1 1 3 3 3 3 2 0.3572302587 2
3 0 2 1 3 3 0 0 2 3 2 1 3 0 0 1 1 0 2 3 1 2 3 2 3 0 1 2 0 1 3 2 1 2 2 0 2 0 1 2 3 2 1 2 0 0 1 3 3 0 3 1 3 1 2 0 0 3 0 2 3 2 2 0 0.3018893954 2
1 0 2 2 3 2 1 2 3 0 2 2 3 1 2 3 3 1 1 3 0 2 2 2 2 0 3 2 0 0 0 2 0 0 0 0 1 0 0 0 3 3 0 1 1 1 1 1 2 3 3 3 0 0 0 1 3 3 1 1 3 2 0 1 0.3818795116 2
0 3 3 0 3 3 2 1 1 2 2 1 0 3 1 3 3 2 2 0 0 0 3 1 2 0 2 0 3 2 0 3 1 3 3 1 3 2 3 2 0 3 1 1 3 2 0 1 1 2 3 1 0 3 1 2 2 0 0 3 3 2 2 1 0.3510801119 2
0 0 3 2 3 3 1 0 3 1 0 3 1 3 2 1 2 0 0 2 1 2 0 0 1 2 2 1 2 1 3 1 0 1 1 0 0 3 2 3 2 1 0 3 3 0 0 3 1 1 0 0 3 3 1 2 0 3 0 2 1 3 3 1 0.3418020796 2
3 1 3 1 1 2 1 3 3 3 3 2 1 0 1 0 1 3 0 3 1 1 1 2 0 0 0 0 3 2 0 1 2 1 1 1 3 2 1 2 2 0 2 3 2 2 0 1 2 0 3 3 3 0 3 3 3 2 0 2 3 2 3 0 0.4370276282 2
3 1 0 0 0 2 1 0 0 0 0 1 1 0 2 3 2 3 3 1 0 3 3 0 2 1 3 1 3 1 0 2 1 3 0 3 0 3 3 3 2 0 1 1 3 3 0 3 0 3 0 3 0 3 2 3 2 3 1 1 0 2 0 1 0.446521204 2
2 0 2 0 2 2 0 3 2 1 1 0 0 1 1 2 3 0 2 0 1 1 2 0 1 0 1 2 1 1 2 2 2 2 2 0 3 2 2 0 2 1 2 3 1 3 0 0 0 2 1 2 2 3 1 2 2 3 0 2 2 2 2 1 0.30137244 2
2 3 3 3 1 3 1 1 2 3 3 0 2 0 0 2 3 2 3 2 1 0 2 1 2 2 2 3 1 3 2 1 0 0 3 0 2 3 3 0 0 3 2 3 0 2 0 3 1 2 1 0 0 1 1 0 3 3 2 2 1 2 2 1 0.3314142205 2
3 0 1 2 3 2 3 2 3 2 0 1 3 3 1 1 3 3 2 0 2 2 1 3 1 2 2 0 0 0 0 1 2 3 0 2 1 1 1 1 2 1 0 1 0 3 1 0 2 3 3 3 1 3 0 2 1 3 0 3 0 1 0 0 0.363892531 2
3 1 2 2 0 0 2 1 3 0 2 3 2 2 2 3 3 0 2 3 2 3 2 3 0 3 2 3 3 1 2 1 3 3 3 3 1 3 2 3 3 0 2 3 0 2 3 3 2 0 2 1 1 1 2 2 0 1 2 0 0 0 1 0 0.4983662766 2
1 2 1 1 2 1 1 1 2 1 1 0 1 3 3 2 0 0 2 3 1 1 0 0 2 3 1 2 3 2 0 3 3 3 3 3 1 3 1 3 2 2 1 1 2 2 1 3 0 3 0 3 0 3 2 3 1 0 0 1 2 1 0 2 0.3006345092 2
2 0 0 0 0 0 1 1 3 2 1 3 0 1 2 3 1 2 3 3 1 0 1 2 1 1 0 2 1 0 3 1 3 0 2 2 3 2 2 2 2 3 3 0 2 1 2 2 1 1 0 2 2 0 2 0 1 2 2 1 3 2 2 0 0.2958353457 2
0 3 1 2 0 0 3 0 0 2 1 3 2 1 1 0 0 0 3 3 3 0 1 1 1 2 0 2 1 2 2 1 1 0 0 0 0 3 2 0 3 1 1 2 3 2 1 3 2 2 2 2 1 1 1 0 3 2 2 0 0 0 1 1 0.3374876621 2
2 3 3 3 1 1 3 0 2 1 1 2 1 2 0 0 2 1 1 1 3 1 0 3 2 2 3 3 2 0 2 0 0 3 0 1 2 3 3 3 2 0 3 3 2 2 2 3 3 2 2 1 0 1 3 2 1 1 1 0 0 2 3 3 0.4791499158 2
0 3 3 0 2 3 3 1 3 3 0 0 2 1 2 1 1 3 2 0 2 3 0 1 1 2 1 3 2 2 3 0 2 2 3 2 0 0 3 3 3 2 1 1 1 0 2 0 2 2 0 3 0 0 3 2 0 1 1 0 2 1 0 2 0.3193901603 2
2 0 1 0 2 1 3 3 0 0 0 1 1 1 2 1 1 0 0 2 1 3 3 1 2 2 2 2 2 0 3 3 1 0 1 1 0 0 0 0 1 3 3 2 0 1 1 3 2 2 1 3 3 1 3 2 1 3 3 1 0 1 1 0 0.4142135624 2
2 0 2 2 0 2 0 2 2 3 2 2 0 3 1 3 0 3 0 1 1 3 2 2 1 1 2 1 3 1 2 2 1 3 3 2 2 3 3 0 1 0 2 2 2 3 0 0 1 2 1 0 2 0 0 2 0 0 3 2 0 2 1 0 0.3363025056 2
1 2 3 1 1 0 1 2 0 1 1 3 2 2 1 1 0 1 3 2 1 2 0 0 0 3 3 2 1 1 3 1 3 2 0 2 3 1 0 0 1 3 2 2 2 1 1 1 2 3 2 0 2 0 0 2 0 3 1 2 0 2 1 0 0.3092983413 2
2 2 0 0 1 3 1 2 2 0 0 0 3 3 1 1 2 3 1 0 3 2 3 2 1 2 0 1 0 2 2 3 3 2 0 1 0 2 3 0 0 1 1 2 1 0 2 3 1 3 1 2 2 2 2 3 2 3 1 2 0 1 1 2 0.3173744686 2
2 3 3 2 3 1 0 2 2 0 3 0 3 1 0 0 3 0 2 1 1 1 3 2 1 2 1 1 2 3 2 3 3 1 3 3 0 3 0 0 2 2 1 1 1 2 1 0 3 2 0 2 2 0 3 3 2 3 1 0 1 0 0 2 0.3136111207 2
0 1 0 1 2 3 3 0 1 3 1 3 1 3 3 0 0 3 0 3 3 1 0 0 2 3 0 1 1 2 0 1 1 1 3 1 2 3 0 2 2 1 1 3 2 2 2 0 0 1 0 2 1 2 0 1 1 3 2 2 2 3 2 1 0.3263541445 2
2 1 3 3 3 1 0 2 1 1 2 2 1 0 0 2 1 0 0 3 0 1 0 2 1 3 0 3 0 1 1 1 1 3 1 3 0 1 3 1 2 2 3 0 0 2 0 2 3 2 3 1 1 1 0 3 1 0 0 3 2 1 3 3 0.3519612949 2
0 3 3 0 3 2 3 1 0 2 1 2 2 2 2 0 0 3 0 0 3 2 1 3 2 3 1 1 0 3 2 3 3 1 1 0 1 0 0 3 3 1 2 3 1 1 0 0 2 1 3 1 3 3 0 2 3 1 1 3 1 1 3 2 0.3847411572 2
1 2 1 0 0 1 3 0 0 0 2 3 2 2 0 1 3 2 3 0 3 3 2 3 1 3 2 0 2 1 1 3 1 3 2 3 3 0 2 1 1 0 1 2 1 3 0 3 3 3 2 2 1 0 0 1 2 3 0 0 1 1 1 0 0.304113536 2
3 2 2 1 2 2 1 0 3 1 3 2 0 1 1 0 3 0 1 1 3 0 1 0 0 2 3 3 0 2 0 1 3 1 1 2 3 0 3 2 2 1 1 2 2 2 2 2 2 1 1 0 1 1 3 0 2 3 2 3 0 3 0 2 0.3163830028 2
2 0 2 3 0 1 1 3 0 3 0 2 3 0 0 0 2 1 0 3 3 0 2 3 2 2 1 0 0 1 1 0 2 2 1 0 1 1 0 1 3 2 2 0 3 2 2 2 3 0 0 3 1 1 1 3 1 2 1 2 1 0 3 2 0.3731191745 2
3 1 2 0 3 3 2 0 3 2 3 0 0 0 0 1 1 3 0 0 3 1 2 2 1 1 3 3 1 1 0 0 0 3 0 0 3 0 0 0 3 3 2 1 1 2 3 1 1 0 1 1 0 2 3 1 1 1 0 1 3 2 1 1 0.3172291447 2
0 1 3 1 2 1 0 3 0 1 0 1 1 0 0 1 3 1 3 0 3 1 2 2 1 0 0 2 1 3 2 0 0 1 3 1 0 3 1 3 2 2 0 2 1 3 3 3 3 1 0 0 0 3 0 0 2 1 2 2 0 3 3 0 0.3950774274 2
3 3 1 1 3 2 3 2 1 3 1 3 1 0 1 0 1 2 0 3 2 3 3 3 2 3 3 1 0 0 0 2 1 3 3 1 3 3 2 3 0 0 0 3 2 1 0 1 2 1 1 2 2 3 3 3 2 1 3 3 2 2 0 1 0.282163914 2
3 0 0 2 1 1 0 0 1 2 2 0 2 2 2 0 2 1 0 3 0 3 1 0 0 1 3 0 0 0 1 2 3 2 0 0 1 2 0 3 3 2 3 3 2 0 3 3 1 1 3 0 1 3 1 0 1 0 0 3 2 2 2 3 0.2898979486 2
0 3 0 0 3 3 0 1 2 3 0 2 1 1 1 0 0 0 0 0 1 0 3 2 0 0 0 2 0 2 1 2 1 2 2 3 1 0 0 3 3 0 3 3 1 2 1 0 2 0 0 0 1 2 3 0 2 1 2 2 1 0 0 2 0.3961068099 2
0 1 3 2 3 3 2 0 3 1 1 2 1 0 0 0 0 0 0 0 1 2 3 0 3 0 1 0 0 2 1 1 3 1 3 2 2 1 3 0 0 0 3 0 3 0 1 0 2 1 3 1 0 1 1 0 0 0 3 2 0 3 3 2 0.2969237719 2
2 0 2 3 1 3 1 2 2 1 2 2 1 0 0 0 1 0 1 1 0 2 0 0 3 3 2 3 0 2 1 1 2 0 1 3 1 2 2 0 3 1 1 0 2 1 0 3 3 0 1 1 1 0 3 3 1 1 1 0 1 3 0 3 0.32729696 2
1 2 1 1 1 2 2 2 0 2 3 3 0 2 3 3 0 3 0 1 1 3 2 0 0 3 3 2 1 2 2 2 1 1 0 3 2 2 0 0 0 3 2 1 0 0 0 1 0 3 1 2 1 0 2 1 3 3 0 1 1 2 1 0 0.4050275019 2
0 0 0 1 1 2 3 2 1 0 1 1 1 3 3 2 2 1 1 2 3 2 3 2 1 1 0 0 1 3 0 2 1 1 0 2 2 0 0 0 0 0 0 0 0 3 2 3 0 2 0 3 3 0 3 2 1 2 3 2 1 3 3 3 0.333918633 2
3 3 3 3 1 3 3 1 0 1 3 2 3 3 0 3 3 3 0 2 1 0 3 2 0 1 3 3 3 2 1 1 1 1 3 1 0 3 0 1 2 3 0 2 0 1 2 3 2 1 0 3 0 2 0 1 1 2 0 3 0 3 0 1 0.4339139469 2
1 0 1 2 3 1 2 3 1 1 2 2 3 0 1 3 0 2 2 3 1 0 2 2 3 3 1 2 2 2 1 0 1 3 0 0 3 3 1 3 2 3 3 1 1 0 0 0 3 0 2 2 3 1 3 1 1 1 2 0 3 2 3 2 0.3223452401 2
1 3 1 0 1 3 1 3 2 1 2 0 2 2 0 0 1 1 2 0 1 2 3 3 0 1 2 1 1 1 0 2 3 1 1 2 3 2 1 3 3 2 1 1 1 1 0 0 0 0 0 3 1 3 3 2 1 3 3 3 2 3 3 1 0.3835303427 2
0 2 3 2 0 2 1 2 1 3 0 2 1 1 3 0 0 2 2 1 0 2 2 3 0 1 0 2 3 2 3 0 2 0 0 2 1 0 0 2 1 2 0 1 2 1 3 0 2 1 1 1 3 2 0 3 2 2 0 3 2 2 0 1 0.3210538243 2
2 2 1 1 3 1 0 1 0 0 3 3 2 1 2 0 3 3 3 3 2 3 2 0 0 0 3 2 2 0 0 1 2 1 0 2 2 1 0 3 3 0 2 2 2 1 0 3 0 2 1 1 3 2 3 2 1 0 0 2 3 0 2 1 0.2898979486 2
2 0 3 2 2 3 0 1 1 1 3 2 2 1 1 1 1 2 3 3 2 1 0 1 2 2 0 3 3 0 0 2 0 1 1 1 2 2 2 0 3 2 1 2 3 3 3 1 0 0 3 0 0 3 3 0 1 0 0 0 2 1 1 3 0.2955535147 2
2 2 2 3 0 1 0 2 3 2 1 1 0 0 1 2 3 1 3 1 0 1 3 2 3 2 1 1 2 1 3 3 2 0 1 3 2 0 0 2 2 3 3 1 0 3 2 0 2 3 2 0 3 0 3 2 1 1 0 3 3 2 1 2 0.3117179653 2
0 0 1 0 1 1 2 3 1 1 0 3 1 2 3 3 2 2 1 2 1 2 2 0 0 2 1 1 1 0 0 1 0 0 2 1 1 0 0 0 1 0 1 3 1 3 3 0 1 1 1 3 0 2 2 0 1 2 0 2 2 1 1 3 0.2861577002 2
2 0 2 1 2 3 3 2 1 0 1 1 0 3 3 0 2 1 3 1 3 1 0 3 2 1 3 1 3 2 1 2 3 2 2 3 2 1 1 1 3 0 0 3 3 0 1 1 1 2 0 0 3 2 1 3 2 0 3 3 2 1 0 1 0.2958353457 2
1 2 3 0 3 2 1 3 1 2 2 1 1 3 0 2 2 0 0 0 3 0 1 0 1 0 1 3 2 1 0 0 0 3 0 1 0 2 0 0 3 1 1 2 2 1 3 2 2 3 2 3 3 2 2 1 0 1 1 0 3 0 1 3 0.426659399 2
3 3 0 2 1 1 0 2 3 2 2 3 2 0 1 0 1 2 3 3 3 0 3 3 2 2 0 1 2 3 1 1 2 3 0 2 0 0 0 0 0 0 3 2 1 3 1 3 0 3 0 1 3 2 0 0 0 1 3 0 3 2 3 2 0.3295815643 2
1 2 0 3 3 2 0 2 2 3 2 0 2 1 2 0 2 2 2 0 0 1 3 1 0 3 2 2 3 3 0 3 2 0 0 0 3 0 2 3 2 0 1 1 3 0 2 3 2 0 0 3 2 0 2 0 3 2 0 0 3 2 1 1 0.2843480223 2
1 3 1 2 0 3 3 2 2 0 0 0 1 1 0 3 0 0 1 3 1 2 0 0 1 0 3 1 1 3 1 1 1 2 3 0 1 1 2 3 2 0 0 1 0 3 1 0 2 0 2 2 2 2 1 3 1 0 0 2 3 3 3 2 0.2857269627 2
2 0 3 0 3 3 0 0 1 1 1 1 2 1 3 1 0 0 3 2 3 1 2 0 2 2 1 0 3 2 0 1 1 2 2 1 2 2 3 3 3 1 0 2 2 0 1 1 3 0 0 3 3 2 1 2 0 1 3 0 3 3 3 3 0.3095842922 2
2 3 2 3 1 0 3 1 0 2 1 2 0 3 0 2 0 2 3 1 0 1 3 1 3 3 1 2 1 1 1 3 0 2 1 3 1 2 3 2 3 3 1 0 3 3 3 1 2 0 1 2 3 2 0 2 1 0 2 1 1 2 2 0 0.4184720066 2
1 3 1 3 3 2 3 0 2 2 1 3 3 0 2 2 3 3 0 3 0 1 1 3 2 0 3 0 3 3 1 1 2 0 1 2 1 1 0 2 3 2 1 0 0 0 1 1 3 1 0 2 0 0 3 3 3 0 1 1 1 1 1 0 0.3511592479 2
3 2 3 2 1 2 0 1 3 2 2 0 3 3 2 0 2 3 2 2 2 2 2 2 1 3 1 3 2 2 1 1 2 2 0 1 2 0 3 3 1 2 0 3 2 3 1 1 0 1 0 2 0 0 2 0 1 1 3 2 1 3 0 3 0.3255563301 2
2 2 3 1 3 0 3 0 3 1 0 0 2 0 0 3 0 0 0 1 2 1 0 0 3 2 0 3 0 0 2 1 3 2 0 0 3 3 1 1 1 0 0 3 1 1 3 2 2 1 1 3 0 0 0 1 1 2 1 1 1 1 3 0 0.2985685255 2
2 0 3 1 3 1 0 0 1 0 2 2 3 3 0 3 1 2 3 0 2 3 2 1 2 3 3 3 0 3 0 1 3 1 1 3 1 0 3 1 1 1 3 2 0 2 1 1 2 0 2 1 0 2 3 3 1 2 0 0 3 2 0 0 0.4580268927 2
0 3 3 0 1 3 0 0 0 1 1 3 3 1 3 2 0 0 0 2 0 3 1 3 1 3 2 1 3 1 1 2 0 1 0 2 0 2 1 3 3 3 1 1 0 3 2 2 2 2 0 0 0 0 2 3 0 3 1 1 2 0 1 1 0.4472135955 2
3 0 0 3 0 3 0 0 2 2 3 0 0 3 3 0 0 1 3 2 0 0 3 1 2 3 3 1 2 1 3 1 3 1 0 3 1 0 3 0 2 2 0 1 2 0 2 3 0 0 0 1 1 0 0 1 3 1 3 0 1 3 3 3 0.3351733301 2
3 0 2 1 1 0 2 1 1 2 1 2 3 1 1 3 1 2 0 1 3 3 0 3 0 1 3 3 0 3 3 1 1 3 3 3 3 0 0 3 0 0 0 1 3 2 0 2 0 1 2 0 3 0 2 1 3 1 3 1 1 1 0 3 0.5822647419 2
2 3 3 1 1 1 2 0 2 3 0 3 1 2 1 1 3 1 0 2 0 3 0 1 2 1 2 1 0 3 2 0 0 1 3 0 2 0 1 3 0 3 3 3 2 2 0 2 2 1 1 3 0 1 1 3 3 0 3 0 0 1 1 1 0.3146805455 2
1 2 0 2 1 3 2 0 1 3 2 3 1 2 1 2 0 3 0 2 1 2 3 0 0 2 2 3 1 0 2 3 1 0 3 0 0 2 2 1 1 3 1 0 2 2 0 3 2 0 1 1 2 1 2 1 0 3 3 3 3 2 1 1 0.3318827147 2
3 1 2 1 3 2 2 0 3 1 3 2 0 0 2 2 3 1 3 3 3 1 3 2 0 3 1 0 1 1 2 3 3 0 0 2 2 1 3 3 0 3 1 0 3 0 2 3 0 1 1 3 0 2 3 2 1 2 2 1 0 2 0 2 0.3321580531 2
0 1 2 3 1 0 1 2 2 1 0 3 3 2 1 1 2 3 3 3 3 2 3 0 0 1 0 3 1 3 1 0 3 0 2 0 1 2 0 3 3 2 0 2 1 0 3 3 2 1 1 1 3 1 2 0 3 3 0 1 1 1 0 0 0.4097489124 2
0 3 0 0 3 0 0 2 3 2 3 1 3 1 1 0 3 1 3 2 1 3 3 3 1 2 3 1 0 0 2 1 1 3 3 1 3 3 1 2 3 2 0 1 1 0 0 0 0 1 2 0 0 2 1 0 1 2 0 3 0 1 0 3 0.3234033409 2
2 3 2 0 1 0 3 2 0 0 2 0 2 1 0 1 0 0 2 3 0 2 3 2 0 3 2 0 3 3 0 1 2 0 2 0 3 2 2 3 0 3 2 2 0 1 2 0 1 1 0 2 3 1 2 0 1 3 0 3 3 2 1 3 0.2898979486 2
0 3 2 0 0 3 1 1 1 1 1 2 0 1 0 3 3 2 2 1 1 0 3 2 1 3 1 1 1 3 2 1 3 0 1 1 2 1 1 1 1 2 2 2 0 0 0 0 2 0 2 1 3 0 1 0 3 1 2 3 0 1 0 1 0.3179021895 2
1 1 3 1 3 0 1 1 1 2 2 1 1 3 0 3 1 3 3 1 1 2 0 3 3 0 0 3 2 2 2 3 1 1 0 2 1 3 3 0 0 3 0 2 3 2 0 2 0 2 0 3 3 3 0 2 1 3 0 3 2 3 2 3 0.4627853301 2
0 2 1 3 3 1 3 1 3 0 0 0 0 1 1 0 0 0 2 1 0 0 1 3 1 2 0 1 2 1 3 2 0 0 2 0 2 3 2 1 1 3 3 1 1 1 0 2 0 2 1 3 1 2 3 0 3 3 1 3 0 0 0 3 0.4789586711 2
0 3 1 1 2 3 0 1 0 2 3 3 2 2 0 0 0 3 2 2 0 3 1 1 0 3 3 0 1 1 3 3 2 2 0 1 0 2 1 0 1 0 0 3 0 0 1 1 0 0 3 2 0 0 2 1 1 0 2 3 1 2 0 3 0.5071671483 2
2 1 0 0 2 0 1 3 3 2 1 2 2 2 3 2 3 3 2 0 1 2 1 3 0 0 2 2 3 3 3 0 1 2 3 0 1 3 0 3 2 0 2 0 2 1 0 0 1 0 0 2 2 1 0 1 3 3 2 1 3 0 3 0 0.2989055052 2
0 2 1 1 3 3 0 1 3 0 1 1 2 3 2 0 0 1 2 3 3 0 2 3 2 1 0 1 1 3 1 1 1 2 0 1 2 3 0 0 2 2 3 2 0 2 0 1 1 3 1 0 0 3 3 1 3 2 1 3 0 3 2 3 0.441769316 2
1 1 1 0 1 3 3 2 1 1 3 2 2 1 2 2 0 3 2 1 0 2 2 0 2 3 1 0 3 2 0 3 1 3 2 1 2 2 0 0 3 2 2 0 0 3 1 1 0 3 2 2 2 3 2 2 0 0 3 3 1 1 2 0 0.3426035147 2
0 0 1 3 1 2 0 0 0 1 2 0 3 0 0 2 0 3 1 3 1 1 0 2 0 2 3 0 2 1 1 1 2 3 2 1 2 1 1 1 1 0 0 1 3 2 3 2 3 2 1 3 2 2 1 2 2 3 3 1 0 3 3 0 0.468110115 2
0 0 2 3 3 2 3 0 0 0 0 3 3 0 3 1 3 3 0 3 2 1 1 0 0 3 0 3 3 1 0 1 2 0 2 2 1 3 3 1 1 1 0 3 3 3 2 1 1 3 3 1 3 3 2 3 2 2 3 0 1 1 2 1 0.376543544 2
0 1 1 3 3 1 3 0 2 3 0 2 1 3 0 2 2 2 2 3 0 2 2 3 2 3 3 2 0 2 3 0 0 1 1 1 0 2 0 0 3 3 3 1 1 2 2 0 2 0 1 1 3 1 0 2 1 1 3 3 3 0 0 1 0.282163914 2
0 3 3 0 0 2 3 3 0 0 0 0 3 0 2 3 0 0 2 3 0 1 1 2 3 3 0 3 1 0 2 1 2 2 1 1 1 0 1 0 0 3 0 1 2 0 1 1 1 0 2 2 2 1 1 3 2 0 3 1 1 1 3 1 0.4441861017 2
3 1 1 1 2 0 2 1 1 3 2 3 0 2 0 1 1 0 1 1 0 1 0 2 0 0 2 0 0 3 2 2 3 0 1 0 0 3 2 0 2 3 3 1 1 2 3 2 3 2 3 0 0 1 0 0 2 3 3 1 3 1 1 2 0.5453467918 2
3 3 3 0 2 0 1 3 3 0 3 1 0 3 1 0 1 2 1 1 0 1 3 0 2 3 1 0 1 1 1 2 0 1 0 1 2 2 1 3 2 1 1 2 2 0 1 1 2 2 3 3 3 3 3 3 1 0 1 2 0 0 1 3 0.4567225318 2
0 3 3 3 0 3 3 2 0 1 3 2 1 2 2 2 0 1 3 0 0 3 1 3 1 2 0 0 3 1 0 2 2 2 3 3 2 3 2 0 0 0 1 1 3 0 0 3 2 2 2 0 1 2 0 1 1 0 0 2 2 3 0 2 0.3364806498 2
0 3 3 1 0 3 3 1 2 1 3 2 0 0 2 1 0 0 0 1 2 2 0 3 0 2 3 2 0 1 1 1 1 0 0 0 3 0 1 1 3 3 1 0 1 1 2 2 0 1 1 1 0 3 0 1 1 3 0 1 0 2 0 1 0.2998678312 2
1 3 3 0 3 2 3 1 2 2 3 1 0 1 3 2 2 0 2 1 3 3 2 0 3 2 1 2 1 0 2 3 3 2 3 1 2 3 2 1 0 3 2 1 3 0 1 3 1 1 0 1 0 0 3 1 1 2 3 2 1 1 0 3 0.3921195512 2
1 3 1 1 2 1 3 3 2 1 3 0 1 0 1 0 1 0 1 0 0 1 1 3 3 1 3 0 2 2 0 3 2 1 0 3 1 2 3 0 2 2 2 3 3 2 1 1 1 0 3 1 3 2 3 1 0 2 3 2 2 1 0 3 0.2918317294 2
0 0 3 1 1 0 2 3 1 2 2 0 0 1 1 3 1 2 1 2 0 3 0 0 3 0 0 1 3 2 1 2 1 1 3 1 0 1 0 1 3 2 3 3 1 3 2 1 0 0 0 2 3 3 0 0 1 0 0 1 2 3 2 0 0.3210538243 2
1 2 3 3 2 2 2 0 2 2 1 3 3 1 1 0 1 3 0 1 1 1 0 3 2 0 0 1 1 3 0 0 1 1 3 1 0 1 1 0 0 0 2 0 2 2 0 3 2 2 3 3 0 3 3 2 3 2 1 2 3 2 0 2 0.2832488209 2
2 3 1 0 0 1 3 0 1 2 2 1 1 0 3 3 0 3 0 3 3 2 1 0 1 1 0 3 0 2 2 0 3 2 2 3 2 1 2 1 0 2 0 1 0 0 1 0 2 0 1 1 1 3 2 3 3 1 3 3 2 1 1 0 0.4022075659 2
0 2 1 1 1 3 2 2 2 2 2 3 0 2 1 3 3 0 0 3 3 0 2 1 1 0 1 2 3 3 0 0 0 2 2 1 3 2 3 0 3 3 1 0 0 3 0 0 2 1 0 1 2 2 2 3 1 2 1 3 3 2 3 1 0.3050564498 2
2 3 1 2 1 1 0 3 2 0 1 3 0 3 2 3 0 2 2 3 0 1 0 0 0 0 1 3 0 0 3 1 2 2 3 0 2 2 0 0 1 1 1 1 0 2 3 1 1 0 0 2 2 2 3 2 3 2 2 1 1 2 0 2 0.2951694431 2
1 0 1 0 0 0 0 3 3 3 1 3 0 3 0 0 0 2 0 0 3 1 2 1 1 1 2 3 0 3 2 2 0 3 3 0 0 1 2 3 0 1 2 1 1 3 3 0 3 3 0 0 2 3 0 0 1 1 1 0 3 3 1 3 0.5373222844 2
3 3 3 2 0 1 3 3 1 0 1 3 3 3 3 2 3 1 1 3 3 3 2 2 0 3 2 2 2 0 0 0 1 3 0 0 1 1 1 2 0 0 1 1 3 2 1 1 0 3 2 0 1 1 0 1 2 2 3 0 1 0 1 2 0.5071671483 2
3 2 0 1 1 3 1 3 1 2 3 0 0 1 0 0 1 1 0 1 0 1 0 0 2 2 2 0 0 2 0 1 1 0 3 1 3 2 3 3 1 0 3 3 2 0 1 0 3 2 0 1 3 1 3 2 3 0 3 1 3 3 3 1 0.2898979486 2
1 0 1 1 1 3 0 1 0 2 2 1 0 0 0 1 3 3 1 0 1 2 1 0 0 0 2 2 0 2 0 0 0 1 1 3 3 1 2 3 2 3 0 3 2 3 0 0 3 1 0 1 0 1 3 1 0 3 1 1 2 1 0 0 0.2898979486 2
0 3 3 0 3 2 3 0 1 2 1 1 2 0 2 1 1 1 1 0 0 0 3 2 1 3 1 0 3 0 2 3 1 3 0 0 1 2 1 2 0 0 1 2 1 2 2 1 2 2 1 0 0 1 0 2 2 3 1 1 0 3 1 1 0.474252722 2
1 1 2 0 0 0 1 2 3 2 1 2 0 3 0 2 0 0 3 2 0 2 0 0 1 3 3 1 3 2 0 2 2 2 2 0 1 2 2 2 0 2 3 3 0 1 2 3 2 2 3 2 0 1 3 2 3 3 2 1 3 0 1 2 0.441769316 2
2 2 2 1 2 3 3 0 1 2 3 1 2 3 2 3 0 1 1 2 1 0 2 1 0 2 1 1 3 2 3 1 1 3 3 1 0 3 1 3 3 1 0 3 1 2 0 1 3 1 0 0 1 1 1 0 1 2 0 2 2 0 3 2 0.330997139 2
2 2 2 0 2 2 2 2 2 1 3 3 2 3 2 0 0 3 0 3 1 0 0 2 2 0 0 0 3 0 0 1 2 1 2 1 1 0 0 3 3 0 2 3 1 3 0 3 1 2 2 0 3 3 3 3 2 2 0 2 1 3 2 2 0.3782790794 2
2 2 0 1 1 3 1 0 1 3 2 2 1 3 1 0 1 3 2 2 3 3 1 2 3 3 3 3 2 3 1 1 1 2 1 3 2 3 1 2 3 1 1 3 0 3 0 2 2 2 0 3 0 1 1 1 2 0 2 3 1 3 1 0 0.2812483678 2
0 0 1 1 3 1 3 1 0 1 2 0 0 1 2 0 1 1 0 1 0 0 3 2 1 2 0 1 3 1 2 0 2 1 3 1 0 1 1 1 2 1 1 2 1 2 3 2 1 1 3 3 2 3 3 3 0 1 2 2 3 3 2 1 0.33895657 2
0 0 0 3 3 3 1 2 2 2 1 1 1 0 1 3 0 1 1 3 0 3 1 2 0 2 2 3 0 1 3 1 2 2 1 1 3 3 1 1 0 1 0 1 2 2 0 3 1 3 3 3 3 3 2 2 3 3 0 1 2 1 3 0 0.3047249352 2
1 2 0 1 0 3 0 2 2 2 3 0 2 3 2 1 3 2 3 0 2 3 2 2 1 1 0 2 2 0 3 3 1 0 3 2 3 2 1 2 2 2 2 2 2 1 2 3 2 2 0 1 0 0 1 3 0 1 1 3 0 1 3 2 0.3908225933 2
3 0 3 1 1 0 3 0 3 1 1 2 3 1 0 0 1 3 3 2 3 1 0 0 2 2 0 2 1 0 1 2 2 2 3 3 2 2 0 3 2 1 0 3 2 0 1 1 0 3 2 1 3 3 1 0 3 1 1 2 0 3 0 1 0.282163914 2
2 1 3 1 1 0 2 1 0 1 2 1 1 3 3 3 0 3 1 1 0 0 0 2 2 3 2 0 1 3 0 2 0 2 3 1 0 3 0 2 3 2 2 0 2 0 0 0 2 3 1 0 3 0 0 3 1 2 3 1 3 1 2 3 0.5071671483 2
2 2 2 2 1 3 1 3 2 1 3 0 3 0 2 2 1 2 1 0 0 3 0 1 0 3 3 0 3 0 2 3 0 2 0 1 0 3 0 0 1 3 0 2 1 0 1 0 0 3 0 0 3 2 2 0 2 1 2 0 1 2 2 1 0.3247510626 2
2 0 1 2 2 2 3 1 3 1 1 1 1 1 0 1 1 1 1 2 1 3 0 0 0 3 2 0 2 0 0 2 3 3 1 0 0 3 2 3 3 2 1 1 3 1 3 2 2 3 0 0 3 2 3 0 3 0 3 3 3 0 3 1 0.3694017253 2
0 1 2 0 0 0 2 1 2 0 2 1 2 1 0 1 1 2 3 3 0 2 1 0 1 2 3 1 1 2 1 2 3 0 0 3 2 2 2 0 1 3 1 0 2 2 0 0 1 1 1 2 1 0 2 3 1 2 0 2 0 0 0 1 0.3193901603 2
0 0 0 0 1 1 1 0 1 2 2 1 0 3 2 2 0 2 1 1 0 0 0 3 0 2 1 3 3 3 1 2 0 2 2 1 0 2 1 1 1 1 0 0 0 1 0 2 3 3 2 2 0 3 0 2 3 0 2 3 2 1 0 2 0.3957876669 2
2 0 3 3 1 0 0 0 0 1 3 0 1 3 2 1 0 3 2 2 3 3 2 2 3 2 1 3 2 0 0 1 0 1 0 3 1 1 1 1 1 2 3 1 3 1 2 2 1 3 2 2 3 0 2 2 0 3 3 1 1 1 2 2 0.5761894145 2
1 0 2 3 0 2 1 3 3 3 0 2 0 3 1 0 1 3 1 3 1 0 2 0 2 3 1 0 3 2 3 1 2 3 3 3 2 0 1 0 3 2 1 2 0 3 2 2 2 0 3 1 1 1 1 3 3 1 2 2 2 2 1 2 0.288894617 2
1 2 3 0 3 1 2 1 1 1 3 0 2 0 1 0 0 2 1 3 3 2 0 0 3 2 0 3 3 1 0 2 0 1 3 1 1 2 3 1 1 3 1 1 0 0 2 3 2 1 1 3 1 3 2 3 2 0 0 1 1 2 1 0 0.3703038446 2
1 0 3 1 0 0 0 1 3 2 2 0 3 1 0 0 1 0 0 0 3 2 1 0 2 0 1 3 3 1 3 3 3 2 3 2 1 1 0 0 2 0 0 0 0 3 1 3 2 1 3 2 1 1 1 3 0 0 1 3 3 0 0 2 0.2852984217 2
2 2 1 1 1 1 0 0 2 2 1 1 3 1 0 0 0 0 1 2 0 2 0 0 0 1 0 1 1 2 3 0 0 2 0 0 3 2 3 0 1 0 0 3 1 0 0 2 0 3 1 2 1 2 1 3 0 1 1 0 2 1 0 2 0.7293039946 2
2 3 2 3 3 3 3 3 2 3 2 3 1 3 0 0 3 1 0 1 0 3 3 1 0 0 2 3 1 2 0 0 3 1 2 3 0 0 1 0 3 0 3 2 0 2 2 3 2 1 0 2 2 0 0 3 1 0 2 3 0 2 0 3 0.3835303427 2
3 3 2 3 1 1 3 1 2 2 1 2 1 1 0 2 3 2 3 2 1 0 2 0 0 1 0 3 3 2 2 1 1 3 2 0 3 2 1 2 0 3 0 0 3 3 0 2 3 3 1 2 3 1 3 1 2 2 3 0 3 3 3 2 0.4142135624 2
0 2 3 3 0 3 1 1 2 1 1 2 1 3 1 1 0 3 1 2 3 1 0 3 2 2 0 0 1 3 1 3 0 0 0 1 2 3 3 0 2 1 1 2 0 3 0 0 3 0 2 1 1 2 0 2 0 0 2 1 3 2 2 1 0.3820525819 2
3 0 1 3 0 0 3 1 0 1 1 1 1 0 3 0 2 0 2 2 3 0 2 3 1 2 1 0 3 2 2 2 0 0 3 0 2 1 0 0 0 3 3 0 2 0 0 1 1 2 1 1 2 1 3 1 0 1 3 3 0 2 1 0 0.3235814203 2
1 1 2 1 0 3 3 0 1 2 3 2 1 2 1 2 1 0 3 0 1 0 3 2 1 2 1 1 3 3 0 3 2 0 1 2 3 2 2 2 2 1 0 0 0 3 1 3 0 3 2 2 3 0 2 3 1 0 2 1 2 0 3 0 0.4683391003 2
0 0 0 3 1 3 2 3 1 1 1 1 3 2 2 2 3 3 0 0 3 0 1 2 3 2 0 1 2 2 1 2 2 0 2 0 1 2 2 3 0 3 0 0 1 3 0 3 0 0 0 0 2 1 1 1 0 0 3 2 1 2 0 0 0.4320647727 2
3 3 3 1 2 3 3 0 3 3 0 1 2 3 1 1 0 2 0 2 0 3 0 2 2 1 0 3 1 2 0 2 0 3 2 1 3 3 1 0 2 0 1 1 0 1 1 2 2 1 0 0 0 1 3 1 1 3 1 3 0 1 2 3 0.3460734657 2
1 2 1 0 3 3 0 1 0 0 1 1 3 1 3 2 2 0 3 2 2 2 3 0 2 3 3 0 0 1 0 0 1 3 0 3 2 1 2 1 1 1 1 2 0 0 0 3 3 3 1 1 1 2 2 1 2 1 2 0 0 0 1 1 0.3223452401 2
3 2 1 3 2 1 3 0 1 2 2 2 1 1 2 1 0 3 3 1 3 2 3 1 2 2 3 2 0 1 0 1 0 2 0 3 0 2 0 1 2 2 0 3 1 1 2 0 2 0 2 2 2 0 3 0 2 2 0 2 1 3 0 1 0.3314388929 2
2 0 2 3 0 3 1 2 0 0 1 0 3 2 1 0 0 3 0 2 1 0 0 2 0 0 2 0 3 2 3 3 2 0 2 3 2 1 0 0 3 3 2 0 1 1 0 3 2 1 2 0 3 2 2 3 3 2 1 0 0 0 1 2 0.2953529814 2
3 1 0 0 1 3 3 1 0 3 1 3 3 3 2 2 1 2 1 3 1 3 0 0 3 3 1 0 3 0 3 2 3 3 1 3 3 2 3 3 2 3 0 1 2 3 2 2 0 3 3 0 0 2 0 3 2 0 0 2 3 3 3 1 0.4080056881 2
1 1 2 2 3 1 1 0 1 3 0 1 1 3 2 3 1 3 1 0 2 3 1 1 0 3 0 0 1 1 0 1 3 3 2 0 1 3 3 1 0 3 1 3 0 1 0 3 2 3 2 2 2 3 3 1 0 0 3 2 1 0 1 0 0.5407367017 2
0 3 1 3 0 2 3 3 2 2 1 1 0 1 1 2 0 0 1 0 0 2 3 0 0 2 0 0 0 3 2 3 3 2 3 2 3 2 0 1 0 3 1 1 0 1 3 3 3 2 3 3 3 3 2 1 2 2 2 1 3 3 1 2 0.3280236425 2
2 1 2 0 3 1 0 2 1 3 1 3 2 0 1 0 0 3 3 0 3 2 1 3 0 3 0 3 2 2 1 3 1 0 2 0 2 3 1 2 0 0 1 3 0 1 3 2 0 0 0 2 0 3 2 0 1 3 0 2 1 0 0 3 0.3629008246 2
3 3 0 1 1 3 3 2 3 0 2 3 3 2 0 0 1 0 3 0 2 2 3 3 2 2 2 3 2 2 1 0 3 0 3 2 2 3 3 3 2 3 0 1 3 0 2 0 1 2 0 2 0 0 2 0 3 1 3 2 2 3 1 0 0.4472135955 2
0 1 1 3 0 3 0 2 1 0 3 2 3 2 1 3 3 1 1 2 1 1 2 1 3 0 1 2 2 2 1 0 2 1 2 3 0 3 0 3 2 3 3 3 1 2 1 2 0 2 1 3 2 2 3 2 0 1 3 1 2 0 1 2 0.3719375309 2
0 2 0 3 3 2 1 0 3 2 2 2 0 2 3 0 1 1 1 2 0 1 1 3 2 3 1 3 0 0 1 3 0 3 2 1 2 2 3 1 0 1 2 1 0 3 0 0 3 0 3 2 2 3 2 2 3 3 0 0 2 2 2 2 0.3572822687 2
3 3 0 2 3 1 1 1 2 1 2 0 0 2 3 0 2 0 3 0 0 3 0 3 2 3 3 1 3 1 0 3 3 0 0 3 2 2 1 1 1 3 1 2 0 0 0 3 0 1 2 2 3 2 2 1 1 1 3 2 0 3 2 2 0.2938792074 2
2 3 1 1 3 3 1 2 3 2 3 1 2 2 2 3 2 3 3 2 0 1 0 0 1 1 1 3 0 2 3 1 2 1 1 2 0 2 2 0 1 2 2 0 3 1 1 3 3 0 2 2 1 2 2 0 1 3 1 1 3 1 1 2 0.2881759286 2
3 3 1 3 3 3 1 0 3 0 0 1 1 1 1 1 0 1 3 2 3 2 2 3 3 3 0 2 2 2 2 1 0 2 0 3 3 3 2 0 2 2 1 0 3 0 0 3 3 2 3 1 0 3 3 3 0 2 0 2 2 3 1 2 0.4841753316 2
2 1 1 1 3 1 3 0 1 2 1 0 3 0 2 0 1 3 3 2 0 1 2 0 3 2 2 2 3 3 1 3 1 3 1 3 0 1 0 3 3 3 1 2 0 1 2 1 2 1 0 2 0 1 0 3 2 2 0 1 2 2 2 0 0.2828327539 2
0 0 3 0 3 2 3 1 0 2 2 2 0 1 0 0 3 0 3 0 0 3 1 1 3 3 1 1 0 3 2 0 3 0 3 0 2 2 1 2 1 0 1 1 2 1 0 1 3 0 2 2 0 2 3 1 0 1 3 0 2 1 2 3 0.3005423822 2
1 0 3 2 1 0 0 0 3 2 0 1 2 3 0 1 1 1 2 0 3 0 2 0 1 0 1 0 3 3 0 0 1 2 2 0 2 1 3 3 3 1 1 3 1 3 0 2 3 1 0 1 0 2 0 2 3 2 1 3 0 2 2 1 0.2804379536 2
0 3 3 0 3 2 2 2 3 2 1 3 3 0 0 3 3 0 3 2 2 1 2 3 1 3 0 3 0 1 3 2 1 0 0 3 1 0 0 0 3 1 2 0 2 0 1 0 1 3 0 1 0 3 3 2 2 2 2 2 1 1 2 2 0.3824406081 2
1 3 1 3 2 0 3 2 2 3 1 3 2 1 1 2 3 0 3 0 2 3 2 2 1 2 3 0 3 1 0 3 3 1 1 3 3 3 0 1 2 2 1 0 0 2 0 3 1 2 0 0 0 2 2 1 0 2 0 1 1 1 2 2 0.2819098524 2
2 3 0 0 2 1 0 3 2 0 1 0 2 1 0 2 0 3 1 2 3 1 2 2 2 2 2 0 1 3 2 3 3 1 1 1 0 3 0 0 2 2 2 3 1 2 0 3 0 1 2 3 3 3 3 3 0 0 1 0 1 2 0 3 0.3193901603 2
2 2 0 3 0 1 0 1 1 1 3 2 1 3 1 3 0 1 1 2 2 1 0 2 3 2 2 0 3 0 2 2 1 0 3 3 2 0 1 1 2 3 1 3 1 3 1 2 0 3 3 2 2 0 2 0 3 3 0 3 3 3 1 1 0.3255563301 2
1 2 0 1 2 1 2 2 1 3 1 1 3 3 0 3 1 0 3 1 3 0 0 1 3 0 3 3 3 2 0 2 2 0 0 1 1 2 0 0 3 0 1 0 0 0 2 1 3 3 2 2 2 2 1 0 2 0 1 3 1 2 2 2 0.3302867025 2
0 2 2 2 3 1 2 1 0 0 3 1 3 0 0 3 3 2 0 2 0 1 3 3 2 1 1 2 1 0 1 1 3 3 0 3 3 0 1 0 0 3 0 3 3 2 0 2 1 2 3 0 1 1 2 3 3 1 2 1 2 3 1 0 0.29528283 2
2 1 1 3 2 1 2 2 0 0 0 1 3 1 2 0 0 1 3 2 2 0 0 3 2 3 2 3 3 0 3 2 2 1 1 3 3 0 3 3 3 0 3 2 0 3 1 1 3 3 3 2 1 1 0 3 3 2 1 0 0 0 1 1 0.3480800251 2
0 0 3 1 1 3 3 0 3 3 3 1 3 2 2 1 0 0 0 0 3 2 3 1 1 3 3 0 0 0 2 2 1 1 1 1 3 3 0 3 3 1 1 1 1 0 0 0 2 1 3 0 0 3 1 0 0 2 3 1 2 0 0 0 0.2804379536 2
3 3 2 2 2 1 2 2 3 2 1 0 0 0 3 2 0 2 2 2 1 3 1 2 2 2 2 3 3 1 2 3 2 3 3 3 2 2 3 0 2 2 1 1 0 1 1 1 1 0 3 2 3 0 3 0 1 2 0 2 1 2 0 0 0.4485365786 2
3 2 2 1 0 0 1 1 0 2 1 1 3 2 3 2 1 2 0 0 0 1 2 3 0 3 0 1 0 3 1 0 3 0 0 0 1 3 1 0 1 1 1 3 0 0 2 1 2 3 2 2 2 1 2 2 1 0 1 1 2 3 2 2 0.3835303427 2
2 1 3 3 2 0 0 1 1 3 3 2 1 0 1 1 1 0 3 3 3 2 1 1 3 1 1 2 1 0 0 3 1 1 3 1 2 3 2 3 1 2 0 3 1 3 0 1 2 2 0 3 0 1 0 1 3 1 1 3 3 2 0 2 0.3216972808 2
1 1 1 0 0 3 3 2 2 1 1 3 1 0 3 2 1 3 0 2 1 0 1 3 2 3 2 0 2 2 3 3 2 0 0 3 1 3 0 3 2 1 2 2 0 0 1 2 2 0 2 1 1 3 1 2 1 3 3 3 1 2 2 0 0.4734414919 2
2 0 0 2 0 1 1 2 2 3 2 0 2 3 2 1 0 0 0 0 0 3 0 2 0 2 2 3 3 3 2 2 3 0 0 0 1 1 3 1 3 0 2 0 2 0 1 3 0 0 0 1 1 0 2 1 0 3 1 0 2 1 3 0 0.3782790794 2
3 1 2 1 1 0 2 1 0 3 3 3 3 0 1 3 2 2 2 0 3 2 2 1 1 2 0 1 3 2 2 3 2 2 1 3 1 2 3 1 3 0 1 1 3 2 2 1 1 2 1 2 2 0 3 0 2 2 3 2 1 2 1 2 0.2906724817 2
1 3 0 3 2 1 1 3 2 3 3 3 1 1 0 0 1 3 1 1 0 3 0 1 3 3 0 1 2 1 0 1 0 0 2 1 0 1 0 3 0 3 2 2 0 1 1 3 1 0 3 2 1 3 3 2 2 0 2 0 3 0 0 2 0.3273351788 2
3 1 2 0 0 1 3 2 1 3 2 0 1 3 2 0 1 1 3 3 1 3 0 3 3 3 1 2 3 2 3 1 3 2 2 0 3 2 1 1 1 2 1 1 2 2 1 1 0 1 0 1 0 2 0 2 1 3 1 2 2 0 3 1 0.3510801119 2
0 2 0 2 1 0 3 3 0 0 2 0 3 1 2 0 1 3 3 3 2 3 1 1 1 2 2 2 2 1 2 1 3 2 3 1 1 2 1 3 2 2 1 1 1 1 2 0 3 3 2 3 0 0 1 1 3 3 0 2 1 3 3 1 0.3165269877 2
2 2 3 3 1 3 1 0 2 1 3 3 0 2 1 3 0 3 1 2 1 3 3 1 0 0 2 3 2 0 1 2 3 3 3 2 1 3 1 1 3 1 2 2 2 1 1 2 1 0 3 1 3 1 3 1 3 0 1 3 1 3 0 2 0.4438190372 2
1 2 2 3 3 1 1 2 0 2 0 2 3 2 2 1 3 0 3 3 3 1 2 2 2 1 0 3 3 3 1 1 3 1 1 3 1 3 3 3 1 0 3 3 3 0 3 3 0 0 1 1 0 1 1 1 2 0 1 3 1 3 2 3 0.3474320193 2
2 2 1 3 0 1 2 1 2 1 1 2 1 0 0 3 0 2 2 0 0 2 2 2 0 0 1 3 2 3 2 2 1 2 2 3 2 3 2 1 0 1 3 1 2 1 2 0 3 3 3 0 2 3 3 3 1 2 2 3 1 1 0 0 0.303785526 2
0 3 2 0 1 1 2 0 3 3 1 0 2 2 0 2 2 1 3 0 2 0 1 1 3 1 0 1 1 3 1 2 3 2 0 3 2 1 2 2 1 2 3 1 1 1 3 2 1 3 3 2 2 3 0 2 3 3 0 1 1 2 2 3 0.388756727 2
1 0 1 1 2 2 3 1 0 0 2 2 0 2 3 3 3 1 3 3 3 1 0 1 1 2 3 3 2 2 0 1 1 3 0 1 0 3 0 0 1 3 1 0 3 3 0 3 3 1 1 1 0 3 3 3 1 2 3 0 3 0 2 3 0.3488096012 2
0 0 1 3 1 1 2 2 0 0 1 2 2 0 2 2 0 0 2 1 3 3 3 0 0 2 0 0 2 0 1 1 1 1 2 0 1 1 2 3 2 2 1 0 2 3 3 1 3 0 1 2 2 1 3 0 2 2 1 0 3 0 1 0 0.7367156879 2
2 1 0 0 0 3 2 2 3 0 3 3 1 3 0 1 0 0 2 1 0 3 3 0 3 3 1 3 0 1 1 2 3 2 0 0 0 2 0 3 2 2 1 0 1 2 1 3 3 0 0 2 0 0 0 3 2 3 0 3 3 3 1 1 0.445598638 2
0 1 0 2 3 3 0 0 0 1 0 0 0 0 1 1 3 1 2 0 0 1 0 0 2 0 1 0 2 2 1 0 3 3 1 1 1 2 1 1 2 2 1 3 0 1 2 0 1 2 2 3 0 3 2 2 0 1 1 2 0 1 2 2 0.4076499498 2
0 0 2 2 3 0 0 1 1 0 2 2 3 2 1 3 0 0 2 1 3 2 3 0 2 2 0 2 2 2 1 3 1 3 2 2 1 3 3 0 0 2 0 1 2 2 0 2 1 3 1 1 3 1 2 2 1 3 2 2 3 2 2 0 0.4019988541 2
1 2 2 1 3 2 2 2 2 0 0 0 2 3 3 2 0 2 3 3 1 1 1 3 1 0 3 0 3 1 0 1 0 0 2 3 1 0 3 2 0 3 1 0 2 0 0 3 0 0 2 1 0 0 2 2 3 0 0 3 1 1 1 2 0.3450481554 2
2 1 0 2 2 2 3 2 0 2 2 2 3 1 0 3 0 2 1 3 0 3 1 0 3 3 3 0 2 3 1 2 0 3 3 2 2 2 1 2 3 0 0 0 2 0 2 3 0 3 3 3 3 0 2 3 3 3 2 1 0 3 3 2 0.3004679207 2
0 2 3 3 0 0 3 1 1 3 3 0 0 3 3 0 1 1 1 2 0 0 3 2 2 1 1 3 1 3 2 1 2 3 3 1 3 2 3 3 1 1 0 0 3 2 0 0 3 0 1 1 0 1 3 0 1 2 1 0 1 3 2 1 0.4173040131 2
2 2 3 0 3 1 1 3 1 1 3 2 1 1 3 3 1 0 0 2 0 1 2 2 3 0 1 0 3 2 1 1 2 0 0 0 2 2 3 0 0 3 3 3 0 0 1 3 3 3 3 3 1 2 2 2 2 1 1 3 2 0 1 1 0.4263996841 2
2 2 1 0 0 1 1 0 1 0 1 2 2 1 2 2 1 1 0 3 3 3 2 3 2 0 1 3 1 3 2 0 3 3 0 1 2 3 2 3 2 1 2 3 2 2 2 0 2 2 2 0 1 0 1 1 3 3 0 0 1 2 0 0 0.2891707476 2
1 0 1 1 0 2 0 0 0 3 0 1 2 3 3 0 1 1 3 2 0 2 2 3 3 1 3 3 3 1 2 2 3 0 3 0 0 0 2 2 0 2 1 0 0 2 1 0 0 1 1 2 0 0 3 1 0 2 2 3 0 1 2 1 0.2938102447 2
3 1 1 1 0 3 0 0 3 0 0 0 1 1 1 2 3 1 2 3 0 2 3 2 3 2 2 3 3 1 0 0 0 3 0 1 2 0 1 3 2 1 2 2 1 2 1 0 2 0 3 1 2 0 1 1 0 0 0 0 3 3 0 2 0.4925951568 2
1 2 3 2 2 0 0 0 1 2 1 3 0 2 3 0 3 2 1 0 0 1 3 0 2 2 2 1 3 0 0 1 3 3 1 1 2 0 1 0 1 2 0 1 2 2 0 0 2 1 1 0 1 2 1 2 1 0 0 1 1 2 0 1 0.3238107005 2
2 0 2 2 1 1 0 0 1 1 3 0 0 2 2 1 2 2 3 2 3 0 0 1 1 3 3 3 0 0 0 0 0 1 3 3 2 0 3 3 3 2 3 1 0 0 1 3 3 0 0 3 1 2 2 3 3 1 3 1 1 3 0 3 0.3085732544 2
1 1 3 2 0 3 3 3 1 2 3 0 2 3 3 0 3 3 0 0 2 3 3 0 0 3 3 1 3 2 1 3 2 1 0 1 1 1 3 3 2 2 0 1 1 2 0 2 0 2 1 3 1 2 1 3 2 3 3 2 1 1 0 1 0.3648939865 2
3 1 3 2 3 2 3 3 0 0 2 2 1 2 2 3 1 1 1 1 2 3 0 0 0 2 1 3 2 0 0 2 3 1 2 0 2 3 2 1 0 2 0 1 1 3 2 0 0 0 0 3 0 2 0 0 1 2 0 1 3 3 3 0 0.4472135955 2
0 3 3 3 3 1 0 0 0 0 3 2 2 2 0 1 1 0 2 0 0 0 2 3 2 0 0 1 3 0 0 1 3 3 0 2 0 1 3 3 0 1 2 3 3 0 3 3 2 0 2 1 1 0 2 3 1 1 1 1 1 1 2 2 0.3436033523 2
2 1 3 1 0 2 0 1 2 3 3 1 2 1 1 2 0 3 3 2 2 1 2 1 3 0 1 3 0 0 0 3 3 1 0 1 0 1 1 0 1 0 2 1 0 3 0 0 3 2 2 1 3 0 3 3 0 1 3 0 2 1 2 1 0.3572822687 2
1 3 2 1 1 0 1 3 0 1 1 3 2 0 1 2 1 3 1 2 0 2 1 0 3 2 2 2 2 3 0 1 0 3 2 3 3 0 1 3 3 3 1 0 3 3 0 1 2 3 2 1 0 3 0 0 3 3 3 0 3 1 2 2 0.3566477146 2
3 2 2 2 0 1 3 0 2 2 0 1 1 0 2 2 3 2 3 0 1 2 2 0 3 2 2 2 2 2 0 3 2 0 2 2 2 1 3 0 2 2 1 3 3 1 0 2 1 1 0 1 0 1 2 1 0 2 0 3 2 2 2 0 0.388756727 2
1 3 2 1 1 1 2 3 2 0 1 1 2 0 2 2 0 2 3 2 0 1 2 0 3 3 1 3 0 3 3 2 3 1 3 1 2 1 3 3 1 0 3 3 3 2 0 3 2 0 3 1 2 2 0 1 0 1 3 0 1 2 2 2 0.3703038446 2
2 2 2 2 2 3 0 0 1 0 0 3 3 0 0 0 2 2 2 2 3 3 0 1 0 0 0 3 1 1 3 3 0 2 0 0 3 1 3 1 0 0 1 2 0 2 1 0 2 1 1 0 0 3 0 3 0 0 0 3 1 0 1 1 0.5900403784 2
0 3 2 2 2 1 0 1 0 3 2 2 2 2 3 0 2 0 1 3 3 2 2 0 1 1 2 3 0 3 0 1 3 0 0 1 0 3 3 3 2 0 2 0 2 2 0 2 0 1 2 0 0 3 1 3 2 2 2 1 1 1 0 0 0.3253975806 2
3 3 0 2 0 3 3 1 2 1 3 1 1 0 0 0 1 0 1 3 3 2 3 3 1 3 2 2 0 0 3 1 3 2 3 3 2 0 2 3 3 3 3 3 2 1 2 3 0 2 0 0 3 2 0 2 1 0 0 1 0 0 3 3 0.3117179653 2
0 3 3 1 3 3 1 0 2 0 3 3 1 2 0 0 2 2 2 3 0 3 0 2 2 3 2 1 3 2 0 0 3 0 1 1 3 1 2 2 1 0 1 1 2 2 2 1 1 1 3 3 2 2 1 2 0 2 2 1 1 0 0 1 0.2871289074 2
2 1 0 2 2 2 3 1 0 1 2 1 3 1 0 0 2 3 3 2 2 2 0 0 1 0 1 1 3 0 1 1 0 0 1 1 0 3 3 3 0 0 0 1 0 0 2 3 3 2 2 3 0 3 3 0 1 2 2 1 0 3 2 0 0.3302867025 2
2 1 1 1 2 2 3 0 3 1 3 0 1 1 2 2 3 0 1 2 0 2 0 2 2 2 1 2 1 0 2 3 2 0 2 3 2 3 1 0 1 2 0 0 1 0 0 2 2 2 0 3 3 2 1 2 1 3 0 2 3 2 2 0 0.3163830028 2
2 2 2 3 3 3 0 0 2 2 0 0 2 2 0 2 3 3 3 2 2 0 2 2 2 3 2 1 1 1 0 1 3 3 3 3 3 2 1 1 2 1 2 0 1 3 2 0 0 3 1 1 1 1 3 1 2 3 2 0 2 0 2 0 0.3364806498 2
2 3 3 0 2 0 3 2 2 2 3 0 1 2 3 0 0 0 2 3 1 2 1 0 3 3 3 2 3 2 3 2 1 3 0 3 2 2 0 3 2 0 2 0 0 1 1 3 0 0 2 3 2 1 3 3 1 3 0 0 3 2 2 3 0.2910879078 2
2 0 0 1 0 2 2 2 2 1 2 3 3 0 1 2 1 3 3 1 2 2 1 0 1 2 3 2 0 3 3 0 3 3 0 1 0 2 2 1 1 3 3 0 1 1 1 1 2 0 3 0 3 0 3 3 2 3 0 2 2 1 2 2 0.3218721135 2
1 3 1 1 2 2 3 2 2 0 0 1 3 2 0 0 3 1 0 3 0 1 1 2 2 0 3 2 3 3 3 0 2 3 1 0 2 3 1 2 3 3 2 1 3 0 0 1 3 0 2 3 2 0 0 3 1 1 3 2 1 0 0 2 0.5582520261 2
2 3 3 2 1 3 0 1 3 2 3 1 2 2 1 3 2 3 3 0 2 0 1 3 0 2 3 0 1 0 2 3 1 1 0 2 1 0 2 3 1 1 1 3 1 0 1 0 2 2 0 1 3 1 0 3 0 2 0 2 2 1 1 0 0.3302867025 2
0 2 1 0 2 1 1 2 3 3 0 2 0 3 3 0 3 3 2 1 1 3 0 3 0 2 0 0 0 2 2 0 0 1 0 1 3 0 1 0 3 3 3 0 3 0 2 1 1 3 1 0 1 1 3 0 2 2 3 0 3 0 0 3 0.2975143667 2
2 1 0 2 0 0 0 3 1 1 2 2 2 3 2 0 0 3 0 2 0 1 3 0 3 3 1 3 3 2 0 1 1 2 2 2 1 1 3 1 2 1 0 1 3 0 0 3 2 2 2 3 3 3 1 3 0 0 0 3 2 1 0 3 0.3206771578 2
2 2 2 0 3 1 3 2 3 1 1 0 1 0 0 2 1 3 2 3 3 0 0 0 3 1 1 0 1 0 3 2 1 2 2 1 1 0 0 3 3 3 3 3 1 2 2 0 0 3 1 1 3 3 1 2 2 2 1 2 1 3 3 1 0.3152264164 2
1 2 3 1 1 0 0 0 0 1 2 1 3 1 0 2 1 0 2 2 1 2 0 0 0 1 3 0 3 1 3 3 0 3 3 0 2 3 3 2 0 1 1 3 0 3 1 0 0 2 1 2 2 0 0 3 1 1 3 3 1 0 0 0 0.3280236425 2
2 2 2 0 0 2 2 2 3 2 0 2 0 3 3 2 0 3 0 0 3 1 2 2 0 0 0 2 2 1 3 3 2 3 1 1 3 1 0 0 0 0 0 2 2 3 2 0 0 2 0 3 1 1 0 2 0 1 0 2 3 3 1 0 0.4000414161 2
2 2 2 0 2 0 0 0 3 1 0 2 0 2 3 3 2 2 3 0 0 1 3 3 0 2 3 3 3 2 2 2 2 0 0 3 2 2 1 2 3 1 0 3 3 1 3 2 1 1 3 0 2 3 2 0 2 1 2 3 0 0 1 2 0.401454317 2
0 2 3 1 3 1 1 3 0 1 2 0 0 3 0 1 2 1 1 2 2 2 0 3 2 3 1 0 1 0 1 2 0 3 3 1 3 2 1 3 1 1 3 3 2 3 2 2 0 3 0 3 0 1 3 2 2 1 3 2 3 2 0 1 0.3572822687 2
2 0 1 2 0 0 0 3 2 0 3 1 2 3 1 0 1 2 1 2 3 2 3 1 2 3 0 1 1 1 0 0 1 3 1 2 3 3 3 2 0 1 1 1 1 1 3 2 2 3 1 3 0 2 1 1 2 3 1 0 3 3 0 2 0.363892531 2
3 3 1 2 0 2 1 0 0 0 1 3 2 2 0 1 2 2 2 0 0 2 1 0 2 3 1 3 1 2 0 1 3 2 3 0 0 3 0 2 3 0 2 0 3 0 2 1 2 2 1 2 3 3 2 3 0 2 2 2 2 1 0 3 0.3519612949 2
3 2 1 3 0 2 3 1 1 3 3 1 0 0 0 1 0 2 3 2 1 1 2 2 3 1 2 1 0 2 2 3 2 0 1 1 2 1 2 2 0 3 2 0 1 2 1 2 1 1 0 0 2 3 2 1 0 3 2 0 1 1 3 3 0.3598961095 2
0 2 3 3 3 0 0 3 1 3 0 1 1 3 3 0 3 3 3 1 2 2 2 2 0 2 2 2 2 1 3 0 0 0 2 1 1 1 0 3 0 3 3 0 0 2 3 1 1 2 1 1 3 2 0 2 1 1 1 2 2 0 3 3 0.2876367629 2
3 1 3 0 2 1 1 3 3 3 0 0 0 0 3 0 2 0 2 1 3 3 0 0 3 0 3 3 1 3 1 1 2 1 1 0 3 3 1 0 0 0 2 1 2 2 0 1 3 3 1 3 1 2 1 0 1 3 3 3 1 1 3 3 0.3255563301 2
3 0 2 1 0 0 2 3 2 1 0 2 1 0 2 0 0 1 2 0 3 1 1 2 3 0 3 0 3 2 0 0 3 2 3 1 2 3 1 0 1 0 2 2 1 2 0 2 0 3 3 1 1 3 1 2 3 2 2 0 0 0 1 3 0.3426035147 2
0 1 3 1 1 3 2 2 3 2 2 3 0 1 0 0 2 0 0 2 3 3 2 3 0 1 1 2 3 1 2 1 2 0 1 3 3 3 0 0 0 3 2 3 3 3 0 2 1 3 1 0 0 0 1 2 2 0 3 0 0 2 3 0 0.3163830028 2
3 3 2 2 3 2 2 2 1 1 1 0 1 0 3 0 3 3 3 1 3 2 3 3 3 1 1 2 2 1 2 3 2 1 0 0 3 2 0 0 0 3 3 0 0 1 0 0 2 1 2 0 3 0 1 0 1 1 1 3 0 1 1 2 0.3345232984 2
2 1 0 2 3 3 1 1 3 3 1 1 1 0 1 2 0 3 3 1 0 1 1 3 1 3 3 0 1 0 3 3 3 1 3 2 3 0 0 2 3 3 1 0 1 0 0 0 0 0 3 2 3 3 3 2 3 3 1 0 0 2 0 0 0.2898979486 2
1 3 3 2 1 1 3 0 0 3 1 3 2 3 0 3 1 0 2 1 0 2 3 2 0 3 2 0 2 2 0 1 2 1 3 3 2 0 2 0 0 1 3 0 1 0 3 1 1 1 0 3 3 0 3 1 2 3 2 2 1 3 3 3 0.2843480223 2
2 2 3 1 1 3 0 1 0 1 1 1 2 0 1 3 3 3 2 3 1 2 3 0 2 3 3 2 0 0 1 1 2 0 3 1 1 0 2 2 0 0 1 3 0 3 2 1 0 1 3 0 1 2 1 3 2 0 0 2 3 2 3 0 0.5453467918 2
0 1 0 1 0 0 3 0 0 1 3 1 1 0 3 1 1 0 1 2 0 3 2 1 3 3 1 0 3 3 3 1 2 3 3 0 1 2 3 2 2 2 1 3 2 1 1 3 1 0 0 2 1 3 0 0 2 0 0 0 2 2 1 1 0.4142135624 2
1 3 0 2 0 3 1 1 3 2 3 2 2 2 0 0 0 3 3 1 1 1 3 3 3 2 1 3 3 2 1 3 1 0 1 0 1 0 2 0 0 3 1 2 3 3 0 3 1 2 0 1 3 0 0 2 3 0 3 0 2 0 2 0 0.4286189735 2
1 3 1 2 1 0 1 0 1 2 1 2 1 0 2 2 3 2 1 3 3 1 1 3 0 0 0 3 0 0 1 2 3 1 0 3 1 1 2 0 2 3 2 3 1 3 3 2 0 3 3 0 1 0 3 1 2 2 0 1 0 0 0 3 0.3107860582 2
1 1 3 0 2 1 2 3 0 0 1 3 2 3 0 2 3 3 3 2 1 1 1 3 3 3 0 1 2 3 2 3 1 2 2 2 1 2 3 0 1 3 1 1 0 3 2 1 0 3 1 2 2 1 1 3 1 3 1 1 2 1 1 3 0.3421074211 2
0 0 2 3 0 0 2 0 2 0 2 3 1 3 1 2 0 0 2 0 2 0 3 0 1 1 2 3 2 2 3 0 2 1 0 2 1 1 0 3 0 3 3 0 3 3 1 0 1 2 1 0 1 0 1 3 0 0 1 2 1 1 3 2 0.485324478 2
2 1 1 1 3 3 0 1 3 1 2 2 1 2 1 0 1 0 2 1 3 1 2 2 1 0 1 1 3 3 2 1 0 1 0 2 3 2 0 0 3 3 2 1 2 2 1 2 0 1 1 1 0 2 3 1 1 0 0 2 1 2 2 1 0.4228979929 2
0 0 2 0 0 0 3 0 2 0 0 3 1 3 0 0 0 1 1 1 2 1 3 3 3 1 0 1 3 1 1 0 3 2 1 1 1 2 3 0 3 2 0 1 2 3 3 3 2 1 1 3 1 1 3 1 3 3 0 2 0 3 1 3 0.4376657178 2
0 3 0 0 2 3 2 2 2 3 2 1 2 2 3 3 0 2 3 1 3 1 1 0 0 2 1 1 1 1 2 2 1 3 3 0 2 3 0 1 3 3 0 3 1 0 3 1 1 1 0 0 0 1 1 3 0 2 0 2 3 3 3 2 0.3484826572 2
0 2 0 2 3 1 0 1 2 0 0 2 2 2 3 2 3 0 1 2 0 3 3 0 0 3 0 3 0 3 3 1 1 3 0 3 1 1 3 2 2 0 0 2 1 0 2 1 0 1 2 2 2 0 0 1 0 0 2 3 1 3 1 0 0.5050331783 2
1 0 3 1 2 0 3 1 3 3 3 0 2 2 0 2 2 3 3 0 0 3 1 3 0 0 1 1 1 0 3 3 1 0 3 1 3 2 1 1 1 0 1 0 3 1 3 2 2 0 0 1 1 2 1 3 1 0 0 2 0 0 2 1 0.3133855929 2
1 2 0 2 1 1 0 0 2 2 2 0 2 3 1 1 3 0 3 0 0 3 1 3 3 2 1 0 0 0 3 3 3 1 1 1 1 2 0 0 3 2 1 1 3 0 1 3 3 2 2 3 0 3 2 1 0 0 0 1 1 3 2 3 0.2808421696 2
1 3 3 2 0 3 0 0 2 2 2 2 1 2 1 0 0 2 2 3 0 3 2 3 3 2 1 0 3 2 3 2 3 3 3 3 2 1 0 0 2 2 0 3 0 0 3 1 1 0 3 2 3 0 3 0 2 3 1 3 3 0 2 3 0.3937445903 2
0 3 1 0 3 0 3 3 2 3 3 0 2 0 1 2 0 1 3 3 0 3 3 0 3 3 1 3 2 2 1 0 3 2 2 1 3 2 3 1 0 2 0 2 3 3 3 0 2 2 1 1 1 1 1 1 2 0 3 2 0 2 2 2 0.3035834115 2
3 1 0 3 2 3 3 2 3 2 1 3 1 0 0 1 1 1 3 1 3 0 2 0 2 0 0 1 1 0 3 0 3 0 0 1 2 3 3 0 1 1 2 3 2 2 1 3 2 3 1 1 0 0 2 1 2 2 3 3 0 3 2 3 0.388756727 2
3 2 1 3 3 0 0 1 1 1 3 0 1 2 2 1 2 2 3 1 3 2 0 3 0 2 2 2 1 3 3 0 1 2 3 1 0 0 2 3 1 1 1 1 3 2 3 1 2 3 3 3 3 0 1 3 1 1 0 2 1 3 2 2 0.3489347692 2
3 1 1 2 3 0 3 2 1 1 2 2 1 2 1 1 0 0 0 0 1 2 0 3 3 0 1 3 3 1 1 1 0 2 1 1 1 2 3 2 0 0 0 2 1 3 2 2 0 0 1 0 1 2 2 0 1 1 1 2 3 0 3 0 0.4367434003 2
1 3 0 2 1 2 0 3 0 0 0 3 0 3 2 1 0 0 0 2 1 3 3 3 0 3 1 1 2 0 1 3 2 0 2 0 0 2 3 1 0 1 0 2 2 2 0 0 2 3 3 2 2 2 1 2 2 3 0 3 0 2 2 1 0.4428468021 2
3 0 0 0 2 1 3 1 3 0 3 2 3 2 1 3 2 1 3 2 3 3 2 1 2 0 0 2 3 2 1 2 0 1 0 1 2 3 0 1 3 1 1 3 1 3 2 1 2 0 3 3 0 3 0 0 1 3 1 0 0 0 2 0 0.3381846469 2
2 0 2 0 1 3 3 2 0 0 2 2 3 2 0 3 1 3 0 3 3 2 2 0 3 1 1 3 1 1 2 3 0 1 2 0 2 0 0 2 3 3 2 1 2 0 1 2 3 1 2 1 1 0 2 0 0 1 1 1 3 2 1 3 0.3055166403 2
0 3 0 1 0 1 1 1 2 2 1 3 1 1 0 2 3 0 2 1 0 3 2 2 1 0 3 3 1 2 0 1 1 1 3 0 3 3 3 0 0 0 3 1 1 1 0 0 2 2 0 1 3 1 1 3 2 0 3 2 2 3 0 1 0.2782031186 2
0 3 3 1 1 1 2 1 1 0 3 3 2 1 2 1 0 1 0 0 1 1 3 3 3 3 3 0 0 2 3 3 2 2 3 1 1 1 1 3 2 0 3 0 0 3 0 3 2 1 0 1 1 2 1 3 2 2 2 0 0 3 0 0 0.2889538491 2
2 0 1 2 3 3 1 3 2 1 0 1 0 2 0 2 2 2 3 0 3 0 1 0 2 3 0 2 2 1 2 3 2 1 3 0 2 2 2 0 0 3 2 1 2 3 3 1 0 0 2 2 3 2 0 1 1 2 2 1 3 0 0 2 0.4932215826 2
2 3 0 0 0 0 3 1 2 2 0 2 2 3 2 1 0 2 3 3 0 2 0 2 3 0 3 3 0 2 1 0 0 3 0 2 3 0 3 1 1 1 2 1 1 3 3 2 0 3 3 1 2 2 1 0 2 0 1 1 2 1 0 2 0.2887244073 2
0 1 0 2 2 2 1 2 2 2 1 2 2 2 3 1 0 0 2 0 0 3 3 3 0 0 1 3 0 2 0 2 1 1 0 0 1 1 3 3 3 3 2 1 0 0 0 3 3 1 3 2 1 0 2 3 2 2 0 1 3 0 0 2 0.3427936754 2
2 3 3 3 0 1 3 1 3 0 2 2 2 0 1 3 3 0 3 3 1 3 0 1 1 2 1 3 3 1 3 0 2 3 1 0 3 2 0 2 0 0 3 1 0 2 2 0 3 2 0 1 1 0 2 2 1 0 3 0 1 3 3 0 0.5822647419 2
3 3 3 3 3 2 0 1 1 0 3 2 2 1 2 0 3 1 0 1 2 1 3 0 1 0 1 3 0 3 2 0 0 2 1 1 2 0 0 1 2 2 3 2 2 1 1 1 0 1 1 2 3 1 1 3 0 2 2 0 2 3 2 2 0.2898979486 2
2 2 0 1 0 3 3 2 2 3 1 3 2 2 1 2 1 0 2 0 2 0 0 3 2 3 1 0 0 1 0 0 3 2 0 0 2 0 1 2 3 1 3 3 0 1 1 1 2 3 0 1 1 0 2 2 2 3 3 2 1 3 2 1 0.2952395024 2
3 1 3 0 1 1 1 1 2 3 3 3 1 2 1 2 3 3 2 2 0 3 2 2 2 0 0 1 0 3 3 0 1 2 0 1 3 0 3 3 1 2 2 3 0 0 0 3 0 2 2 2 0 0 0 0 2 2 3 0 3 3 3 2 0.3102148911 2
3 2 1 1 1 0 0 3 2 2 1 0 1 1 2 0 0 2 1 3 1 0 0 3 0 2 0 1 0 1 3 3 1 0 0 2 3 3 3 3 0 3 2 1 3 3 0 2 3 1 0 3 3 3 3 3 2 1 0 1 2 1 0 2 0.363892531 2
1 3 2 0 1 2 1 2 0 0 3 0 0 3 2 0 2 0 3 3 2 3 2 2 0 3 3 0 3 1 1 1 3 0 3 1 1 2 3 2 1 3 2 2 3 3 1 3 0 2 1 2 0 0 2 3 1 1 2 3 1 1 0 3 0.3496707166 2
1 0 3 1 2 1 3 0 3 3 0 2 1 0 1 3 0 3 0 1 3 1 0 2 3 2 3 0 0 3 2 0 1 0 0 1 2 1 3 3 3 0 2 3 1 2 0 0 1 2 1 1 0 2 0 0 2 1 1 2 1 2 2 0 0.3044427664 2
0 0 1 1 1 1 0 0 2 0 1 3 1 2 3 1 1 2 3 2 3 2 2 2 2 3 3 1 0 0 0 1 0 1 1 3 3 2 0 1 3 3 1 3 1 1 2 0 0 0 0 2 2 2 2 2 2 3 3 0 2 1 1 2 0.3762779394 2
2 2 0 1 3 1 3 1 2 0 0 0 0 3 2 3 0 1 3 1 0 3 0 3 0 3 3 1 0 3 2 1 1 0 0 0 3 2 3 3 2 2 3 2 0 0 3 1 0 3 2 1 2 0 3 0 2 0 2 1 2 1 0 1 0.4574775524 2
3 1 0 1 1 2 1 1 1 2 2 0 2 1 1 2 0 1 2 2 0 0 0 3 0 2 1 2 1 3 3 1 1 1 3 1 2 1 3 1 1 3 0 2 0 2 1 1 3 0 2 2 1 0 1 1 1 1 1 3 1 0 3 0 0.3605768981 2
2 2 3 1 2 1 0 2 0 0 2 0 1 0 1 2 0 2 2 1 0 0 3 0 3 3 3 1 3 3 2 2 3 2 3 0 2 1 2 1 1 0 1 0 2 2 3 3 1 0 0 2 0 0 2 1 2 1 0 3 2 2 2 3 0.2888295623 2
0 3 3 2 0 0 3 1 3 2 1 2 1 1 2 0 1 0 0 1 3 0 1 0 2 3 3 3 0 0 0 1 1 2 0 0 1 1 3 0 0 0 3 2 3 2 0 3 0 2 3 1 2 3 3 2 2 2 0 3 2 1 2 2 0.3047249352 2
2 1 0 1 2 3 3 0 2 2 1 3 1 1 0 0 1 2 3 2 1 0 1 0 0 0 1 2 3 3 0 3 1 0 2 0 2 3 1 1 0 0 3 2 0 1 0 1 3 0 0 3 0 1 1 0 3 2 2 0 0 3 3 3 0.282163914 2
2 1 3 3 2 0 1 2 1 0 3 1 1 1 0 1 1 3 3 2 3 2 2 0 2 2 3 0 3 0 3 1 0 1 1 2 3 3 0 0 0 3 1 1 1 3 3 2 3 2 1 0 1 0 1 0 1 1 3 1 0 3 2 0 0.3214509738 2
0 1 3 1 0 3 3 2 1 2 1 2 1 0 0 0 1 1 0 0 3 3 1 2 1 1 3 2 3 3 1 2 2 3 0 2 2 2 1 3 1 1 0 2 1 1 3 2 1 3 1 3 0 2 0 3 3 1 3 0 3 1 0 3 0.3516237889 2
1 1 3 1 0 3 1 2 2 2 1 3 3 1 3 2 0 0 1 2 3 0 1 3 3 2 1 1 3 0 1 2 2 0 2 3 0 0 0 1 2 3 1 0 0 0 0 2 2 3 0 0 3 3 1 1 3 2 3 1 1 2 0 3 0.3238107005 2
0 1 0 2 0 3 1 1 3 3 2 1 0 0 3 3 3 1 1 0 1 1 3 3 2 1 0 2 0 3 1 2 3 3 3 1 3 0 2 1 1 2 2 1 0 1 1 0 0 2 1 0 0 2 0 0 3 1 1 1 1 0 1 0 0.4932215826 2
2 1 3 0 0 0 1 2 0 3 0 3 2 1 3 1 3 2 3 2 2 2 3 0 0 3 0 2 3 0 1 3 2 2 3 2 0 3 2 1 1 0 0 1 2 1 2 2 2 0 0 3 0 2 0 0 3 0 0 3 1 2 0 2 0.2942840346 2
2 2 2 3 0 0 1 1 3 1 0 3 0 2 3 3 0 1 0 1 1 1 3 2 3 1 3 3 2 1 1 1 1 2 2 3 2 0 3 0 3 0 3 3 3 3 1 2 2 2 1 1 2 0 0 2 2 2 0 0 3 1 1 0 0.5947029057 2
1 0 0 0 3 1 3 0 3 1 3 2 3 1 3 3 2 2 2 0 1 2 2 0 3 1 2 1 1 3 1 2 2 1 0 3 1 3 1 0 0 3 1 0 1 1 1 3 2 2 3 0 2 0 3 3 3 1 2 1 3 1 2 1 0.2972334984 2
3 2 1 1 3 0 3 0 3 2 3 0 0 2 1 0 0 3 1 1 0 2 1 3 1 3 1 1 3 3 2 1 3 3 1 1 2 0 1 2 3 2 2 0 2 2 0 2 2 3 0 3 1 0 0 3 3 1 0 0 0 2 2 2 0.3418020796 2
1 3 0 0 1 0 1 0 0 0 0 3 3 2 0 0 2 0 3 3 0 1 2 0 0 2 2 3 3 0 3 2 3 2 3 0 0 3 3 2 2 1 3 1 2 0 3 1 3 3 1 3 0 1 0 1 0 1 3 0 1 3 0 0 0.3138906654 2
1 3 0 3 3 2 0 0 3 2 0 1 1 0 0 2 3 3 2 1 3 0 0 1 2 3 2 1 2 2 3 1 2 3 1 0 0 3 0 0 3 0 2 3 0 1 2 0 0 0 3 0 1 2 0 0 0 1 1 0 2 2 2 2 0.4472135955 2
3 1 0 2 3 2 0 0 0 1 2 0 1 0 3 0 3 3 0 0 1 1 0 3 1 2 2 0 0 2 0 2 2 2 3 1 2 2 3 1 1 1 0 1 0 1 1 0 3 1 2 0 3 0 2 3 1 0 0 2 1 1 3 2 0.3134716707 2
1 2 0 0 0 3 2 0 2 2 3 1 2 0 0 0 3 0 2 3 2 0 2 3 1 3 1 3 2 0 1 0 0 1 0 2 2 1 3 3 0 2 0 2 0 1 0 3 2 2 3 1 0 1 1 3 2 3 2 2 2 0 0 2 0.388756727 2
0 1 1 2 2 3 2 3 2 2 1 3 3 2 3 2 3 0 0 3 1 1 2 2 0 2 0 3 1 2 1 3 2 3 0 0 0 3 1 1 3 1 0 1 3 0 0 3 3 0 2 3 2 3 1 3 1 2 2 2 3 3 2 2 0.3053105419 2
1 3 3 3 3 1 0 0 0 3 2 2 2 2 0 3 0 0 1 1 0 1 1 3 1 3 2 3 3 1 0 2 3 3 3 1 3 0 3 0 2 2 2 3 3 1 0 3 1 3 0 3 0 0 0 1 2 0 1 2 3 0 1 2 0.3183767839 2
0 2 1 2 3 1 3 1 1 0 3 2 0 0 3 0 0 1 3 2 3 3 0 3 0 2 2 1 1 1 1 2 1 3 0 1 2 3 3 3 0 3 1 0 3 3 3 1 2 3 2 1 2 3 0 0 1 0 1 0 0 2 3 3 0.2906978689 2
1 2 1 0 2 0 0 2 1 0 1 1 3 0 2 3 0 3 2 2 3 2 2 3 1 3 2 3 3 3 2 1 2 1 2 1 2 3 0 1 0 2 0 1 2 1 3 2 1 3 3 2 1 2 3 2 1 2 1 2 3 3 2 0 0.3210538243 2
0 0 0 0 0 0 0 3 2 1 1 2 3 2 3 1 2 1 3 1 0 2 0 3 2 1 3 1 2 1 3 3 0 0 1 3 1 2 2 0 0 3 3 2 1 3 0 1 1 0 0 3 1 2 3 2 3 3 0 0 1 0 3 3 0.3572822687 2
2 2 0 3 3 3 3 2 1 3 1 0 1 3 3 0 3 1 0 3 0 1 2 3 2 3 1 2 2 2 0 3 2 3 1 0 2 3 3 3 2 0 0 1 0 1 0 0 3 2 0 0 1 1 1 0 1 1 1 3 1 3 0 1 0.2936987778 2
3 3 1 3 3 1 2 2 2 1 3 3 3 2 3 1 2 1 2 3 3 2 1 3 2 0 3 3 3 2 2 3 3 3 2 0 1 2 2 0 3 1 2 2 3 1 1 0 2 1 0 1 0 1 3 0 2 3 0 1 0 3 1 0 0.3613164298 2
2 0 0 1 1 2 1 1 3 3 1 3 1 0 0 1 1 1 2 0 1 2 0 2 2 0 0 3 1 1 0 2 1 1 3 2 2 3 2 0 1 1 2 2 0 1 1 2 2 1 3 0 0 3 0 0 2 2 1 3 3 2 3 0 0.3280236425 2
2 0 0 0 3 2 3 0 3 2 0 2 1 3 2 0 3 3 2 0 0 2 3 3 0 0 0 3 3 2 0 1 1 3 1 3 1 2 0 3 1 2 0 3 1 2 2 0 0 1 3 2 2 2 1 2 1 3 2 0 1 3 0 2 0.3142042283 2
1 0 2 0 0 1 2 1 1 3 0 2 1 0 2 1 3 3 1 3 0 1 1 1 2 1 2 0 1 1 3 0 0 1 3 2 1 3 1 0 3 0 0 2 3 2 0 0 2 0 2 0 3 2 0 0 3 1 3 0 2 2 1 3 0.3183767839 2
2 0 2 2 3 0 2 2 0 0 3 0 0 2 0 2 2 2 2 2 1 3 1 0 2 1 2 3 3 2 3 0 1 3 1 3 0 2 2 2 1 0 0 2 2 1 2 1 2 3 3 0 2 0 0 2 0 1 3 3 0 1 1 0 0.3243766076 2
0 3 0 0 2 2 0 0 0 3 3 0 1 2 0 0 1 3 2 1 1 0 2 3 1 1 1 0 2 2 0 2 2 2 3 3 3 3 2 1 1 2 2 0 3 2 0 2 3 0 3 2 2 1 2 3 3 3 1 2 1 2 2 3 0.5016115226 2
3 0 1 1 1 3 0 1 3 0 1 1 0 2 1 3 3 1 0 1 0 0 2 0 3 3 1 3 2 1 1 2 1 2 2 1 0 2 2 3 2 1 1 1 1 1 2 2 2 1 3 0 0 3 3 2 1 1 0 2 2 1 3 0 0.2989055052 2
1 1 1 3 0 1 3 0 0 1 3 1 0 2 1 2 0 2 0 1 3 1 2 2 1 2 1 3 1 2 2 0 0 3 1 3 3 0 1 0 0 3 2 2 2 3 1 3 3 2 1 1 0 3 3 1 1 2 3 0 0 1 2 0 0.9269460638 2
1 3 1 3 0 1 1 2 2 1 1 0 1 2 1 2 2 2 3 1 3 3 0 3 0 2 1 2 3 3 0 3 1 1 3 3 0 2 1 2 3 1 0 2 0 3 0 3 3 2 3 3 1 2 2 0 3 2 1 2 0 0 3 3 0.3122987644 2
3 1 1 1 3 3 1 2 2 1 1 3 1 1 3 3 3 2 2 3 1 2 1 3 2 0 3 1 3 2 3 1 3 0 3 2 1 3 2 0 0 3 2 2 1 1 1 0 2 0 1 3 0 3 1 0 3 1 2 0 2 1 3 0 0.3193901603 2
2 3 2 2 0 0 0 0 3 1 0 3 0 3 0 0 0 1 0 2 3 0 3 1 3 3 3 3 1 2 1 0 3 3 1 2 1 3 3 3 3 2 0 2 1 3 0 0 2 1 1 1 2 2 0 1 2 3 0 0 0 2 0 3 0.4154395283 2
2 2 0 3 3 3 2 1 0 3 3 0 0 0 1 0 1 1 3 0 0 1 3 1 0 1 2 2 1 1 1 1 1 3 2 0 1 0 0 2 0 0 1 2 2 2 0 1 0 2 1 2 3 2 2 3 2 2 1 3 2 3 0 1 0.3362505861 2
0 1 0 3 1 0 2 3 1 3 1 3 0 2 1 0 1 3 2 2 3 3 2 2 2 0 1 0 3 3 0 1 0 3 3 0 1 1 2 2 2 2 1 2 3 2 2 1 2 3 0 1 0 0 3 0 0 1 0 1 2 3 0 1 0.3582201532 2
3 3 3 3 0 0 3 2 3 2 0 2 1 1 1 0 1 1 3 0 2 2 2 2 0 2 0 2 1 1 1 3 3 1 0 1 2 3 0 3 2 2 2 0 0 1 3 2 0 2 2 1 0 0 2 0 3 3 2 2 1 0 3 3 0.4000414161 2
3 2 1 0 0 3 3 2 1 1 2 2 1 1 2 1 1 3 3 0 1 2 1 3 1 1 1 0 3 3 1 1 3 2 3 1 0 0 0 1 3 3 2 1 2 2 2 3 0 0 3 3 1 2 0 0 1 0 3 1 0 0 0 1 0.3073318665 2
1 0 3 0 1 3 1 1 0 2 1 2 1 3 2 3 0 0 3 1 0 3 2 3 0 0 1 1 3 2 0 2 3 2 2 1 1 3 0 2 3 0 1 3 3 0 3 1 2 3 1 1 2 0 1 3 2 1 0 3 0 1 1 0 0.6599561434 2
2 1 1 0 1 1 2 2 1 2 1 1 0 1 1 2 2 0 3 1 0 3 2 0 0 2 1 3 1 0 1 3 2 0 1 0 1 2 3 2 0 3 1 1 0 0 2 0 2 0 0 0 2 1 2 2 0 2 3 0 1 0 0 0 0.3018893954 2
2 0 1 2 3 1 3 3 0 3 1 0 2 0 1 3 3 2 1 2 1 0 2 2 3 3 3 1 1 2 3 1 2 0 2 0 2 0 1 3 2 1 1 3 1 0 1 2 2 0 3 1 3 1 0 3 3 3 3 3 1 2 1 0 0.2898979486 2
0 3 1 1 0 0 0 2 2 1 0 1 0 2 1 2 1 2 2 0 1 1 2 3 3 3 0 2 0 1 0 0 0 0 3 1 0 3 0 3 0 2 1 0 2 2 2 1 2 0 0 2 2 0 2 1 1 0 3 0 3 0 1 0 0.3484826572 2
3 2 3 0 1 3 3 1 1 3 3 2 1 0 1 0 2 3 1 0 1 2 3 2 3 3 1 1 2 2 1 2 1 3 3 0 1 2 3 3 3 2 3 1 1 2 1 3 3 1 2 0 3 3 0 2 3 3 0 1 0 0 1 1 0.387499617 2
3 3 2 3 3 3 2 3 0 2 3 2 0 2 0 0 0 0 2 2 3 2 2 1 2 2 1 1 2 1 2 2 1 2 0 1 0 3 2 1 1 3 3 3 0 3 3 2 2 0 2 2 1 3 2 0 2 0 1 1 2 1 3 1 0.3287171837 2
2 3 1 1 0 1 0 2 1 0 2 0 2 2 0 2 1 1 0 2 2 2 2 1 0 0 0 3 1 0 1 1 3 1 2 3 1 3 0 3 3 3 1 3 3 1 3 3 3 1 3 1 1 0 3 0 2 3 1 0 3 2 1 0 0.3120240829 2
3 2 3 1 2 1 0 0 2 1 1 0 2 0 3 2 1 0 1 1 0 1 0 3 3 1 2 0 1 1 0 1 1 0 0 1 1 0 3 0 1 3 3 2 0 2 1 3 1 1 3 1 1 0 3 0 1 3 0 0 1 0 1 0 0.5861637484 2
1 2 1 1 0 0 0 2 2 0 1 0 1 3 0 3 0 3 2 1 0 2 3 0 2 0 1 0 0 0 0 0 1 0 1 0 2 2 0 3 0 3 2 2 3 1 1 1 3 2 1 3 2 1 1 3 2 1 1 2 3 3 3 2 0.297792123 2
1 0 0 1 1 1 3 1 0 2 0 0 3 3 0 1 2 3 1 1 3 1 1 1 1 2 3 1 1 0 3 3 0 3 0 1 0 3 2 0 0 0 1 3 0 3 3 1 2 0 0 2 3 0 0 2 2 1 3 3 1 2 3 0 0.3890556606 2
0 2 3 0 1 1 2 1 2 1 2 3 3 0 3 3 2 2 3 1 3 3 2 3 0 2 1 2 1 2 0 2 2 0 2 0 2 3 2 0 3 2 0 0 1 1 1 1 1 2 0 1 2 2 1 1 3 2 2 3 3 1 0 0 0.4947997426 2
2 2 2 3 0 2 1 1 1 2 3 3 2 1 0 0 1 0 2 0 2 3 0 2 1 2 2 1 2 2 1 3 2 3 0 2 3 3 0 1 2 2 3 1 0 2 1 0 2 2 1 0 2 1 2 2 0 2 0 1 3 0 0 3 0.4149696636 2
0 2 1 1 2 0 2 2 1 3 1 3 0 0 2 1 1 2 2 2 3 1 0 3 2 2 2 2 2 1 0 1 2 1 2 3 2 2 0 0 3 0 3 2 1 1 2 3 3 3 3 0 1 3 2 0 1 1 2 3 1 1 2 0 0.2810337023 2
1 3 2 3 3 2 3 0 2 2 3 1 1 2 0 0 1 2 3 1 0 3 3 3 3 1 1 0 3 2 2 2 1 3 1 3 2 0 1 0 3 2 0 3 1 2 0 2 1 0 3 0 2 2 1 3 1 2 3 0 2 2 2 2 0.3102148911 2
2 2 3 1 1 2 3 1 3 1 3 3 0 1 3 1 0 1 0 2 1 2 0 2 0 1 0 0 1 0 0 3 1 3 1 1 3 0 0 3 1 0 0 1 2 3 0 3 3 2 1 0 0 2 3 3 3 0 3 2 0 3 1 0 0.305723218 2
3 3 2 3 3 1 0 1 0 3 3 1 1 0 1 0 0 3 3 1 1 0 2 0 3 2 2 0 1 0 0 1 1 1 3 2 2 1 1 1 2 2 3 1 2 3 1 0 2 2 2 1 0 2 0 0 0 1 1 3 1 2 3 2 0.283507006 2
0 1 1 0 2 1 3 2 2 2 0 0 1 1 0 0 3 3 0 2 1 0 2 1 1 1 0 1 1 2 3 0 2 2 2 1 2 3 3 3 0 3 0 3 0 2 1 2 0 1 1 0 1 1 0 2 2 3 2 0 3 2 0 2 0.3496707166 2
1 1 1 0 0 0 3 3 2 2 1 2 3 1 1 2 1 0 2 2 0 1 0 2 0 2 2 3 0 2 2 3 3 3 3 2 0 0 2 0 0 3 2 0 3 3 2 0 2 0 1 2 0 1 3 0 1 1 1 0 3 0 0 1 0.3060139108 2
2 2 0 0 1 0 1 1 1 1 1 3 2 1 1 0 3 3 2 2 2 0 2 3 2 3 3 3 1 2 3 2 0 3 2 1 2 2 3 3 2 3 1 2 0 0 3 1 3 2 3 2 3 3 3 1 1 1 3 2 1 2 3 3 0.2804379536 2
2 3 3 1 2 1 2 0 1 2 2 3 1 3 2 2 1 0 1 3 0 3 1 0 0 3 1 0 2 3 2 0 0 2 0 2 2 3 3 2 1 0 0 0 2 0 3 1 1 2 2 0 1 0 2 3 0 3 0 0 1 0 2 0 0.4101114678 2
2 0 2 1 1 2 3 0 2 0 0 2 2 3 1 2 0 0 3 2 3 0 0 2 1 2 1 2 3 3 0 1 1 0 0 1 0 3 0 0 1 1 2 1 0 3 1 2 2 3 1 3 0 3 0 0 2 0 3 2 0 2 3 0 0.452072287 2
2 2 2 2 0 2 2 3 2 0 3 0 0 0 2 2 0 1 2 1 3 2 3 3 1 3 1 1 1 2 0 3 3 2 0 0 1 0 3 2 1 1 2 3 3 3 2 1 1 1 2 2 1 0 2 1 0 3 1 2 3 0 0 3 0.3677140975 2
3 1 1 0 2 1 0 3 1 0 3 3 2 3 0 0 1 1 2 0 1 1 0 0 3 0 2 0 2 2 3 1 0 3 0 1 0 0 0 3 2 3 1 1 3 1 1 0 0 0 2 1 3 3 2 0 3 1 3 2 1 0 3 0 0.485324478 2
3 1 3 2 2 3 2 2 0 3 2 3 0 3 0 1 2 0 3 2 1 2 3 3 3 0 0 1 1 1 3 2 0 1 1 0 1 3 0 1 2 0 1 2 0 1 3 3 0 1 2 1 0 2 1 3 0 2 3 1 2 3 1 1 0.2817532212 2
0 1 0 2 1 3 0 1 0 0 3 3 1 0 3 0 0 1 2 0 2 2 0 2 0 0 2 3 2 3 3 3 0 1 0 2 2 0 3 0 2 2 0 3 2 1 3 3 2 2 2 1 0 0 0 1 1 0 1 2 2 1 2 1 0.2898979486 2
2 0 2 1 1 1 0 0 2 3 0 3 1 3 0 0 3 2 0 3 1 0 0 2 2 2 2 3 1 3 2 3 2 1 0 3 3 0 0 2 1 0 3 2 1 1 1 3 3 0 3 3 1 0 3 2 3 2 1 3 1 1 1 2 0.2873598197 2
0 2 3 1 2 2 2 3 3 3 0 1 3 0 1 2 1 0 0 2 0 0 1 2 0 2 3 0 3 3 1 0 2 2 2 1 0 3 1 3 3 2 3 1 2 2 0 0 1 2 3 2 1 1 1 2 0 0 1 3 3 0 2 0 0.3368379335 2
1 0 2 3 1 2 0 3 2 2 0 1 3 2 3 0 0 3 3 1 1 1 2 0 3 2 1 1 3 3 2 1 3 3 2 3 1 3 2 2 1 0 1 3 2 3 0 2 2 3 0 0 3 2 1 0 2 1 3 3 3 2 0 3 0.3102148911 2
0 3 1 3 1 0 1 0 3 2 2 1 3 3 3 0 0 3 3 2 1 2 2 3 0 0 3 0 0 2 1 0 2 3 3 3 2 1 1 2 3 0 2 3 2 2 3 2 1 2 3 1 2 0 0 0 2 0 3 1 1 1 2 3 0.4005789411 2
1 3 1 3 0 3 1 0 0 0 1 3 3 0 0 2 3 2 3 0 1 0 3 0 1 3 1 3 3 2 3 3 1 2 2 1 0 2 0 0 2 1 1 2 0 1 0 1 2 2 2 1 0 3 3 0 1 1 2 3 2 0 0 2 0.3835303427 2
3 3 1 2 0 1 2 1 3 0 1 3 0 2 2 1 3 1 3 1 0 2 1 0 1 1 2 3 2 1 2 3 2 3 0 3 3 2 2 2 0 1 3 0 1 2 3 2 3 3 3 2 2 3 0 0 2 2 0 1 3 2 2 2 0.4142135624 2
2 3 3 3 2 0 3 1 0 1 2 0 2 2 0 1 3 1 2 3 3 0 0 2 2 3 3 0 1 1 2 0 3 2 2 2 1 2 2 2 2 2 1 1 2 0 3 2 2 2 0 1 1 1 3 1 0 1 0 3 0 3 2 1 0.3246308055 2
2 0 1 1 3 1 3 2 2 2 0 3 1 2 2 1 2 2 3 0 1 1 2 1 2 2 3 3 2 0 3 2 2 0 1 1 1 3 3 0 2 0 2 2 3 2 0 0 0 2 0 3 2 2 1 3 0 2 3 1 0 0 0 2 0.3157755779 2
1 3 3 2 0 3 1 2 1 0 0 1 0 1 0 1 0 0 0 1 2 2 3 0 0 0 1 3 0 2 1 1 2 3 1 1 2 3 3 3 3 3 1 3 2 0 2 3 2 2 0 0 1 0 0 0 0 0 2 3 0 2 2 1 0.3612288583 2
0 2 2 3 2 3 0 1 2 2 2 3 2 1 2 0 3 0 3 2 1 1 1 2 0 0 3 3 3 0 1 2 2 2 0 1 0 2 3 0 3 0 0 0 1 3 2 2 3 1 2 1 1 2 1 0 3 0 0 2 3 0 2 1 0.6670121829 2
2 2 0 3 2 3 0 3 3 2 2 2 2 1 1 2 1 3 0 3 0 3 0 0 2 3 2 3 0 2 1 1 0 1 0 3 0 1 0 3 0 3 2 3 3 0 0 0 1 0 2 0 3 2 1 0 1 1 3 1 3 3 0 3 0.3326052574 2
3 0 3 2 0 0 2 3 1 3 2 1 1 0 0 0 0 3 3 0 3 2 2 2 1 0 1 1 3 3 0 3 3 2 3 1 2 1 0 3 1 3 0 1 0 0 3 2 2 2 0 0 3 2 2 1 1 3 1 2 3 3 0 0 0.3562772066 2
3 3 0 0 0 1 3 2 0 3 2 1 3 1 2 3 1 3 1 0 0 0 2 0 0 2 0 3 3 0 3 3 0 1 1 1 3 0 1 3 2 0 3 1 0 3 0 1 2 1 3 1 0 1 2 1 2 2 3 2 3 1 3 1 0.3787174939 2
0 1 0 2 3 0 3 2 1 0 2 1 0 3 3 3 0 3 3 1 2 0 1 2 2 0 1 0 3 1 1 2 1 2 2 1 1 1 3 3 2 1 1 1 1 1 1 3 2 2 0 1 3 0 0 1 3 3 0 3 0 3 3 1 0.2905903787 2
0 3 3 1 3 2 0 0 3 3 3 2 0 1 3 3 1 0 1 0 0 2 2 0 0 2 3 2 1 0 2 2 2 2 1 1 3 1 1 1 0 1 2 1 2 1 1 1 0 3 2 0 2 1 3 0 3 1 3 0 0 2 2 0 0.2932281927 2
2 2 1 2 0 1 2 1 1 2 0 3 2 2 3 3 3 0 3 1 1 2 3 0 1 0 0 3 0 1 3 1 1 0 3 0 1 3 2 0 2 2 1 3 2 0 2 0 2 2 1 3 0 0 3 0 0 3 3 1 2 3 3 0 0.3126595927 2
2 0 1 3 0 1 3 2 1 0 1 2 2 0 1 0 2 3 0 3 1 2 0 2 1 2 3 1 2 1 0 2 3 2 1 3 1 2 2 3 2 1 2 1 0 2 3 0 1 1 3 3 0 1 0 3 3 3 1 3 1 0 3 0 0.3364806498 2
0 0 1 2 2 1 3 2 3 2 1 0 2 1 3 3 2 3 2 3 1 1 0 2 3 2 2 1 1 1 0 1 2 0 1 0 3 0 0 0 2 0 2 1 1 1 3 3 2 2 3 1 3 3 3 1 2 1 0 0 0 0 0 3 0.317756027 2
2 0 3 2 3 0 0 1 1 1 1 2 0 1 2 1 0 1 0 2 0 0 1 0 3 0 2 1 2 2 2 2 3 2 0 2 1 3 2 1 0 0 1 1 0 2 3 1 3 2 3 2 0 2 1 2 1 3 2 3 0 1 0 2 0.3629008246 2
2 3 0 0 1 1 3 3 0 1 2 0 3 2 1 0 0 2 0 0 3 1 1 1 1 0 3 0 3 3 2 3 1 0 2 2 1 1 1 3 2 1 0 2 0 0 1 1 1 3 1 0 0 2 1 3 2 3 2 3 3 3 1 3 0.2881759286 2
0 0 2 1 1 3 3 0 2 2 2 3 0 0 2 0 2 1 3 1 1 0 1 3 1 3 1 1 1 2 2 0 3 3 1 1 1 2 1 1 1 1 3 3 3 0 1 0 3 2 3 1 1 2 3 1 2 2 2 0 2 2 0 0 0.3835303427 2
3 2 3 2 0 0 2 3 2 3 2 1 1 2 2 1 0 3 0 1 3 3 0 3 1 2 2 1 3 1 1 2 1 2 0 1 3 3 0 3 1 1 3 1 1 2 2 0 1 1 3 0 0 1 1 3 1 1 0 0 2 3 0 0 0.3519612949 2
0 1 1 1 0 0 3 3 0 1 1 1 3 0 1 0 1 3 2 1 1 2 1 2 1 2 0 0 3 1 2 1 1 2 1 1 3 1 0 0 0 2 1 1 0 2 2 2 3 3 0 2 2 0 3 2 3 0 0 3 1 2 0 0 0.3169050227 2
1 3 2 0 2 1 2 3 0 1 3 3 1 1 0 2 3 0 2 3 2 3 2 3 1 3 3 0 3 3 2 1 2 2 0 1 3 1 2 0 1 1 2 0 2 0 0 3 2 1 3 1 0 0 0 3 1 2 0 0 1 3 2 0 0.3095138673 2
1 1 3 3 1 3 3 0 2 1 1 3 2 0 0 3 3 3 0 0 0 1 2 0 0 0 3 1 1 1 1 3 2 0 0 2 1 1 2 3 3 1 1 0 0 2 3 2 1 0 3 3 0 1 1 3 0 0 2 1 2 0 3 2 0.3102148911 2
2 3 0 1 1 0 1 0 0 0 1 0 3 2 1 1 3 2 0 1 2 0 3 2 0 0 2 2 0 1 1 0 2 2 2 0 1 1 1 2 3 2 3 1 0 3 3 2 0 2 1 1 1 2 2 0 0 3 0 2 3 3 0 2 0.4779036016 2
0 2 0 2 2 1 3 0 3 0 1 1 0 1 2 0 0 0 3 0 2 1 2 0 3 2 1 0 0 2 3 1 2 2 1 0 2 2 0 0 2 1 0 3 2 0 2 1 2 0 3 2 3 0 0 2 3 3 0 2 0 2 1 3 0.4779036016 2
2 2 3 0 0 0 1 2 1 3 1 0 1 0 1 1 0 1 0 3 2 2 3 2 1 3 3 2 3 2 3 2 0 0 0 1 2 2 0 1 2 1 0 3 2 0 3 2 1 1 1 2 1 2 2 1 2 2 2 0 1 1 3 2 0.3568349261 2
2 0 1 1 3 1 1 1 1 1 1 0 3 0 1 2 0 2 2 3 1 2 3 2 3 3 0 1 2 2 0 3 3 0 3 0 2 3 0 2 1 0 1 0 3 1 3 1 1 3 0 1 1 1 2 3 2 3 0 2 1 1 1 3 0.3302867025 2
3 0 1 0 3 0 2 2 0 3 3 1 0 3 1 1 2 2 1 1 0 3 1 1 2 0 2 3 0 2 1 2 0 0 0 1 2 2 3 0 3 2 1 0 0 0 2 0 3 3 1 3 1 3 0 3 0 2 3 3 2 3 3 1 0.2995271242 2
0 3 3 3 1 1 1 0 3 2 0 3 0 3 2 1 2 2 3 2 2 3 0 2 1 3 3 3 2 0 1 1 2 0 1 3 1 3 2 1 3 3 0 1 0 2 1 3 1 0 2 2 1 1 3 0 3 1 3 2 3 2 3 2 0.4000414161 2
0 0 2 3 3 1 0 2 0 2 2 3 2 0 0 2 3 0 3 2 2 1 1 3 1 1 2 0 3 3 2 1 3 2 3 2 3 1 2 2 2 3 3 1 0 1 0 0 3 2 0 1 3 0 2 2 2 0 0 3 0 1 0 2 0.2804379536 2
0 1 1 2 0 0 3 0 0 1 2 3 1 1 0 2 0 0 0 3 1 0 3 3 3 1 1 2 1 2 2 3 2 2 1 2 2 0 0 2 3 0 1 1 0 1 0 3 2 2 2 2 0 0 1 0 0 2 1 2 2 2 2 2 0.304978078 2
3 0 0 2 0 3 0 1 2 0 1 3 0 1 3 2 0 2 0 3 0 2 3 2 0 0 0 1 0 3 3 2 2 1 3 1 3 0 3 0 3 1 0 3 2 1 1 1 0 1 0 2 1 0 2 1 0 1 3 3 2 2 2 0 0.3005423822 2
2 0 2 3 3 3 3 3 2 0 0 1 0 3 3 0 1 3 1 3 0 1 2 1 3 2 3 0 3 1 3 3 0 3 1 3 0 0 2 3 1 0 0 3 3 1 0 3 0 0 1 1 1 2 0 0 0 3 0 2 3 0 2 3 0.3207107694 2
0 0 3 1 1 0 1 3 0 1 3 0 0 3 2 2 1 3 1 2 1 2 1 0 1 1 1 0 2 1 0 3 3 3 0 3 1 0 2 0 0 3 1 1 0 0 0 0 2 0 2 0 2 1 3 0 2 2 3 2 1 2 0 0 0.3244736208 2
2 2 3 1 0 0 3 2 3 1 3 1 3 3 3 1 0 0 3 0 0 3 3 3 1 0 0 2 2 2 0 2 0 1 2 1 3 0 3 1 2 0 0 0 0 0 0 1 1 0 1 3 0 2 0 0 1 3 2 0 1 1 0 0 0.3572822687 2
0 1 3 3 2 0 2 1 0 3 1 1 0 0 2 3 3 2 3 0 2 2 3 2 2 2 0 2 2 0 3 3 1 0 3 2 1 1 0 0 0 1 2 0 3 3 1 1 3 3 3 0 3 2 2 2 2 3 3 0 0 2 2 0 0.3005423822 2
2 1 3 0 1 0 2 2 1 3 2 1 2 3 0 0 0 0 3 3 3 3 2 2 0 0 2 3 3 2 3 3 0 2 2 0 3 3 0 1 2 1 1 1 0 3 0 2 0 2 2 1 1 2 1 0 0 1 0 0 0 2 3 2 0.4365680863 2
0 2 3 1 1 1 3 1 2 2 3 1 1 1 1 3 0 2 2 1 2 2 3 2 3 2 3 3 3 0 3 3 3 2 2 2 1 0 0 3 2 2 3 2 0 2 1 2 1 1 1 3 0 2 2 1 3 1 3 2 0 0 3 0 0.3330545752 2
0 2 1 1 2 0 3 0 3 2 2 3 0 3 2 2 3 0 2 0 3 2 0 0 2 3 0 0 2 0 1 2 1 3 0 2 2 3 3 2 2 3 2 3 2 1 0 2 0 3 2 3 1 2 3 2 1 2 0 0 0 3 3 2 0.3273351788 2
1 0 1 3 0 0 1 2 3 2 3 3 3 0 0 0 3 0 1 2 0 3 1 2 3 3 2 3 1 0 2 1 1 0 3 0 2 3 3 0 0 0 3 2 0 0 3 3 0 0 0 0 3 2 3 0 0 1 0 0 2 1 3 0 0.3393831141 2
2 2 2 2 1 0 2 3 2 1 3 3 1 3 2 2 2 0 0 1 0 2 2 0 2 0 3 0 2 0 1 0 1 1 0 0 0 2 0 3 3 3 3 1 0 2 2 1 2 1 3 3 0 2 3 1 1 1 0 3 2 2 3 3 0.3892408304 2
0 0 3 1 0 3 1 0 0 1 3 2 3 2 3 1 0 3 1 1 1 1 0 1 1 3 2 1 0 2 0 1 1 2 0 2 0 1 1 3 3 1 1 2 1 2 0 0 0 3 0 1 3 0 0 0 0 1 3 2 1 1 0 1 0.4158211051 2
1 1 1 2 1 2 1 3 0 0 0 1 2 2 3 0 0 2 3 0 3 0 1 2 1 0 0 1 2 3 3 2 2 1 3 3 1 1 3 0 3 0 0 0 1 0 3 2 2 1 0 0 0 3 2 2 1 2 1 2 0 1 3 0 0.2898979486 2
3 0 1 2 2 0 1 0 3 0 1 1 1 0 3 0 3 2 2 0 1 2 3 2 3 0 1 3 3 1 0 2 3 1 0 3 2 3 3 3 2 0 1 1 1 1 0 2 1 3 0 1 2 2 2 2 0 2 2 3 2 1 2 3 0.2971110716 2
1 3 2 0 0 0 3 3 2 2 3 1 3 1 1 0 1 3 0 3 0 3 0 3 0 2 2 0 3 3 2 3 1 3 0 2 1 2 0 0 0 0 2 2 0 0 0 1 0 3 1 1 1 2 3 0 3 3 1 2 2 2 0 2 0.2882804047 2
1 3 3 1 2 2 1 2 2 1 3 0 0 0 3 3 1 1 1 2 0 2 2 3 1 1 3 0 3 2 3 0 2 3 3 0 2 3 2 0 2 2 2 1 0 3 0 3 2 2 1 2 3 3 2 2 2 1 1 3 3 1 3 0 0.2987143064 2
3 0 1 2 2 0 1 0 2 3 2 0 1 1 0 0 2 0 1 1 2 1 3 2 1 1 0 3 3 1 1 2 1 0 0 0 1 3 0 0 2 0 0 1 2 2 3 1 1 2 3 0 1 2 1 2 0 0 1 2 2 0 0 3 0.3036605579 2
1 0 3 2 2 2 0 1 0 2 2 1 0 3 3 2 1 0 3 3 1 2 3 2 0 3 0 1 2 3 0 2 2 0 3 2 2 2 3 2 0 3 3 0 0 3 2 1 2 0 0 1 1 1 2 2 1 0 3 3 0 1 3 1 0.303304855 2
0 3 2 2 1 3 0 0 0 0 1 0 2 1 1 2 0 0 3 2 1 2 0 3 2 2 1 0 0 3 0 1 0 3 0 1 3 0 1 1 1 1 3 3 2 1 3 2 0 0 0 1 1 2 3 2 1 3 1 2 0 1 2 0 0.309647329 2
2 3 2 0 0 2 2 0 2 3 1 2 0 0 1 3 1 0 2 1 2 1 0 1 3 3 1 3 3 3 1 2 0 0 0 1 1 0 0 2 3 0 2 3 1 0 0 1 1 0 3 3 1 3 0 0 1 1 2 3 2 3 1 1 0.7181509863 2
1 1 2 1 3 3 1 2 1 3 2 1 1 0 1 3 3 2 3 2 1 3 3 2 3 2 0 3 3 0 3 2 2 2 0 1 2 0 2 3 3 2 0 2 0 2 1 2 3 3 0 3 0 2 0 2 0 0 2 2 3 0 1 0 0.4003733123 2
0 1 3 2 3 0 3 2 2 0 0 1 0 1 2 0 0 2 2 3 1 2 1 2 2 3 1 0 0 3 0 1 0 3 2 2 2 0 3 3 3 2 0 1 3 0 0 2 3 1 0 1 0 0 0 1 1 1 0 3 0 1 1 2 0.3000332808 2
3 2 0 2 3 0 1 0 1 1 2 0 3 2 2 0 1 1 0 1 2 1 1 0 2 0 1 0 1 0 1 3 3 3 2 3 2 2 1 3 3 3 2 1 2 1 3 0 1 1 3 3 2 1 2 1 3 3 0 0 0 1 0 1 0.5071671483 2
2 1 2 1 2 2 0 0 3 1 0 3 0 2 2 2 1 2 3 0 0 0 3 0 3 2 2 3 3 1 0 3 3 3 0 3 2 2 2 0 1 1 1 0 2 2 3 0 2 3 1 0 3 1 0 2 2 1 1 2 3 2 0 1 0.3130420969 2
2 3 3 1 0 3 3 0 0 2 2 0 1 2 3 1 2 0 2 1 3 0 2 0 3 1 3 3 3 1 2 1 1 0 3 3 2 1 3 3 1 0 3 2 2 2 1 3 1 0 3 1 3 0 1 2 0 3 0 0 0 0 0 1 0.3890556606 2
1 0 0 1 1 0 1 0 1 3 1 2 0 3 1 1 2 2 2 3 0 3 3 3 2 2 2 1 1 1 1 3 3 1 1 2 2 1 2 1 3 1 1 3 2 0 0 0 1 0 0 1 0 3 2 3 1 0 2 3 1 3 3 0 0.3771399076 2
3 2 3 3 2 3 0 1 2 2 2 2 2 2 0 0 3 2 3 1 1 2 3 2 2 0 3 1 3 0 1 1 2 2 3 0 1 1 2 3 2 1 1 2 0 2 0 3 2 1 3 2 3 0 1 1 0 2 2 3 2 1 2 1 0.4365680863 2
0 2 1 0 0 0 1 0 2 3 3 1 0 0 2 1 3 3 3 2 3 1 2 1 2 3 0 1 3 2 0 3 2 1 2 1 3 1 0 3 3 1 2 0 1 1 0 2 0 2 1 0 3 1 3 3 0 0 2 3 1 2 1 3 0.2930491235 2
0 2 1 2 2 2 3 1 1 1 3 2 1 3 2 3 2 0 3 3 0 3 0 3 3 0 1 1 2 2 3 0 2 3 1 3 2 3 0 0 1 1 3 0 0 2 0 2 3 1 3 1 2 0 1 0 1 1 0 1 1 1 2 0 0.3329888882 2
2 1 1 1 1 3 2 0 1 1 1 3 0 2 1 2 2 3 1 1 1 1 0 3 0 0 2 3 1 0 3 1 2 1 1 1 1 0 1 3 1 0 3 1 3 2 0 2 3 0 2 1 1 1 3 2 1 2 1 2 1 0 2 0 0.7584701927 2
1 2 2 0 0 0 3 1 2 1 0 0 1 3 2 2 0 1 1 1 2 0 2 0 0 0 3 2 1 2 0 2 2 2 2 2 3 2 2 2 2 3 0 2 0 3 2 3 1 2 0 1 2 1 3 3 2 3 2 1 3 3 2 0 0.7293039946 2
3 0 2 1 3 0 0 1 1 2 0 2 0 1 0 2 1 2 3 1 3 0 0 2 2 2 2 3 3 1 0 0 1 3 3 0 3 2 2 3 2 1 1 3 3 3 0 2 2 2 1 0 3 1 0 2 3 1 2 3 2 2 2 0 0.379261948 2
3 1 3 2 1 0 3 1 1 0 1 2 1 2 2 2 0 2 2 0 0 0 2 2 1 1 1 2 2 3 2 0 3 3 3 1 2 1 3 3 1 1 2 2 1 0 3 2 1 3 0 2 0 2 1 3 0 0 1 2 1 0 3 1 0.308950706 2
0 0 3 3 3 2 3 2 2 3 2 3 1 2 3 0 0 2 2 0 0 3 0 3 3 0 1 2 3 3 0 0 1 1 1 0 0 1 2 2 3 0 0 3 3 2 0 1 2 1 3 3 3 1 3 1 0 1 3 3 1 2 2 0 0.3302867025 2
1 3 0 0 3 1 2 2 2 3 2 2 1 2 3 1 3 1 1 0 2 2 1 0 2 2 2 3 3 0 0 2 1 3 3 3 2 3 2 0 1 3 0 2 0 1 0 0 2 3 2 1 1 0 1 2 0 0 0 0 2 2 1 0 0.354867572 2
3 0 0 0 0 1 0 1 0 2 0 2 3 3 3 2 1 0 2 3 2 2 1 0 3 1 3 1 3 2 1 3 2 1 3 1 3 3 0 1 1 2 0 0 0 3 0 0 0 1 1 1 2 2 0 2 3 0 0 0 3 2 1 2 0.3516237889 2
0 2 2 2 1 1 2 1 2 0 3 3 2 0 3 2 1 2 3 0 0 2 3 2 2 3 1 0 0 0 1 1 1 2 3 0 0 2 3 1 1 2 0 2 0 2 2 3 2 3 0 3 3 2 2 3 2 0 1 3 2 1 1 0 0.3357282772 2
2 3 2 1 2 0 1 3 2 2 3 3 2 1 3 2 1 0 0 1 2 2 1 2 2 2 3 0 2 3 3 3 2 3 2 3 2 0 0 2 1 1 2 3 2 3 3 2 0 1 0 2 2 0 0 2 1 2 0 1 0 3 2 0 0.3357282772 2
1 3 1 2 1 2 0 1 1 3 1 2 0 3 0 0 2 0 0 0 1 1 0 0 1 0 0 1 0 0 1 1 3 2 0 0 3 3 3 2 3 1 3 1 0 1 0 0 2 1 2 2 2 0 3 1 1 0 0 0 3 1 0 0 0.4085837192 2
0 1 1 3 2 1 0 3 0 2 1 2 3 1 2 3 0 3 2 3 0 2 0 0 1 2 3 2 1 2 3 3 2 0 1 2 0 3 0 3 1 3 3 1 1 1 1 1 2 3 1 2 2 1 3 2 0 0 2 2 2 1 1 2 0.3210538243 2
1 0 0 0 2 1 1 2 2 3 3 0 2 0 0 2 1 2 3 3 0 2 0 0 0 0 1 3 3 3 3 2 1 3 1 2 3 3 2 0 3 1 3 3 0 0 3 0 2 2 2 0 3 0 0 3 0 0 3 3 2 0 2 0 0.381052982 2
2 3 2 0 3 1 3 0 1 0 1 1 3 3 3 0 1 0 3 3 0 1 2 2 2 1 3 1 2 2 0 3 3 1 2 1 2 2 1 0 0 3 2 1 1 0 2 3 0 0 0 2 3 0 2 1 3 0 1 1 0 1 0 1 0.4565940367 2
0 2 2 3 1 1 1 3 2 2 3 1 0 3 0 1 3 3 0 3 0 2 3 0 0 1 1 3 2 1 3 2 0 0 1 2 2 2 1 1 0 2 0 2 2 2 1 1 3 2 0 2 1 3 1 2 0 2 3 3 0 1 3 3 0.2821868609 2
1 3 2 1 3 1 3 3 2 0 0 2 0 3 3 2 1 3 1 2 0 0 2 2 3 3 0 0 0 3 0 1 2 0 2 0 2 3 3 3 0 0 1 3 0 1 0 0 1 0 0 2 2 1 0 0 1 2 3 3 2 3 1 0 0.6874794375 2
1 2 2 1 2 0 1 2 2 1 2 3 2 1 0 0 3 1 2 1 0 0 2 0 0 0 1 2 1 1 3 1 0 3 3 2 3 1 2 2 2 1 1 0 0 2 3 2 0 2 2 2 3 0 1 3 2 3 3 0 3 1 3 2 0.2999551271 2
0 2 2 1 0 3 0 2 2 2 3 0 3 2 2 3 1 0 3 1 0 2 2 1 3 1 1 3 0 0 3 1 0 0 3 1 3 3 0 0 1 3 1 2 2 2 0 3 2 0 3 3 3 2 2 1 0 2 2 2 0 2 2 3 0.3798092391 2
2 2 2 3 1 1 0 3 3 2 0 0 1 3 3 1 0 0 0 2 3 2 2 0 3 3 3 3 1 2 3 2 3 0 0 0 1 0 0 2 3 3 2 2 1 3 0 2 3 2 1 1 3 2 3 2 2 2 3 1 1 3 3 1 0.4142135624 2
1 3 0 2 1 3 2 0 0 1 2 2 2 0 1 1 1 3 2 1 0 0 3 0 0 3 3 2 1 0 3 2 1 3 1 2 3 1 2 3 3 1 3 3 0 2 1 3 3 1 2 2 1 1 0 3 3 1 1 0 0 2 3 0 0.4196386329 2
2 1 2 2 1 0 2 2 2 2 1 0 1 0 2 2 0 0 1 2 3 1 3 2 1 0 1 3 2 0 1 1 3 0 2 1 1 0 2 0 0 1 1 1 1 1 3 1 0 0 1 3 2 0 1 2 1 3 1 3 2 3 1 0 0.3632784829 2
2 3 0 2 0 3 0 0 1 2 1 3 0 2 0 3 2 3 2 0 1 3 1 1 2 2 2 3 1 2 2 3 3 2 1 3 1 2 3 0 0 1 0 0 2 0 2 1 0 1 3 1 2 3 3 0 2 1 2 2 3 1 0 1 0.2984058257 2
3 3 0 0 2 1 1 3 1 3 2 2 1 0 1 1 0 1 0 0 3 0 3 0 1 2 1 3 2 2 0 0 0 3 1 1 3 0 0 1 1 2 2 0 0 2 2 0 0 2 1 2 2 1 1 0 3 1 2 0 3 1 0 2 0.2938102447 2
0 3 2 2 3 0 1 1 2 3 1 3 0 1 0 0 3 1 0 0 2 1 3 0 2 3 2 1 3 0 0 1 2 1 2 1 2 1 0 0 0 1 1 2 3 3 3 3 2 0 2 1 0 2 0 2 2 3 3 0 0 3 0 2 0.5761411442 2
3 2 3 2 1 0 1 3 1 2 2 3 3 0 0 3 2 1 3 2 3 3 2 3 1 1 2 0 3 3 3 1 0 1 1 3 0 0 3 0 1 0 3 1 3 1 1 0 0 1 0 1 1 0 2 3 2 1 3 0 2 1 3 1 0.2887244073 2
2 2 2 1 2 1 3 1 2 0 1 3 1 1 3 2 1 2 2 2 3 0 2 2 2 2 3 1 1 2 3 1 0 2 0 1 3 3 2 3 0 0 0 1 2 2 1 3 1 3 1 2 3 3 0 3 2 0 1 0 2 3 3 0 0.3340923885 2
